timestamp,time_seconds,accel_x_g,accel_y_g,accel_z_g,gyro_x_dps,gyro_y_dps,gyro_z_dps,temp_c
2026-02-12 18:11:48.135,0.000,0.321045,0.508301,-0.775391,1.565,-2.718,0.252,31.66
2026-02-12 18:11:48.235,0.100,0.316895,0.508545,-0.783691,1.687,-2.870,0.344,31.56
2026-02-12 18:11:48.335,0.200,0.323242,0.509277,-0.781006,1.679,-3.008,0.504,31.46
2026-02-12 18:11:48.435,0.300,0.323486,0.509521,-0.777832,1.916,-2.794,0.046,31.71
2026-02-12 18:11:48.535,0.400,0.324463,0.508545,-0.781250,1.695,-3.031,0.374,31.51
2026-02-12 18:11:48.635,0.500,0.322266,0.508057,-0.780273,1.550,-2.687,0.290,31.66
2026-02-12 18:11:48.735,0.600,0.326660,0.507568,-0.782471,1.634,-2.947,-0.084,31.71
2026-02-12 18:11:48.835,0.700,0.322021,0.505859,-0.780273,1.511,-2.962,0.313,31.71
2026-02-12 18:11:48.935,0.800,0.322021,0.505127,-0.775879,1.710,-2.756,0.313,31.46
2026-02-12 18:11:49.035,0.900,0.320801,0.508057,-0.781982,1.802,-2.985,0.214,31.66
2026-02-12 18:11:49.135,1.000,0.323486,0.508545,-0.778076,1.656,-2.878,0.313,31.56
2026-02-12 18:11:49.235,1.100,0.326172,0.507812,-0.777100,1.702,-2.733,0.023,31.71
2026-02-12 18:11:49.335,1.200,0.325195,0.507324,-0.776367,1.794,-2.718,-0.153,31.22
2026-02-12 18:11:49.435,1.300,0.323242,0.510498,-0.779053,1.634,-2.931,0.504,31.51
2026-02-12 18:11:49.535,1.400,0.320801,0.507324,-0.776367,1.756,-2.725,0.389,31.51
2026-02-12 18:11:49.635,1.500,0.323730,0.507080,-0.783203,1.580,-2.969,0.191,31.66
2026-02-12 18:11:49.735,1.600,0.321289,0.502930,-0.780518,1.718,-2.969,0.176,31.36
2026-02-12 18:11:49.835,1.700,0.320801,0.507324,-0.768066,1.733,-3.031,0.328,31.56
2026-02-12 18:11:49.935,1.800,0.321777,0.507080,-0.777344,1.855,-2.771,0.374,31.66
2026-02-12 18:11:50.035,1.900,0.322510,0.507812,-0.781982,1.588,-2.603,0.344,31.56
2026-02-12 18:11:50.135,2.000,0.322754,0.508057,-0.780029,1.672,-2.611,0.328,31.66
2026-02-12 18:11:50.235,2.100,0.321045,0.507080,-0.782959,1.794,-2.756,0.359,31.71
2026-02-12 18:11:50.335,2.200,0.321533,0.506836,-0.782471,1.809,-2.580,0.130,31.66
2026-02-12 18:11:50.435,2.300,0.320801,0.506348,-0.773193,1.710,-2.962,0.321,31.66
2026-02-12 18:11:50.535,2.400,0.321777,0.508301,-0.781006,1.412,-2.863,0.145,31.36
2026-02-12 18:11:50.635,2.500,0.318359,0.506348,-0.779053,1.718,-2.672,0.435,31.51
2026-02-12 18:11:50.735,2.600,0.324219,0.510742,-0.775635,1.740,-3.214,0.267,31.51
2026-02-12 18:11:50.835,2.700,0.321289,0.507080,-0.783691,1.725,-2.840,0.344,31.51
2026-02-12 18:11:50.935,2.800,0.320557,0.506348,-0.777100,1.802,-2.618,0.443,31.46
2026-02-12 18:11:51.035,2.900,0.322021,0.507080,-0.775879,1.748,-3.000,0.076,31.51
2026-02-12 18:11:51.135,3.000,0.322510,0.505371,-0.778809,1.504,-2.542,0.412,31.56
2026-02-12 18:11:51.235,3.100,0.324463,0.506836,-0.775635,1.740,-2.901,0.359,31.56
2026-02-12 18:11:51.335,3.200,0.322510,0.507324,-0.778320,1.817,-2.863,0.221,31.32
2026-02-12 18:11:51.435,3.300,0.321777,0.507812,-0.779297,1.779,-2.901,0.366,31.71
2026-02-12 18:11:51.535,3.400,0.324219,0.510010,-0.781494,1.733,-2.939,0.290,31.56
2026-02-12 18:11:51.635,3.500,0.321045,0.507568,-0.780029,1.611,-3.069,0.183,31.36
2026-02-12 18:11:51.735,3.600,0.323486,0.505371,-0.779053,1.664,-2.832,0.450,31.66
2026-02-12 18:11:51.835,3.700,0.323975,0.504883,-0.779297,1.626,-2.672,0.321,31.56
2026-02-12 18:11:51.935,3.800,0.324463,0.510742,-0.781250,1.924,-2.794,0.611,31.71
2026-02-12 18:11:52.035,3.900,0.323242,0.507080,-0.776855,1.618,-2.985,0.206,31.51
2026-02-12 18:11:52.135,4.000,0.325684,0.507812,-0.783691,1.710,-2.847,0.046,31.51
2026-02-12 18:11:52.235,4.100,0.322021,0.506592,-0.777100,1.573,-2.977,0.565,31.76
2026-02-12 18:11:52.335,4.200,0.324707,0.507324,-0.775635,1.618,-2.878,0.221,31.66
2026-02-12 18:11:52.435,4.300,0.321533,0.505371,-0.783203,1.695,-2.695,0.198,31.51
2026-02-12 18:11:52.535,4.400,0.321777,0.508057,-0.781494,1.473,-2.908,0.344,31.36
2026-02-12 18:11:52.635,4.500,0.318848,0.504639,-0.774658,1.725,-2.771,0.313,31.56
2026-02-12 18:11:52.735,4.600,0.318115,0.510498,-0.776123,1.473,-2.580,0.046,31.56
2026-02-12 18:11:52.835,4.700,0.322998,0.505859,-0.777100,1.687,-2.679,0.267,31.36
2026-02-12 18:11:52.935,4.800,0.324219,0.504639,-0.780029,1.695,-2.840,0.321,31.51
2026-02-12 18:11:53.035,4.900,0.321289,0.507080,-0.781494,1.626,-2.771,0.191,31.56
2026-02-12 18:11:53.135,5.000,0.323975,0.509521,-0.770752,1.649,-2.748,0.336,31.51
2026-02-12 18:11:53.235,5.100,0.321777,0.506348,-0.782227,1.794,-2.924,0.206,31.76
2026-02-12 18:11:53.335,5.200,0.325928,0.505859,-0.778809,1.679,-2.878,0.038,31.66
2026-02-12 18:11:53.435,5.300,0.320801,0.507324,-0.780029,1.710,-2.893,0.206,31.46
2026-02-12 18:11:53.535,5.400,0.320068,0.506836,-0.774170,1.695,-2.832,0.282,31.66
2026-02-12 18:11:53.635,5.500,0.320801,0.505371,-0.778564,1.626,-2.580,0.176,31.56
2026-02-12 18:11:53.735,5.600,0.321533,0.505127,-0.782715,1.618,-2.908,0.153,31.71
2026-02-12 18:11:53.835,5.700,0.325928,0.507324,-0.778076,2.000,-3.000,0.298,31.76
2026-02-12 18:11:53.935,5.800,0.321533,0.508057,-0.778320,1.740,-2.771,0.305,31.66
2026-02-12 18:11:54.035,5.900,0.324707,0.508545,-0.772705,1.573,-2.924,0.504,31.51
2026-02-12 18:11:54.135,6.000,0.321777,0.504639,-0.784180,1.840,-3.015,0.260,31.66
2026-02-12 18:11:54.235,6.100,0.319336,0.505859,-0.777832,1.725,-2.992,0.443,31.56
2026-02-12 18:11:54.335,6.200,0.320557,0.505371,-0.781006,1.672,-2.679,0.466,31.36
2026-02-12 18:11:54.435,6.300,0.322266,0.507324,-0.781738,1.473,-2.901,0.351,31.56
2026-02-12 18:11:54.535,6.400,0.326416,0.509277,-0.775635,1.847,-2.641,0.397,31.56
2026-02-12 18:11:54.635,6.500,0.321045,0.504639,-0.776123,1.710,-2.779,0.359,31.76
2026-02-12 18:11:54.735,6.600,0.324219,0.505615,-0.780029,1.634,-2.840,0.366,31.36
2026-02-12 18:11:54.835,6.700,0.321777,0.504883,-0.777100,1.664,-2.786,0.290,31.56
2026-02-12 18:11:54.935,6.800,0.325195,0.510986,-0.779297,1.481,-2.534,0.389,31.46
2026-02-12 18:11:55.035,6.900,0.321289,0.507568,-0.782959,1.656,-2.664,0.389,31.56
2026-02-12 18:11:55.135,7.000,0.322754,0.507080,-0.778564,1.634,-2.824,0.298,31.56
2026-02-12 18:11:55.235,7.100,0.324463,0.505859,-0.775879,1.634,-2.832,0.458,31.46
2026-02-12 18:11:55.335,7.200,0.323730,0.507812,-0.770508,1.603,-2.901,0.313,31.71
2026-02-12 18:11:55.435,7.300,0.322510,0.500732,-0.776123,1.595,-2.573,0.069,31.46
2026-02-12 18:11:55.535,7.400,0.322266,0.508057,-0.781250,1.519,-2.763,0.344,31.56
2026-02-12 18:11:55.635,7.500,0.323486,0.507080,-0.784668,1.641,-2.802,0.061,31.71
2026-02-12 18:11:55.735,7.600,0.323975,0.507324,-0.778809,1.817,-3.038,0.473,31.71
2026-02-12 18:11:55.835,7.700,0.326904,0.507324,-0.776123,1.641,-2.756,0.565,31.36
2026-02-12 18:11:55.935,7.800,0.325684,0.507812,-0.779297,1.611,-2.855,0.450,31.71
2026-02-12 18:11:56.035,7.900,0.320557,0.506592,-0.780518,1.656,-2.542,0.366,31.36
2026-02-12 18:11:56.135,8.000,0.324707,0.507324,-0.775879,1.718,-2.725,0.305,31.51
2026-02-12 18:11:56.235,8.100,0.321289,0.508545,-0.777832,1.893,-2.969,0.382,31.51
2026-02-12 18:11:56.335,8.200,0.323242,0.506836,-0.774658,1.542,-2.870,0.466,31.66
2026-02-12 18:11:56.435,8.300,0.320068,0.507812,-0.780518,1.702,-2.840,0.366,31.71
2026-02-12 18:11:56.535,8.400,0.325439,0.503906,-0.778320,1.794,-3.015,0.130,31.56
2026-02-12 18:11:56.635,8.500,0.325439,0.508545,-0.778809,1.802,-2.954,-0.122,31.66
2026-02-12 18:11:56.735,8.600,0.324707,0.502686,-0.773682,1.756,-2.962,0.351,31.76
2026-02-12 18:11:56.835,8.700,0.321533,0.505615,-0.777588,1.916,-2.763,0.214,31.51
2026-02-12 18:11:56.935,8.800,0.319824,0.507568,-0.780273,1.641,-2.824,0.351,31.46
2026-02-12 18:11:57.035,8.900,0.323730,0.509277,-0.777588,1.656,-2.832,0.221,31.71
2026-02-12 18:11:57.135,9.000,0.322266,0.502197,-0.780518,1.779,-2.840,0.107,31.71
2026-02-12 18:11:57.235,9.100,0.324463,0.506592,-0.778320,1.527,-2.481,0.031,31.66
2026-02-12 18:11:57.335,9.200,0.321289,0.504639,-0.782959,1.756,-2.824,0.191,31.36
2026-02-12 18:11:57.435,9.300,0.324219,0.504883,-0.772705,1.542,-2.740,-0.053,31.66
2026-02-12 18:11:57.535,9.400,0.322754,0.506104,-0.777832,1.863,-2.878,0.382,31.51
2026-02-12 18:11:57.635,9.500,0.322998,0.506592,-0.776123,1.634,-2.687,0.282,31.56
2026-02-12 18:11:57.735,9.600,0.322998,0.505859,-0.775146,1.756,-2.595,0.275,31.66
2026-02-12 18:11:57.835,9.700,0.322021,0.510986,-0.780029,1.924,-2.634,0.206,31.66
2026-02-12 18:11:57.935,9.800,0.320068,0.507080,-0.775879,1.740,-2.725,0.244,31.76
2026-02-12 18:11:58.035,9.900,0.321045,0.508301,-0.772949,1.824,-2.855,0.473,31.46
2026-02-12 18:11:58.135,10.000,0.324463,0.508057,-0.778320,1.718,-2.878,0.053,31.76
2026-02-12 18:11:58.235,10.100,0.321533,0.506592,-0.777832,1.832,-2.824,0.191,31.71
2026-02-12 18:11:58.335,10.200,0.325195,0.507812,-0.778320,1.664,-2.977,0.389,31.51
2026-02-12 18:11:58.435,10.300,0.322754,0.505859,-0.781494,1.756,-2.863,0.344,31.66
2026-02-12 18:11:58.535,10.400,0.322998,0.507080,-0.781494,1.756,-2.901,0.244,31.66
2026-02-12 18:11:58.635,10.500,0.320801,0.509766,-0.783447,1.595,-3.008,-0.015,31.32
2026-02-12 18:11:58.735,10.600,0.319580,0.508057,-0.777100,1.603,-3.092,0.389,31.66
2026-02-12 18:11:58.835,10.700,0.322021,0.508789,-0.785400,1.817,-2.733,0.198,31.71
2026-02-12 18:11:58.935,10.800,0.322754,0.500977,-0.781982,1.763,-2.985,0.450,31.51
2026-02-12 18:11:59.035,10.900,0.318359,0.508057,-0.780518,1.748,-3.115,0.145,31.71
2026-02-12 18:11:59.135,11.000,0.323242,0.508057,-0.781006,1.756,-2.412,0.443,31.66
2026-02-12 18:11:59.235,11.100,0.325439,0.507080,-0.776367,1.580,-2.840,0.176,31.56
2026-02-12 18:11:59.335,11.200,0.321777,0.504639,-0.782471,1.573,-2.802,-0.137,31.71
2026-02-12 18:11:59.435,11.300,0.322998,0.507812,-0.778564,1.756,-2.725,0.237,31.66
2026-02-12 18:11:59.535,11.400,0.324219,0.506592,-0.779053,1.664,-2.626,0.290,31.51
2026-02-12 18:11:59.635,11.500,0.321289,0.510742,-0.785889,1.412,-2.954,0.000,31.56
2026-02-12 18:11:59.735,11.600,0.322510,0.507080,-0.771240,1.885,-3.023,0.489,31.66
2026-02-12 18:11:59.835,11.700,0.324707,0.503662,-0.778320,1.725,-2.962,0.153,31.51
2026-02-12 18:11:59.935,11.800,0.323242,0.503662,-0.782471,1.870,-2.992,0.198,31.71
2026-02-12 18:12:00.035,11.900,0.321777,0.504395,-0.778320,1.702,-2.656,0.214,31.51
2026-02-12 18:12:00.135,12.000,0.319824,0.506836,-0.782715,1.534,-2.481,0.344,31.56
2026-02-12 18:12:00.235,12.100,0.318604,0.506592,-0.779785,1.565,-2.702,0.183,31.66
2026-02-12 18:12:00.335,12.200,0.322266,0.507080,-0.780518,1.824,-2.794,-0.015,31.71
2026-02-12 18:12:00.435,12.300,0.319580,0.508789,-0.775635,1.626,-2.687,0.168,31.46
2026-02-12 18:12:00.535,12.400,0.321289,0.506348,-0.782959,1.626,-2.595,0.382,31.56
2026-02-12 18:12:00.635,12.500,0.322510,0.509033,-0.772705,1.725,-2.939,0.344,31.51
2026-02-12 18:12:00.735,12.600,0.324951,0.505859,-0.781250,1.924,-2.985,0.366,31.66
2026-02-12 18:12:00.835,12.700,0.320801,0.504150,-0.781738,1.672,-2.756,0.122,31.46
2026-02-12 18:12:00.935,12.800,0.321777,0.510010,-0.773438,1.466,-2.847,0.275,31.66
2026-02-12 18:12:01.035,12.900,0.319336,0.506348,-0.779541,1.794,-2.809,0.603,31.46
2026-02-12 18:12:01.135,13.000,0.320312,0.506836,-0.781250,1.550,-3.046,0.168,31.51
2026-02-12 18:12:01.235,13.100,0.325439,0.507568,-0.772461,1.809,-2.908,0.260,31.56
2026-02-12 18:12:01.335,13.200,0.320801,0.508789,-0.775879,1.901,-2.901,0.221,31.66
2026-02-12 18:12:01.435,13.300,0.325195,0.507568,-0.781250,1.527,-2.824,0.168,31.36
2026-02-12 18:12:01.535,13.400,0.324219,0.510254,-0.776855,1.534,-2.939,0.153,31.66
2026-02-12 18:12:01.635,13.500,0.322266,0.503662,-0.780273,1.832,-2.870,0.084,31.56
2026-02-12 18:12:01.735,13.600,0.324463,0.504883,-0.773926,1.664,-2.870,0.229,31.71
2026-02-12 18:12:01.835,13.700,0.322754,0.507568,-0.782471,1.649,-2.786,0.092,31.76
2026-02-12 18:12:01.935,13.800,0.319824,0.504883,-0.774414,1.763,-2.725,0.183,31.56
2026-02-12 18:12:02.035,13.900,0.324219,0.507812,-0.778564,1.634,-2.603,0.260,31.66
2026-02-12 18:12:02.135,14.000,0.323486,0.503174,-0.783691,1.710,-2.985,0.351,31.66
2026-02-12 18:12:02.235,14.100,0.326904,0.505859,-0.772461,1.718,-2.863,0.221,31.56
2026-02-12 18:12:02.335,14.200,0.322266,0.507568,-0.775879,1.748,-2.908,0.664,31.71
2026-02-12 18:12:02.435,14.300,0.319824,0.506348,-0.781494,1.718,-3.000,0.183,31.46
2026-02-12 18:12:02.535,14.400,0.322998,0.505615,-0.779297,1.573,-2.893,0.137,31.56
2026-02-12 18:12:02.635,14.500,0.323242,0.503906,-0.780029,1.939,-3.000,0.305,31.66
2026-02-12 18:12:02.735,14.600,0.324707,0.508057,-0.775635,1.702,-3.000,0.336,31.51
2026-02-12 18:12:02.835,14.700,0.322266,0.510986,-0.778076,1.672,-3.038,0.153,31.51
2026-02-12 18:12:02.935,14.800,0.326904,0.508057,-0.772705,1.870,-3.053,0.229,31.51
2026-02-12 18:12:03.035,14.900,0.323242,0.506836,-0.778320,1.588,-2.924,0.229,31.66
2026-02-12 18:12:03.135,15.000,0.318359,0.508301,-0.780029,1.855,-2.824,0.298,31.66
2026-02-12 18:12:03.235,15.100,0.322266,0.508301,-0.778809,1.641,-2.779,0.618,31.32
2026-02-12 18:12:03.335,15.200,0.323242,0.509277,-0.774902,1.817,-3.046,0.206,31.66
2026-02-12 18:12:03.435,15.300,0.322754,0.507568,-0.774658,1.626,-2.992,0.267,31.36
2026-02-12 18:12:03.535,15.400,0.324219,0.505859,-0.782227,1.740,-2.695,0.031,31.51
2026-02-12 18:12:03.635,15.500,0.320801,0.505127,-0.780029,1.672,-2.893,0.168,31.36
2026-02-12 18:12:03.737,15.600,0.323486,0.505127,-0.782471,1.863,-2.580,0.076,31.56
2026-02-12 18:12:03.835,15.700,0.321533,0.509521,-0.778320,1.702,-3.099,0.481,31.71
2026-02-12 18:12:03.935,15.800,0.324707,0.503418,-0.784424,1.740,-2.748,0.527,31.76
2026-02-12 18:12:04.035,15.900,0.327637,0.503174,-0.777832,1.695,-2.802,-0.038,31.56
2026-02-12 18:12:04.135,16.000,0.323975,0.506104,-0.770752,1.718,-2.824,-0.053,31.66
2026-02-12 18:12:04.235,16.100,0.322021,0.504395,-0.775635,1.626,-2.626,0.481,31.51
2026-02-12 18:12:04.335,16.200,0.322510,0.505859,-0.781250,1.557,-2.878,0.122,31.36
2026-02-12 18:12:04.436,16.302,0.319580,0.503418,-0.774658,1.695,-2.763,0.313,31.76
2026-02-12 18:12:04.535,16.400,0.322998,0.508057,-0.776367,1.771,-2.725,0.176,31.46
2026-02-12 18:12:04.635,16.500,0.325439,0.505859,-0.778564,1.550,-2.718,0.221,31.36
2026-02-12 18:12:04.735,16.600,0.327148,0.509277,-0.786377,1.817,-2.748,0.122,31.51
2026-02-12 18:12:04.835,16.700,0.320312,0.503906,-0.781982,1.878,-2.916,-0.046,31.56
2026-02-12 18:12:04.935,16.800,0.327148,0.508057,-0.777344,1.595,-2.962,0.725,31.76
2026-02-12 18:12:05.035,16.900,0.323242,0.511963,-0.778809,1.725,-2.847,0.305,31.66
2026-02-12 18:12:05.135,17.000,0.324219,0.503174,-0.780029,1.519,-2.679,0.420,31.66
2026-02-12 18:12:05.235,17.100,0.322754,0.508057,-0.778076,1.695,-2.824,0.420,31.66
2026-02-12 18:12:05.335,17.200,0.322510,0.506836,-0.775879,1.550,-2.595,0.252,31.90
2026-02-12 18:12:05.435,17.300,0.325439,0.506104,-0.778564,1.489,-2.824,0.275,31.51
2026-02-12 18:12:05.535,17.400,0.323242,0.510010,-0.778076,1.748,-2.924,0.374,31.66
2026-02-12 18:12:05.635,17.500,0.322266,0.503662,-0.780273,1.534,-2.603,0.198,31.51
2026-02-12 18:12:05.735,17.600,0.324707,0.506592,-0.775635,1.740,-2.779,0.137,31.76
2026-02-12 18:12:05.835,17.700,0.323975,0.505371,-0.785156,1.626,-2.855,0.183,31.51
2026-02-12 18:12:05.935,17.800,0.325928,0.510010,-0.776367,1.916,-2.527,0.427,31.66
2026-02-12 18:12:06.035,17.900,0.318848,0.510498,-0.771973,1.763,-2.527,0.344,31.51
2026-02-12 18:12:06.135,18.000,0.319336,0.503662,-0.782227,1.802,-2.802,0.198,31.36
2026-02-12 18:12:06.235,18.100,0.321533,0.505127,-0.778564,1.832,-2.992,0.137,31.71
2026-02-12 18:12:06.335,18.200,0.322510,0.508301,-0.779297,1.824,-2.977,0.336,31.22
2026-02-12 18:12:06.435,18.300,0.325195,0.508301,-0.777344,1.786,-2.649,0.107,31.36
2026-02-12 18:12:06.535,18.400,0.320801,0.509521,-0.784912,1.679,-2.809,0.496,31.66
2026-02-12 18:12:06.635,18.500,0.325684,0.509521,-0.774658,1.817,-2.992,0.099,31.56
2026-02-12 18:12:06.735,18.600,0.322266,0.508789,-0.781494,1.771,-2.794,0.389,31.76
2026-02-12 18:12:06.835,18.700,0.324463,0.504395,-0.780029,1.687,-2.817,0.359,31.51
2026-02-12 18:12:06.935,18.800,0.322754,0.509033,-0.778320,1.817,-2.847,0.229,31.56
2026-02-12 18:12:07.035,18.900,0.323975,0.510010,-0.779541,1.771,-2.748,0.229,31.46
2026-02-12 18:12:07.135,19.000,0.322754,0.507812,-0.774170,1.802,-2.893,0.389,31.66
2026-02-12 18:12:07.235,19.100,0.322510,0.508789,-0.778320,1.802,-2.718,0.252,31.71
2026-02-12 18:12:07.335,19.200,0.322998,0.507080,-0.771973,1.786,-2.809,0.260,31.66
2026-02-12 18:12:07.435,19.300,0.320068,0.502197,-0.776855,1.511,-2.702,0.267,31.46
2026-02-12 18:12:07.535,19.400,0.324707,0.508545,-0.775879,1.725,-2.939,0.046,31.66
2026-02-12 18:12:07.635,19.500,0.324951,0.505859,-0.781250,1.649,-2.695,0.321,31.36
2026-02-12 18:12:07.735,19.600,0.323486,0.507324,-0.779053,1.924,-2.924,0.069,31.66
2026-02-12 18:12:07.835,19.700,0.322021,0.507568,-0.774902,1.550,-2.901,0.328,31.66
2026-02-12 18:12:07.935,19.800,0.322754,0.510010,-0.781250,1.916,-2.725,0.321,31.46
2026-02-12 18:12:08.035,19.900,0.323730,0.506836,-0.777832,1.580,-2.847,0.282,31.71
2026-02-12 18:12:08.138,20.004,0.323486,0.508057,-0.777832,1.580,-2.878,-0.015,31.66
2026-02-12 18:12:08.235,20.100,0.328125,0.508789,-0.781006,1.641,-2.618,0.137,31.51
2026-02-12 18:12:08.335,20.200,0.320801,0.506348,-0.779785,1.695,-2.725,0.130,31.51
2026-02-12 18:12:08.435,20.300,0.319336,0.508301,-0.772461,2.031,-2.893,0.214,31.76
2026-02-12 18:12:08.535,20.400,0.322754,0.506836,-0.778809,1.687,-2.725,0.412,31.51
2026-02-12 18:12:08.635,20.500,0.325439,0.509033,-0.777344,1.466,-2.733,0.366,31.32
2026-02-12 18:12:08.735,20.600,0.321533,0.508545,-0.788574,1.611,-2.756,0.374,31.46
2026-02-12 18:12:08.835,20.700,0.322021,0.507080,-0.774170,1.786,-2.710,0.389,31.17
2026-02-12 18:12:08.935,20.800,0.324219,0.507812,-0.777100,1.618,-2.832,0.221,31.66
2026-02-12 18:12:09.035,20.900,0.326172,0.509277,-0.779541,1.771,-2.786,0.534,31.36
2026-02-12 18:12:09.135,21.000,0.322021,0.507812,-0.784180,1.702,-2.695,0.176,31.51
2026-02-12 18:12:09.235,21.100,0.319580,0.504639,-0.777588,1.534,-2.634,0.153,31.66
2026-02-12 18:12:09.335,21.200,0.323242,0.510498,-0.776611,1.740,-2.656,0.282,31.32
2026-02-12 18:12:09.435,21.300,0.327637,0.508057,-0.777100,1.641,-2.756,0.275,31.66
2026-02-12 18:12:09.535,21.400,0.320312,0.507080,-0.773438,1.763,-2.847,-0.069,31.71
2026-02-12 18:12:09.635,21.500,0.320068,0.508545,-0.776855,1.511,-2.870,0.198,31.66
2026-02-12 18:12:09.735,21.600,0.325928,0.507324,-0.781738,1.786,-2.672,0.481,31.51
2026-02-12 18:12:09.835,21.700,0.324463,0.504150,-0.776611,1.542,-2.641,0.313,31.51
2026-02-12 18:12:09.935,21.800,0.323975,0.508545,-0.777588,1.649,-2.664,0.160,31.56
2026-02-12 18:12:10.035,21.900,0.320068,0.506592,-0.780762,1.969,-2.885,0.267,31.51
2026-02-12 18:12:10.135,22.000,0.322754,0.508545,-0.779785,1.603,-2.840,0.550,31.66
2026-02-12 18:12:10.235,22.100,0.325195,0.505371,-0.777588,1.740,-2.824,0.389,31.66
2026-02-12 18:12:10.335,22.200,0.327148,0.507812,-0.780518,1.603,-2.626,0.321,31.51
2026-02-12 18:12:10.435,22.300,0.323730,0.508789,-0.783447,1.695,-2.855,0.603,31.32
2026-02-12 18:12:10.535,22.400,0.324463,0.511475,-0.778809,1.542,-2.901,0.229,31.76
2026-02-12 18:12:10.635,22.500,0.323975,0.507324,-0.777832,1.794,-2.847,0.229,31.76
2026-02-12 18:12:10.735,22.600,0.322510,0.507568,-0.777832,1.771,-2.840,0.130,31.56
2026-02-12 18:12:10.835,22.700,0.319336,0.509033,-0.777832,1.962,-2.458,0.351,31.71
2026-02-12 18:12:10.935,22.800,0.325195,0.505859,-0.774170,1.725,-2.863,0.260,31.56
2026-02-12 18:12:11.035,22.900,0.323975,0.507812,-0.779785,1.695,-2.870,0.237,31.36
2026-02-12 18:12:11.135,23.000,0.326904,0.510498,-0.778076,1.824,-2.664,0.573,31.51
2026-02-12 18:12:11.235,23.100,0.325195,0.504150,-0.777344,1.511,-3.107,0.382,31.71
2026-02-12 18:12:11.335,23.200,0.324219,0.507812,-0.777588,1.565,-2.779,0.405,31.46
2026-02-12 18:12:11.435,23.300,0.322510,0.504883,-0.777588,1.649,-2.672,0.267,32.00
2026-02-12 18:12:11.535,23.400,0.325439,0.503662,-0.780029,1.802,-3.214,0.321,31.36
2026-02-12 18:12:11.635,23.500,0.322510,0.506348,-0.779541,1.534,-2.802,0.092,31.66
2026-02-12 18:12:11.735,23.600,0.321289,0.509766,-0.782227,1.916,-2.802,0.351,31.51
2026-02-12 18:12:11.835,23.700,0.322754,0.509277,-0.774414,1.802,-2.985,0.710,31.66
2026-02-12 18:12:11.935,23.800,0.327637,0.508789,-0.778809,1.771,-2.992,0.359,31.66
2026-02-12 18:12:12.035,23.900,0.322266,0.509033,-0.791016,1.481,-2.779,0.359,31.66
2026-02-12 18:12:12.135,24.000,0.326416,0.505371,-0.775391,1.618,-2.672,0.298,31.66
2026-02-12 18:12:12.235,24.100,0.319824,0.507324,-0.778076,1.824,-2.863,0.405,31.66
2026-02-12 18:12:12.335,24.200,0.324707,0.505371,-0.779053,1.855,-3.107,0.137,31.66
2026-02-12 18:12:12.435,24.300,0.323242,0.507812,-0.781006,1.885,-2.870,0.450,31.66
2026-02-12 18:12:12.535,24.400,0.322510,0.506348,-0.775635,1.672,-2.771,0.168,31.36
2026-02-12 18:12:12.635,24.500,0.323730,0.505127,-0.781982,1.527,-2.779,0.344,31.36
2026-02-12 18:12:12.735,24.600,0.323486,0.507080,-0.779297,1.443,-2.763,0.382,31.56
2026-02-12 18:12:12.835,24.700,0.322510,0.507080,-0.777100,1.962,-3.137,0.351,31.46
2026-02-12 18:12:12.935,24.800,0.321533,0.508789,-0.777832,1.573,-2.901,0.191,31.36
2026-02-12 18:12:13.035,24.900,0.322998,0.506104,-0.774414,1.580,-2.618,0.366,31.51
2026-02-12 18:12:13.135,25.000,0.321533,0.507568,-0.775879,1.443,-2.664,0.481,31.46
2026-02-12 18:12:13.235,25.100,0.323486,0.509033,-0.780273,1.740,-2.824,0.275,31.51
2026-02-12 18:12:13.335,25.200,0.324463,0.507080,-0.776367,1.893,-2.718,0.053,31.66
2026-02-12 18:12:13.435,25.300,0.323486,0.508057,-0.774170,1.802,-3.000,0.252,31.56
2026-02-12 18:12:13.535,25.400,0.320312,0.506348,-0.775635,1.725,-3.023,0.160,31.66
2026-02-12 18:12:13.635,25.500,0.321045,0.508057,-0.772217,1.763,-2.962,0.237,31.66
2026-02-12 18:12:13.735,25.600,0.324463,0.507080,-0.777100,1.779,-2.725,0.260,31.51
2026-02-12 18:12:13.835,25.700,0.324463,0.508301,-0.783936,1.733,-2.588,0.237,31.46
2026-02-12 18:12:13.935,25.800,0.318604,0.506348,-0.784668,1.779,-2.947,0.290,31.71
2026-02-12 18:12:14.035,25.900,0.319580,0.506104,-0.777832,1.679,-2.962,0.321,31.51
2026-02-12 18:12:14.137,26.003,0.323242,0.510010,-0.777588,1.855,-2.832,0.405,31.51
2026-02-12 18:12:14.235,26.100,0.320801,0.506104,-0.781494,1.626,-2.733,0.176,31.51
2026-02-12 18:12:14.335,26.200,0.322021,0.505371,-0.769531,1.870,-2.771,0.168,31.46
2026-02-12 18:12:14.435,26.300,0.324463,0.507812,-0.779053,1.710,-2.901,0.389,31.36
2026-02-12 18:12:14.535,26.400,0.323486,0.507812,-0.774658,1.672,-2.931,0.115,31.56
2026-02-12 18:12:14.635,26.500,0.321777,0.509521,-0.780029,1.649,-2.618,0.206,31.36
2026-02-12 18:12:14.735,26.600,0.318604,0.504150,-0.778076,1.603,-2.771,0.351,31.32
2026-02-12 18:12:14.835,26.700,0.323242,0.510254,-0.776611,1.817,-2.901,0.282,31.51
2026-02-12 18:12:14.935,26.800,0.324707,0.506592,-0.773682,1.687,-2.802,-0.038,31.32
2026-02-12 18:12:15.035,26.900,0.323975,0.508301,-0.778809,1.733,-2.756,0.489,31.71
2026-02-12 18:12:15.135,27.000,0.320557,0.507324,-0.777588,1.840,-2.840,0.229,31.36
2026-02-12 18:12:15.235,27.100,0.325684,0.505615,-0.780762,1.649,-2.969,-0.053,31.46
2026-02-12 18:12:15.335,27.200,0.325928,0.507324,-0.780273,1.824,-2.656,0.183,31.51
2026-02-12 18:12:15.435,27.300,0.324463,0.507568,-0.782471,1.557,-2.748,0.336,31.56
2026-02-12 18:12:15.535,27.400,0.322266,0.508301,-0.783691,1.519,-2.817,0.481,31.36
2026-02-12 18:12:15.635,27.500,0.324219,0.508301,-0.774170,1.511,-2.962,0.237,31.66
2026-02-12 18:12:15.735,27.600,0.323975,0.506104,-0.778320,1.672,-2.496,0.145,31.46
2026-02-12 18:12:15.835,27.700,0.326172,0.507568,-0.776367,1.725,-2.992,0.550,31.32
2026-02-12 18:12:15.935,27.800,0.319580,0.504883,-0.767822,1.489,-2.481,0.534,31.66
2026-02-12 18:12:16.035,27.900,0.320801,0.504639,-0.781982,1.595,-2.786,0.366,31.56
2026-02-12 18:12:16.135,28.000,0.321045,0.502930,-0.780273,1.725,-2.664,0.389,31.32
2026-02-12 18:12:16.235,28.100,0.320557,0.506348,-0.776123,1.511,-2.802,0.237,31.51
2026-02-12 18:12:16.335,28.200,0.324951,0.509033,-0.774658,1.802,-2.733,0.427,31.66
2026-02-12 18:12:16.435,28.300,0.322510,0.506592,-0.771240,1.672,-3.000,0.153,31.36
2026-02-12 18:12:16.535,28.400,0.323486,0.505127,-0.770020,1.718,-2.771,0.489,31.66
2026-02-12 18:12:16.635,28.500,0.321289,0.509033,-0.778809,1.824,-2.817,0.107,31.76
2026-02-12 18:12:16.735,28.600,0.322510,0.506592,-0.777588,1.672,-2.679,0.664,31.56
2026-02-12 18:12:16.835,28.700,0.323975,0.506836,-0.780518,1.954,-2.802,0.176,31.46
2026-02-12 18:12:16.935,28.800,0.322998,0.507812,-0.780273,1.580,-2.794,0.328,31.66
2026-02-12 18:12:17.035,28.900,0.325684,0.505615,-0.780273,1.733,-2.954,0.389,31.36
2026-02-12 18:12:17.135,29.000,0.321045,0.507324,-0.778320,1.733,-2.748,-0.115,31.36
2026-02-12 18:12:17.235,29.100,0.323975,0.507080,-0.783203,1.771,-2.695,0.130,31.51
2026-02-12 18:12:17.335,29.200,0.324463,0.508057,-0.775635,1.664,-2.901,0.481,31.46
2026-02-12 18:12:17.435,29.300,0.324951,0.507324,-0.774170,1.725,-2.962,0.252,31.71
2026-02-12 18:12:17.535,29.400,0.321777,0.509766,-0.779785,1.771,-2.817,0.046,31.51
2026-02-12 18:12:17.635,29.500,0.322754,0.505371,-0.777100,1.458,-2.756,0.290,31.56
2026-02-12 18:12:17.735,29.600,0.321777,0.505859,-0.774170,1.702,-2.809,0.061,31.36
2026-02-12 18:12:17.835,29.700,0.322510,0.509033,-0.773926,1.718,-2.771,0.603,31.71
2026-02-12 18:12:17.935,29.800,0.322021,0.508789,-0.779785,1.450,-2.580,0.221,31.36
2026-02-12 18:12:18.035,29.900,0.322754,0.507568,-0.780762,1.725,-2.840,0.214,31.51
2026-02-12 18:12:18.135,30.000,0.321777,0.508545,-0.783447,1.840,-3.061,0.344,31.46
2026-02-12 18:12:18.235,30.100,0.322510,0.505371,-0.784912,1.672,-2.603,0.534,31.51
2026-02-12 18:12:18.335,30.200,0.320557,0.508301,-0.776123,1.840,-2.939,0.053,31.32
2026-02-12 18:12:18.435,30.300,0.323242,0.505371,-0.781982,1.908,-2.756,0.389,31.51
2026-02-12 18:12:18.535,30.400,0.322510,0.506348,-0.777344,1.740,-3.099,0.168,31.56
2026-02-12 18:12:18.635,30.500,0.324707,0.506592,-0.779541,1.725,-2.901,0.176,31.22
2026-02-12 18:12:18.735,30.600,0.323242,0.509766,-0.774658,1.893,-2.885,0.321,31.66
2026-02-12 18:12:18.835,30.700,0.322754,0.503418,-0.780029,1.595,-2.672,0.267,31.36
2026-02-12 18:12:18.935,30.800,0.322510,0.507080,-0.778320,1.809,-2.939,0.282,31.36
2026-02-12 18:12:19.035,30.900,0.320801,0.510498,-0.776123,1.908,-2.878,0.489,31.66
2026-02-12 18:12:19.135,31.000,0.324707,0.505615,-0.777832,1.672,-3.130,0.366,31.56
2026-02-12 18:12:19.235,31.100,0.322510,0.505859,-0.777588,1.748,-3.000,0.397,31.51
2026-02-12 18:12:19.335,31.200,0.323242,0.505371,-0.781250,1.954,-2.733,0.160,31.36
2026-02-12 18:12:19.435,31.300,0.325684,0.509521,-0.781250,1.557,-2.878,0.191,31.71
2026-02-12 18:12:19.535,31.400,0.324219,0.505615,-0.781738,1.687,-2.916,0.389,31.71
2026-02-12 18:12:19.635,31.500,0.324463,0.507568,-0.775635,1.695,-3.130,0.168,31.71
2026-02-12 18:12:19.735,31.600,0.322021,0.507080,-0.773193,1.802,-2.718,0.412,31.66
2026-02-12 18:12:19.835,31.700,0.321777,0.504639,-0.780518,1.687,-2.954,0.496,31.66
2026-02-12 18:12:19.935,31.800,0.325439,0.504639,-0.777100,1.840,-2.748,0.374,31.76
2026-02-12 18:12:20.035,31.900,0.322754,0.507324,-0.774414,1.664,-2.847,0.511,31.56
2026-02-12 18:12:20.135,32.000,0.322998,0.511475,-0.780762,1.794,-2.924,0.504,31.46
2026-02-12 18:12:20.235,32.100,0.324951,0.503906,-0.776855,1.702,-2.687,0.107,31.56
2026-02-12 18:12:20.335,32.200,0.325928,0.506836,-0.778320,1.817,-3.038,0.473,31.51
2026-02-12 18:12:20.435,32.300,0.324463,0.504883,-0.780273,1.824,-2.740,0.527,31.32
2026-02-12 18:12:20.535,32.400,0.323486,0.508789,-0.777832,1.908,-2.969,0.153,31.51
2026-02-12 18:12:20.635,32.500,0.322998,0.504639,-0.772949,1.695,-2.893,0.260,31.36
2026-02-12 18:12:20.735,32.600,0.321045,0.506348,-0.776367,1.725,-2.794,0.298,31.51
2026-02-12 18:12:20.835,32.700,0.323730,0.510010,-0.778564,1.603,-2.779,0.504,31.76
2026-02-12 18:12:20.935,32.800,0.323242,0.504639,-0.778564,1.641,-2.634,0.252,31.51
2026-02-12 18:12:21.035,32.900,0.321533,0.509033,-0.776611,1.565,-2.748,0.221,31.56
2026-02-12 18:12:21.135,33.000,0.321533,0.509766,-0.776611,1.664,-2.977,0.084,31.46
2026-02-12 18:12:21.235,33.100,0.322510,0.505127,-0.779297,1.702,-2.702,0.237,31.36
2026-02-12 18:12:21.335,33.200,0.325195,0.503174,-0.779541,1.550,-2.916,0.359,31.46
2026-02-12 18:12:21.437,33.300,0.323486,0.504639,-0.775635,1.634,-2.794,0.344,31.46
2026-02-12 18:12:21.535,33.400,0.323730,0.508789,-0.776367,1.802,-2.817,0.031,31.71
2026-02-12 18:12:21.644,33.501,0.324219,0.507568,-0.779053,1.466,-2.847,0.191,31.76
2026-02-12 18:12:21.735,33.600,0.324951,0.505859,-0.776611,1.702,-2.771,0.015,31.51
2026-02-12 18:12:21.835,33.700,0.320557,0.506592,-0.773682,1.756,-2.817,0.191,31.66
2026-02-12 18:12:21.935,33.800,0.322021,0.509521,-0.775635,1.725,-2.939,0.221,31.17
2026-02-12 18:12:22.036,33.901,0.322266,0.506836,-0.778076,1.916,-2.817,0.221,31.71
2026-02-12 18:12:22.135,34.000,0.322266,0.509521,-0.780029,1.565,-2.748,0.420,31.51
2026-02-12 18:12:22.235,34.100,0.320312,0.507080,-0.776367,1.740,-2.939,0.328,31.51
2026-02-12 18:12:22.335,34.200,0.322266,0.504883,-0.775146,1.840,-2.954,0.321,31.56
2026-02-12 18:12:22.435,34.300,0.321289,0.504395,-0.784668,1.885,-2.771,0.260,31.56
2026-02-12 18:12:22.535,34.400,0.321533,0.505127,-0.781494,1.328,-2.878,0.351,31.66
2026-02-12 18:12:22.635,34.500,0.322998,0.508301,-0.778564,2.000,-3.046,0.275,31.51
2026-02-12 18:12:22.735,34.600,0.322510,0.506592,-0.776367,1.710,-2.901,0.053,31.66
2026-02-12 18:12:22.835,34.700,0.322754,0.509277,-0.779785,1.641,-2.779,0.336,31.51
2026-02-12 18:12:22.935,34.800,0.317139,0.504150,-0.781738,1.618,-2.809,0.145,31.66
2026-02-12 18:12:23.035,34.900,0.324463,0.504639,-0.775391,1.603,-3.008,0.450,31.32
2026-02-12 18:12:23.135,35.000,0.320068,0.509277,-0.780029,1.832,-2.702,0.336,31.71
2026-02-12 18:12:23.235,35.100,0.319092,0.506592,-0.780029,1.626,-2.931,0.153,31.56
2026-02-12 18:12:23.335,35.200,0.319580,0.511230,-0.782227,1.580,-2.794,0.366,31.71
2026-02-12 18:12:23.435,35.300,0.322754,0.506836,-0.777588,1.962,-2.756,0.244,31.32
2026-02-12 18:12:23.535,35.400,0.320557,0.507812,-0.786865,1.695,-2.550,0.351,31.71
2026-02-12 18:12:23.635,35.500,0.323486,0.503662,-0.773682,1.740,-2.802,0.305,31.66
2026-02-12 18:12:23.735,35.600,0.325439,0.503662,-0.777832,1.748,-2.878,0.366,31.46
2026-02-12 18:12:23.835,35.700,0.322510,0.503418,-0.774658,1.588,-2.771,0.374,31.76
2026-02-12 18:12:23.935,35.800,0.323242,0.505127,-0.772217,1.672,-2.794,0.168,31.51
2026-02-12 18:12:24.035,35.900,0.321289,0.508545,-0.771240,1.687,-2.504,0.267,31.66
2026-02-12 18:12:24.135,36.000,0.321533,0.505371,-0.783691,1.595,-2.771,0.282,31.32
2026-02-12 18:12:24.235,36.100,0.321045,0.505859,-0.776611,1.763,-2.771,0.290,31.56
2026-02-12 18:12:24.335,36.200,0.324951,0.510742,-0.780273,1.756,-2.779,-0.031,31.66
2026-02-12 18:12:24.435,36.300,0.321533,0.510254,-0.774414,1.481,-2.763,0.252,31.66
2026-02-12 18:12:24.535,36.400,0.322266,0.506348,-0.781250,1.611,-2.695,0.008,31.51
2026-02-12 18:12:24.635,36.500,0.323975,0.510254,-0.781738,1.595,-2.771,0.313,31.36
2026-02-12 18:12:24.735,36.600,0.322021,0.504639,-0.780518,1.702,-2.824,0.565,31.56
2026-02-12 18:12:24.835,36.700,0.322998,0.503662,-0.778076,1.519,-3.015,0.252,31.56
2026-02-12 18:12:24.935,36.800,0.320801,0.507324,-0.785400,1.771,-2.924,0.359,31.51
2026-02-12 18:12:25.035,36.900,0.323975,0.509521,-0.777344,1.656,-2.779,0.420,31.51
2026-02-12 18:12:25.135,37.000,0.322266,0.505859,-0.777588,1.687,-2.702,0.573,31.71
2026-02-12 18:12:25.235,37.100,0.320557,0.504883,-0.773926,1.611,-2.733,0.473,31.66
2026-02-12 18:12:25.335,37.200,0.321045,0.509277,-0.781006,1.511,-3.069,0.214,31.56
2026-02-12 18:12:25.435,37.300,0.324707,0.503906,-0.781738,1.885,-2.954,0.275,31.76
2026-02-12 18:12:25.535,37.400,0.324707,0.505615,-0.781738,1.603,-2.817,0.389,31.46
2026-02-12 18:12:25.635,37.500,0.322754,0.507812,-0.772949,1.626,-2.832,0.099,31.66
2026-02-12 18:12:25.735,37.600,0.323975,0.510254,-0.778809,1.405,-2.969,0.183,31.32
2026-02-12 18:12:25.836,37.701,0.321045,0.506836,-0.779785,1.916,-2.733,0.298,31.66
2026-02-12 18:12:25.935,37.800,0.324951,0.505859,-0.776367,1.763,-2.756,0.351,31.66
2026-02-12 18:12:26.038,37.901,0.322021,0.503662,-0.784424,1.855,-2.885,-0.008,31.36
2026-02-12 18:12:26.135,38.000,0.323242,0.507080,-0.782959,1.824,-2.832,0.290,31.36
2026-02-12 18:12:26.235,38.100,0.322754,0.505615,-0.776367,1.557,-2.733,0.252,31.66
2026-02-12 18:12:26.335,38.200,0.321777,0.506104,-0.775391,1.817,-2.847,0.130,31.32
2026-02-12 18:12:26.435,38.300,0.327393,0.507080,-0.777344,1.573,-3.038,0.176,31.32
2026-02-12 18:12:26.535,38.400,0.320557,0.506348,-0.777344,1.649,-2.847,0.275,31.71
2026-02-12 18:12:26.635,38.500,0.325684,0.508545,-0.781494,1.603,-3.046,0.466,31.32
2026-02-12 18:12:26.735,38.600,0.321045,0.503906,-0.778564,1.679,-2.809,0.412,31.56
2026-02-12 18:12:26.835,38.700,0.323975,0.506836,-0.774902,1.786,-2.748,0.267,31.32
2026-02-12 18:12:26.935,38.800,0.323730,0.504639,-0.774170,1.641,-2.924,-0.153,31.46
2026-02-12 18:12:27.035,38.900,0.324463,0.503662,-0.781250,1.756,-2.756,0.328,31.36
2026-02-12 18:12:27.135,39.000,0.325195,0.507812,-0.781006,1.618,-3.160,0.145,31.66
2026-02-12 18:12:27.235,39.100,0.321289,0.508789,-0.777832,1.794,-2.771,0.550,31.66
2026-02-12 18:12:27.335,39.200,0.324219,0.507080,-0.777100,1.840,-2.771,0.122,31.51
2026-02-12 18:12:27.435,39.300,0.324463,0.505371,-0.781250,1.878,-2.634,0.168,31.51
2026-02-12 18:12:27.535,39.400,0.322510,0.506836,-0.771484,1.771,-2.847,0.206,31.51
2026-02-12 18:12:27.635,39.500,0.323486,0.504395,-0.777588,1.870,-2.977,0.374,31.76
2026-02-12 18:12:27.735,39.600,0.321777,0.504395,-0.777344,1.939,-2.817,0.366,31.36
2026-02-12 18:12:27.835,39.700,0.322754,0.505127,-0.776367,1.672,-2.611,0.130,31.22
2026-02-12 18:12:27.935,39.800,0.324951,0.501465,-0.781006,1.763,-2.634,0.214,31.76
2026-02-12 18:12:28.035,39.900,0.323486,0.504395,-0.779541,1.733,-2.992,0.344,31.51
2026-02-12 18:12:28.135,40.000,0.321289,0.507080,-0.782227,1.557,-2.771,-0.069,31.56
2026-02-12 18:12:28.235,40.100,0.322021,0.510742,-0.780518,1.771,-2.870,0.366,31.66
2026-02-12 18:12:28.335,40.200,0.322266,0.509277,-0.774414,1.664,-3.046,0.176,31.36
2026-02-12 18:12:28.435,40.300,0.322998,0.509277,-0.777588,1.611,-2.771,0.496,31.71
2026-02-12 18:12:28.535,40.400,0.320312,0.508545,-0.775146,1.885,-2.901,0.450,31.36
2026-02-12 18:12:28.635,40.500,0.322266,0.507568,-0.775391,1.649,-2.771,0.061,31.36
2026-02-12 18:12:28.735,40.600,0.323730,0.505859,-0.780029,1.695,-2.779,0.298,31.56
2026-02-12 18:12:28.835,40.700,0.323486,0.509277,-0.776855,1.695,-3.061,0.137,31.51
2026-02-12 18:12:28.935,40.800,0.322754,0.508789,-0.782227,1.740,-2.771,0.328,31.71
2026-02-12 18:12:29.035,40.900,0.323242,0.510010,-0.783691,1.611,-2.977,0.328,31.56
2026-02-12 18:12:29.135,41.000,0.323486,0.508301,-0.779297,1.992,-2.931,0.359,31.66
2026-02-12 18:12:29.235,41.100,0.323975,0.502441,-0.781250,1.718,-2.992,0.260,31.46
2026-02-12 18:12:29.335,41.200,0.321045,0.505127,-0.775391,1.939,-2.756,0.328,31.36
2026-02-12 18:12:29.435,41.300,0.322510,0.505371,-0.779297,1.733,-2.939,0.061,31.56
2026-02-12 18:12:29.535,41.400,0.322021,0.508545,-0.786865,1.634,-2.656,0.634,31.46
2026-02-12 18:12:29.635,41.500,0.322266,0.506592,-0.771973,1.511,-2.634,0.389,31.56
2026-02-12 18:12:29.735,41.600,0.324463,0.506836,-0.779785,1.855,-3.023,0.176,31.32
2026-02-12 18:12:29.835,41.700,0.322021,0.512939,-0.779785,1.634,-3.183,0.008,31.56
2026-02-12 18:12:29.935,41.800,0.326416,0.510498,-0.777344,1.931,-2.786,0.214,31.66
2026-02-12 18:12:30.035,41.900,0.321045,0.506348,-0.780273,1.763,-2.779,0.290,31.32
2026-02-12 18:12:30.135,42.000,0.322998,0.506836,-0.775879,1.802,-2.664,0.275,31.66
2026-02-12 18:12:30.235,42.100,0.324463,0.505615,-0.783447,1.557,-2.901,0.214,31.66
2026-02-12 18:12:30.335,42.200,0.324951,0.507080,-0.780762,1.626,-2.786,0.153,31.71
2026-02-12 18:12:30.435,42.300,0.322266,0.507812,-0.781006,1.397,-2.878,0.420,31.66
2026-02-12 18:12:30.535,42.400,0.323730,0.506348,-0.778564,1.656,-2.847,0.450,31.51
2026-02-12 18:12:30.635,42.500,0.320557,0.506348,-0.774170,1.634,-2.740,0.458,31.51
2026-02-12 18:12:30.735,42.600,0.324951,0.509033,-0.778320,1.443,-2.695,0.328,31.56
2026-02-12 18:12:30.835,42.700,0.324219,0.504883,-0.780518,1.603,-2.985,0.198,31.51
2026-02-12 18:12:30.935,42.800,0.322266,0.507812,-0.773438,1.878,-2.733,0.229,31.36
2026-02-12 18:12:31.035,42.900,0.325195,0.507324,-0.772949,1.656,-2.893,-0.008,31.32
2026-02-12 18:12:31.135,43.000,0.321289,0.508057,-0.774658,1.771,-2.885,0.176,31.46
2026-02-12 18:12:31.235,43.100,0.321533,0.509521,-0.786377,1.702,-3.130,0.267,31.66
2026-02-12 18:12:31.335,43.200,0.325439,0.502686,-0.778076,1.878,-2.718,0.122,31.51
2026-02-12 18:12:31.435,43.300,0.323486,0.504883,-0.776367,1.649,-2.840,0.267,31.71
2026-02-12 18:12:31.535,43.400,0.321533,0.509766,-0.778809,1.565,-2.802,0.305,31.51
2026-02-12 18:12:31.635,43.500,0.322021,0.505615,-0.784424,1.664,-2.817,0.344,31.51
2026-02-12 18:12:31.735,43.600,0.324951,0.505615,-0.779297,1.443,-2.885,0.267,31.71
2026-02-12 18:12:31.835,43.700,0.326416,0.508057,-0.775146,1.656,-2.771,0.450,31.46
2026-02-12 18:12:31.935,43.800,0.320557,0.506836,-0.782471,1.832,-3.031,0.176,31.36
2026-02-12 18:12:32.035,43.900,0.319092,0.505615,-0.784424,1.481,-2.763,0.214,31.71
2026-02-12 18:12:32.135,44.000,0.321533,0.504883,-0.770996,1.954,-2.924,-0.008,31.56
2026-02-12 18:12:32.235,44.100,0.320312,0.505371,-0.778564,1.664,-2.901,0.038,31.51
2026-02-12 18:12:32.335,44.200,0.319824,0.512939,-0.778320,1.687,-2.939,0.290,31.66
2026-02-12 18:12:32.435,44.300,0.320068,0.510986,-0.780518,1.634,-3.023,0.191,31.66
2026-02-12 18:12:32.535,44.400,0.322998,0.507080,-0.782227,1.824,-3.069,0.489,31.51
2026-02-12 18:12:32.635,44.500,0.322754,0.507080,-0.774170,1.725,-2.687,0.176,31.51
2026-02-12 18:12:32.735,44.600,0.320557,0.509033,-0.782471,1.595,-2.649,0.191,31.66
2026-02-12 18:12:32.835,44.700,0.324463,0.510498,-0.782227,1.771,-3.053,0.260,31.36
2026-02-12 18:12:32.935,44.800,0.323242,0.506592,-0.780762,1.794,-2.855,0.252,31.56
2026-02-12 18:12:33.035,44.900,0.322021,0.506836,-0.770996,1.733,-2.664,0.481,31.66
2026-02-12 18:12:33.135,45.000,0.321045,0.505859,-0.773926,1.626,-2.901,0.252,31.66
2026-02-12 18:12:33.235,45.100,0.323975,0.509277,-0.778076,1.817,-2.718,0.557,31.71
2026-02-12 18:12:33.335,45.200,0.323486,0.505859,-0.777588,1.740,-2.740,0.145,31.66
2026-02-12 18:12:33.435,45.300,0.323975,0.508545,-0.781982,1.550,-2.885,0.084,31.51
2026-02-12 18:12:33.535,45.400,0.321289,0.505127,-0.778076,1.595,-2.779,0.366,31.36
2026-02-12 18:12:33.635,45.500,0.325928,0.503662,-0.772461,1.481,-2.985,0.115,31.51
2026-02-12 18:12:33.735,45.600,0.319336,0.506836,-0.779053,1.695,-2.580,0.122,31.66
2026-02-12 18:12:33.835,45.700,0.320312,0.508057,-0.779785,1.939,-2.809,0.221,31.76
2026-02-12 18:12:33.935,45.800,0.325684,0.503174,-0.778809,1.809,-2.733,0.275,31.71
2026-02-12 18:12:34.035,45.900,0.322510,0.507324,-0.775635,1.649,-2.802,0.389,31.51
2026-02-12 18:12:34.135,46.000,0.321777,0.504883,-0.776611,1.878,-2.931,0.542,31.76
2026-02-12 18:12:34.235,46.100,0.321289,0.506104,-0.776123,1.702,-2.954,0.321,31.32
2026-02-12 18:12:34.335,46.200,0.320801,0.508057,-0.778320,1.611,-2.947,0.275,31.51
2026-02-12 18:12:34.435,46.300,0.324707,0.508301,-0.782227,1.527,-2.924,0.298,31.36
2026-02-12 18:12:34.535,46.400,0.323486,0.509277,-0.776367,1.672,-2.817,0.321,31.71
2026-02-12 18:12:34.635,46.500,0.322510,0.506348,-0.781494,1.489,-2.733,0.115,31.66
2026-02-12 18:12:34.735,46.600,0.324463,0.507568,-0.778564,1.840,-2.702,0.214,31.22
2026-02-12 18:12:34.835,46.700,0.320312,0.507812,-0.774658,1.916,-2.962,0.351,31.66
2026-02-12 18:12:34.935,46.800,0.321777,0.508301,-0.785645,1.481,-3.092,0.321,31.51
2026-02-12 18:12:35.035,46.900,0.321777,0.507812,-0.781494,1.687,-2.985,0.000,31.51
2026-02-12 18:12:35.135,47.000,0.321289,0.508545,-0.775635,1.672,-2.779,0.458,31.36
2026-02-12 18:12:35.235,47.100,0.325439,0.505859,-0.783691,1.611,-2.855,0.305,31.66
2026-02-12 18:12:35.335,47.200,0.320801,0.508545,-0.781006,1.817,-3.183,0.328,31.51
2026-02-12 18:12:35.435,47.300,0.326660,0.509521,-0.778809,1.695,-2.885,0.313,31.56
2026-02-12 18:12:35.535,47.400,0.322754,0.507812,-0.784180,1.557,-2.763,0.351,31.66
2026-02-12 18:12:35.635,47.500,0.324463,0.509033,-0.780518,1.504,-2.740,0.496,31.56
2026-02-12 18:12:35.735,47.600,0.322998,0.507080,-0.773682,1.916,-2.748,0.336,31.76
2026-02-12 18:12:35.835,47.700,0.324707,0.503418,-0.781738,1.603,-2.893,0.504,31.71
2026-02-12 18:12:35.935,47.800,0.326172,0.505615,-0.777588,1.496,-2.809,0.206,31.71
2026-02-12 18:12:36.035,47.900,0.323730,0.508545,-0.782959,1.725,-2.771,0.099,31.46
2026-02-12 18:12:36.135,48.000,0.324951,0.503662,-0.777100,1.847,-2.863,0.198,31.51
2026-02-12 18:12:36.235,48.100,0.323242,0.510010,-0.772461,1.626,-3.176,0.244,31.66
2026-02-12 18:12:36.335,48.200,0.318604,0.510986,-0.778564,2.061,-2.611,0.626,31.51
2026-02-12 18:12:36.435,48.300,0.322266,0.508057,-0.778076,1.664,-2.901,0.313,31.66
2026-02-12 18:12:36.535,48.400,0.324707,0.506104,-0.773193,1.771,-2.832,0.313,31.71
2026-02-12 18:12:36.635,48.500,0.320312,0.508545,-0.780518,1.603,-2.893,0.084,31.76
2026-02-12 18:12:36.735,48.600,0.322510,0.506104,-0.772949,1.634,-2.740,0.122,31.66
2026-02-12 18:12:36.835,48.700,0.324707,0.505615,-0.775879,1.710,-2.641,0.519,31.76
2026-02-12 18:12:36.935,48.800,0.323486,0.505859,-0.782715,1.756,-2.847,0.458,31.66
2026-02-12 18:12:37.035,48.900,0.322266,0.508057,-0.780029,1.557,-2.763,0.305,31.71
2026-02-12 18:12:37.135,49.000,0.318848,0.506104,-0.783203,1.626,-2.679,0.076,31.36
2026-02-12 18:12:37.235,49.100,0.323730,0.504883,-0.775146,1.847,-2.992,0.359,31.46
2026-02-12 18:12:37.335,49.200,0.324707,0.508057,-0.776611,1.771,-2.893,0.038,31.36
2026-02-12 18:12:37.435,49.300,0.323730,0.507080,-0.779053,1.695,-3.076,0.321,31.02
2026-02-12 18:12:37.535,49.400,0.321289,0.506104,-0.776611,1.901,-2.908,0.130,31.71
2026-02-12 18:12:37.635,49.500,0.322510,0.506836,-0.776367,1.840,-2.618,0.260,31.02
2026-02-12 18:12:37.735,49.600,0.325928,0.506348,-0.780762,1.908,-2.802,0.313,31.71
2026-02-12 18:12:37.835,49.700,0.321533,0.508057,-0.780762,1.786,-2.489,0.099,31.71
2026-02-12 18:12:37.935,49.800,0.323730,0.509033,-0.778076,1.550,-2.908,0.183,31.66
2026-02-12 18:12:38.035,49.900,0.325928,0.507324,-0.770752,1.580,-2.794,0.160,31.66
2026-02-12 18:12:38.135,50.000,0.321533,0.508545,-0.775391,1.672,-2.718,0.191,31.51
2026-02-12 18:12:38.235,50.100,0.323242,0.503906,-0.776123,1.481,-2.756,0.611,31.71
2026-02-12 18:12:38.335,50.200,0.322510,0.506104,-0.775146,1.664,-2.855,-0.176,31.32
2026-02-12 18:12:38.435,50.300,0.323242,0.508057,-0.781006,1.756,-2.802,0.366,31.71
2026-02-12 18:12:38.535,50.400,0.324707,0.508789,-0.777832,1.702,-2.840,0.130,31.66
2026-02-12 18:12:38.635,50.500,0.320312,0.505859,-0.779785,1.847,-2.870,0.328,31.76
2026-02-12 18:12:38.735,50.600,0.323730,0.507324,-0.779785,1.679,-2.603,0.595,31.32
2026-02-12 18:12:38.835,50.700,0.323242,0.505615,-0.780029,1.840,-2.649,0.305,31.51
2026-02-12 18:12:38.935,50.800,0.321289,0.509521,-0.775879,1.733,-2.962,0.260,31.66
2026-02-12 18:12:39.035,50.900,0.322510,0.506348,-0.781494,1.321,-2.855,0.115,31.36
2026-02-12 18:12:39.135,51.000,0.319580,0.507812,-0.779541,1.496,-2.695,0.435,31.71
2026-02-12 18:12:39.235,51.101,0.323730,0.506592,-0.774658,1.702,-2.847,0.252,31.46
2026-02-12 18:12:39.335,51.200,0.320557,0.508301,-0.776367,1.672,-2.817,0.412,31.36
2026-02-12 18:12:39.435,51.300,0.325928,0.507812,-0.781738,1.794,-2.748,0.137,31.66
2026-02-12 18:12:39.535,51.400,0.325928,0.507812,-0.781006,1.893,-2.634,0.206,31.46
2026-02-12 18:12:39.635,51.500,0.324951,0.510010,-0.781006,1.817,-2.832,0.214,31.66
2026-02-12 18:12:39.735,51.600,0.323486,0.506348,-0.781738,1.649,-2.901,0.328,31.66
2026-02-12 18:12:39.835,51.700,0.318604,0.506836,-0.778564,1.649,-2.786,-0.145,31.51
2026-02-12 18:12:39.935,51.800,0.321533,0.509277,-0.782471,1.702,-3.115,0.221,31.71
2026-02-12 18:12:40.035,51.900,0.321289,0.508057,-0.777832,1.618,-2.855,0.588,31.85
2026-02-12 18:12:40.135,52.000,0.324463,0.506104,-0.781006,1.824,-2.847,0.344,31.56
2026-02-12 18:12:40.235,52.100,0.323242,0.506592,-0.787354,1.878,-2.794,0.244,31.32
2026-02-12 18:12:40.335,52.200,0.326904,0.506104,-0.779297,1.847,-2.947,0.275,31.36
2026-02-12 18:12:40.435,52.300,0.325195,0.503662,-0.781250,1.412,-2.802,0.359,31.76
2026-02-12 18:12:40.535,52.400,0.322754,0.508789,-0.778320,1.771,-2.939,0.267,31.36
2026-02-12 18:12:40.635,52.500,0.322021,0.510010,-0.779785,1.679,-2.809,0.061,31.46
2026-02-12 18:12:40.735,52.600,0.326416,0.505371,-0.777100,1.733,-2.718,0.519,31.66
2026-02-12 18:12:40.835,52.700,0.324707,0.507568,-0.783691,1.855,-3.046,0.305,31.46
2026-02-12 18:12:40.935,52.800,0.321533,0.506592,-0.772949,1.679,-2.817,0.359,31.46
2026-02-12 18:12:41.035,52.900,0.318604,0.508545,-0.785889,1.817,-2.885,0.298,31.56
2026-02-12 18:12:41.135,53.000,0.321777,0.504639,-0.781494,1.672,-2.824,0.542,31.51
2026-02-12 18:12:41.235,53.100,0.323975,0.507812,-0.778076,1.725,-2.756,0.092,31.51
2026-02-12 18:12:41.335,53.200,0.323975,0.504395,-0.773926,1.641,-2.802,0.649,31.66
2026-02-12 18:12:41.435,53.300,0.319336,0.507080,-0.779297,1.580,-2.664,0.282,31.66
2026-02-12 18:12:41.535,53.400,0.322266,0.505859,-0.773926,1.695,-2.565,0.061,31.51
2026-02-12 18:12:41.635,53.500,0.323975,0.506104,-0.781250,1.740,-2.550,0.397,31.66
2026-02-12 18:12:41.735,53.600,0.326172,0.509033,-0.784180,1.840,-3.000,0.473,31.36
2026-02-12 18:12:41.835,53.700,0.323975,0.504883,-0.781006,1.748,-2.664,-0.076,31.51
2026-02-12 18:12:41.935,53.800,0.323486,0.509521,-0.775879,1.542,-2.855,0.298,31.66
2026-02-12 18:12:42.035,53.900,0.323730,0.511230,-0.781250,1.779,-2.794,0.229,31.51
2026-02-12 18:12:42.135,54.000,0.321777,0.505615,-0.780029,1.847,-2.863,0.183,31.51
2026-02-12 18:12:42.235,54.100,0.322266,0.506592,-0.781494,1.878,-2.947,0.107,31.71
2026-02-12 18:12:42.335,54.200,0.325439,0.505859,-0.776611,1.595,-2.809,0.458,31.66
2026-02-12 18:12:42.435,54.300,0.321289,0.508057,-0.780762,1.779,-2.832,0.427,31.36
2026-02-12 18:12:42.535,54.400,0.324951,0.506592,-0.780518,1.740,-2.718,0.397,31.66
2026-02-12 18:12:42.635,54.500,0.322510,0.509766,-0.777832,1.580,-2.733,0.229,31.36
2026-02-12 18:12:42.735,54.600,0.321045,0.505127,-0.785156,1.573,-2.939,0.336,31.51
2026-02-12 18:12:42.835,54.700,0.322021,0.506592,-0.776367,1.664,-2.794,0.107,31.71
2026-02-12 18:12:42.935,54.800,0.321533,0.508789,-0.777100,1.786,-2.802,0.290,31.36
2026-02-12 18:12:43.035,54.900,0.325439,0.505615,-0.777100,1.794,-2.618,0.405,31.66
2026-02-12 18:12:43.135,55.000,0.322510,0.508789,-0.776123,1.740,-2.947,0.267,31.46
2026-02-12 18:12:43.235,55.100,0.325195,0.508789,-0.780518,1.740,-2.908,0.260,31.32
2026-02-12 18:12:43.335,55.200,0.325684,0.504883,-0.776611,1.756,-2.794,0.237,31.32
2026-02-12 18:12:43.435,55.300,0.323486,0.505859,-0.778809,1.687,-2.809,0.359,31.71
2026-02-12 18:12:43.535,55.400,0.322021,0.506104,-0.776611,1.565,-3.099,0.183,31.71
2026-02-12 18:12:43.635,55.500,0.322510,0.507080,-0.780029,1.740,-2.878,0.153,31.66
2026-02-12 18:12:43.735,55.600,0.323975,0.507568,-0.771973,1.725,-2.802,0.328,31.22
2026-02-12 18:12:43.835,55.700,0.323242,0.505615,-0.774902,1.977,-2.786,0.053,31.66
2026-02-12 18:12:43.935,55.800,0.319824,0.506592,-0.778076,1.573,-2.679,0.328,31.32
2026-02-12 18:12:44.035,55.900,0.322998,0.506348,-0.777100,1.885,-2.893,0.244,31.76
2026-02-12 18:12:44.135,56.000,0.325195,0.511475,-0.779053,1.504,-2.626,0.206,31.51
2026-02-12 18:12:44.235,56.100,0.322998,0.508057,-0.778564,1.641,-2.840,0.107,31.76
2026-02-12 18:12:44.335,56.200,0.323730,0.506836,-0.776367,1.870,-2.794,0.290,31.36
2026-02-12 18:12:44.435,56.300,0.326172,0.507812,-0.779297,1.534,-2.733,0.305,31.46
2026-02-12 18:12:44.535,56.400,0.323975,0.507324,-0.776123,1.557,-2.748,0.397,31.46
2026-02-12 18:12:44.635,56.500,0.321777,0.506592,-0.776123,1.641,-2.626,0.015,31.66
2026-02-12 18:12:44.735,56.600,0.322266,0.505859,-0.772461,1.771,-2.985,-0.084,31.56
2026-02-12 18:12:44.835,56.700,0.323486,0.508545,-0.776855,1.794,-2.794,0.336,31.66
2026-02-12 18:12:44.935,56.800,0.322266,0.511230,-0.775635,1.626,-2.863,0.626,31.76
2026-02-12 18:12:45.035,56.900,0.322754,0.506592,-0.779053,1.847,-2.817,0.198,31.51
2026-02-12 18:12:45.135,57.000,0.324219,0.508545,-0.780029,1.802,-2.840,0.351,31.66
2026-02-12 18:12:45.235,57.100,0.323242,0.509277,-0.781006,1.687,-2.626,0.435,31.66
2026-02-12 18:12:45.335,57.200,0.323730,0.504639,-0.777344,2.160,-3.153,0.328,31.46
2026-02-12 18:12:45.435,57.300,0.322998,0.506104,-0.779297,1.626,-2.962,0.389,31.51
2026-02-12 18:12:45.537,57.402,0.323242,0.506592,-0.776611,1.603,-3.260,0.359,31.51
2026-02-12 18:12:45.635,57.500,0.323486,0.509521,-0.782227,1.527,-2.832,0.397,31.56
2026-02-12 18:12:45.735,57.600,0.320557,0.508545,-0.780273,1.260,-2.802,0.214,31.51
2026-02-12 18:12:45.835,57.700,0.324219,0.501953,-0.780029,1.695,-2.702,-0.046,31.71
2026-02-12 18:12:45.935,57.800,0.317383,0.503418,-0.779785,1.687,-3.023,0.115,31.71
2026-02-12 18:12:46.035,57.900,0.322998,0.503906,-0.775635,1.725,-2.725,0.321,31.56
2026-02-12 18:12:46.135,58.000,0.321533,0.507812,-0.778076,1.557,-2.870,0.481,31.71
2026-02-12 18:12:46.235,58.100,0.324219,0.512939,-0.779785,1.901,-3.153,0.267,31.36
2026-02-12 18:12:46.335,58.200,0.321777,0.506836,-0.776367,1.779,-2.939,0.160,31.32
2026-02-12 18:12:46.435,58.300,0.325684,0.508301,-0.776611,1.702,-2.679,0.153,31.71
2026-02-12 18:12:46.535,58.400,0.324951,0.505859,-0.780273,1.687,-2.840,0.359,31.51
2026-02-12 18:12:46.635,58.500,0.322998,0.506592,-0.779053,1.740,-2.832,0.145,31.66
2026-02-12 18:12:46.735,58.600,0.326660,0.504883,-0.780518,1.557,-2.748,0.237,31.56
2026-02-12 18:12:46.835,58.700,0.323486,0.507324,-0.781494,1.931,-3.260,0.191,31.51
2026-02-12 18:12:46.935,58.800,0.325195,0.507080,-0.785156,1.649,-2.924,0.252,31.51
2026-02-12 18:12:47.035,58.900,0.325439,0.504639,-0.781738,1.565,-2.878,0.458,31.36
2026-02-12 18:12:47.135,59.000,0.317139,0.507324,-0.777100,1.733,-2.740,0.389,31.32
2026-02-12 18:12:47.235,59.100,0.323242,0.504639,-0.782959,1.771,-2.954,0.336,31.66
2026-02-12 18:12:47.335,59.200,0.322998,0.507568,-0.780273,1.557,-2.664,0.374,31.32
2026-02-12 18:12:47.435,59.300,0.323242,0.505615,-0.772949,1.901,-2.771,0.458,31.32
2026-02-12 18:12:47.535,59.400,0.322021,0.506592,-0.779541,1.687,-3.069,0.229,31.51
2026-02-12 18:12:47.635,59.500,0.322021,0.508301,-0.779541,1.824,-2.786,0.481,31.66
2026-02-12 18:12:47.735,59.600,0.322021,0.507812,-0.780518,1.786,-2.794,0.519,31.56
2026-02-12 18:12:47.835,59.700,0.323730,0.509033,-0.775391,1.794,-2.802,0.321,31.66
2026-02-12 18:12:47.935,59.800,0.323730,0.510254,-0.782227,1.878,-2.908,0.458,31.32
2026-02-12 18:12:48.035,59.900,0.327148,0.505859,-0.781982,1.687,-3.061,0.038,31.66
2026-02-12 18:12:48.135,60.000,0.324219,0.508545,-0.777344,1.679,-2.634,-0.160,31.66
2026-02-12 18:12:48.235,60.100,0.322021,0.508545,-0.777344,1.656,-2.542,0.382,31.66
2026-02-12 18:12:48.335,60.200,0.319092,0.505127,-0.774902,1.786,-3.122,0.634,31.56
2026-02-12 18:12:48.435,60.300,0.323975,0.506592,-0.776123,1.710,-2.878,0.130,31.36
2026-02-12 18:12:48.537,60.402,0.322510,0.509277,-0.779785,1.626,-2.710,0.160,31.56
2026-02-12 18:12:48.635,60.500,0.324707,0.504639,-0.778076,1.664,-2.771,-0.038,31.56
2026-02-12 18:12:48.735,60.600,0.325439,0.507812,-0.784668,1.840,-3.069,0.237,31.51
2026-02-12 18:12:48.835,60.700,0.323242,0.510010,-0.780273,1.695,-2.847,0.214,31.71
2026-02-12 18:12:48.935,60.800,0.325928,0.508545,-0.776123,1.794,-2.832,0.092,31.17
2026-02-12 18:12:49.035,60.900,0.320801,0.510498,-0.780029,1.916,-2.618,0.290,31.51
2026-02-12 18:12:49.135,61.000,0.322021,0.510742,-0.771484,1.466,-2.740,0.580,31.66
2026-02-12 18:12:49.235,61.100,0.318115,0.506348,-0.779785,1.672,-2.756,0.282,31.66
2026-02-12 18:12:49.335,61.200,0.321045,0.505127,-0.781738,1.748,-2.733,0.084,31.51
2026-02-12 18:12:49.435,61.300,0.320068,0.509521,-0.777588,1.687,-2.550,0.275,31.71
2026-02-12 18:12:49.535,61.400,0.322754,0.506104,-0.779785,1.908,-2.725,0.198,31.51
2026-02-12 18:12:49.635,61.500,0.324219,0.507080,-0.785645,1.595,-2.542,0.267,31.46
2026-02-12 18:12:49.735,61.600,0.326172,0.503418,-0.781494,2.076,-3.000,0.130,31.46
2026-02-12 18:12:49.835,61.700,0.324707,0.505859,-0.775879,1.511,-2.794,0.092,31.51
2026-02-12 18:12:49.935,61.800,0.320068,0.509033,-0.781006,1.672,-2.885,0.076,31.56
2026-02-12 18:12:50.035,61.900,0.322021,0.506104,-0.778809,1.748,-2.649,0.458,31.46
2026-02-12 18:12:50.135,62.000,0.321289,0.505371,-0.779053,1.595,-2.763,0.206,31.36
2026-02-12 18:12:50.235,62.100,0.322754,0.509766,-0.781006,1.824,-3.008,0.305,31.51
2026-02-12 18:12:50.335,62.200,0.323486,0.510498,-0.786865,1.817,-2.664,-0.084,31.66
2026-02-12 18:12:50.435,62.300,0.321289,0.508301,-0.782471,1.672,-2.779,0.008,31.32
2026-02-12 18:12:50.535,62.400,0.322266,0.510010,-0.770508,1.771,-2.595,0.183,31.71
2026-02-12 18:12:50.635,62.500,0.322510,0.506348,-0.776123,1.710,-2.748,0.473,31.66
2026-02-12 18:12:50.735,62.600,0.321045,0.512207,-0.783691,1.435,-2.977,0.076,31.22
2026-02-12 18:12:50.835,62.700,0.321289,0.510254,-0.777588,1.916,-2.496,0.168,31.56
2026-02-12 18:12:50.935,62.800,0.324463,0.503174,-0.775635,1.588,-2.863,0.260,31.51
2026-02-12 18:12:51.035,62.900,0.322754,0.509521,-0.772705,1.397,-2.840,0.450,31.56
2026-02-12 18:12:51.135,63.000,0.317871,0.501953,-0.780273,1.847,-2.771,0.313,31.46
2026-02-12 18:12:51.235,63.100,0.324219,0.505371,-0.781738,1.870,-3.069,0.107,31.46
2026-02-12 18:12:51.335,63.200,0.323975,0.506592,-0.773193,1.748,-2.656,0.130,31.51
2026-02-12 18:12:51.435,63.300,0.327637,0.505371,-0.770752,1.695,-2.962,0.519,31.36
2026-02-12 18:12:51.535,63.400,0.317383,0.508789,-0.778809,1.779,-2.809,0.160,31.66
2026-02-12 18:12:51.635,63.500,0.320068,0.507568,-0.780273,1.664,-2.855,0.321,31.51
2026-02-12 18:12:51.735,63.600,0.318115,0.508301,-0.781494,1.901,-2.748,0.374,31.71
2026-02-12 18:12:51.835,63.700,0.321533,0.507080,-0.782471,1.924,-2.916,0.153,31.36
2026-02-12 18:12:51.935,63.800,0.324951,0.504639,-0.783691,1.725,-2.939,0.519,31.51
2026-02-12 18:12:52.035,63.900,0.326416,0.505859,-0.776367,1.679,-2.809,0.267,31.66
2026-02-12 18:12:52.135,64.000,0.322266,0.507568,-0.776855,1.763,-2.504,0.076,31.71
2026-02-12 18:12:52.235,64.100,0.324463,0.503174,-0.778320,1.725,-2.802,0.275,31.51
2026-02-12 18:12:52.335,64.200,0.327393,0.506104,-0.774658,1.817,-2.817,0.313,31.56
2026-02-12 18:12:52.435,64.300,0.320557,0.507568,-0.772461,1.924,-2.794,0.382,31.66
2026-02-12 18:12:52.535,64.400,0.323975,0.510010,-0.773193,1.863,-2.863,0.328,31.56
2026-02-12 18:12:52.635,64.500,0.322510,0.504395,-0.780762,1.870,-2.893,0.153,31.46
2026-02-12 18:12:52.735,64.600,0.321045,0.510742,-0.781982,1.656,-2.664,0.466,31.51
2026-02-12 18:12:52.835,64.700,0.322021,0.507568,-0.775391,1.550,-2.794,0.389,31.36
2026-02-12 18:12:52.935,64.800,0.319580,0.506104,-0.778076,1.855,-3.000,0.122,31.51
2026-02-12 18:12:53.035,64.900,0.323242,0.503174,-0.771484,1.710,-3.076,0.214,31.66
2026-02-12 18:12:53.135,65.000,0.322510,0.512207,-0.779053,1.733,-3.000,0.443,31.32
2026-02-12 18:12:53.235,65.100,0.322754,0.507324,-0.781250,1.557,-2.893,0.321,31.36
2026-02-12 18:12:53.335,65.200,0.324463,0.501953,-0.778076,1.771,-2.740,0.145,31.56
2026-02-12 18:12:53.435,65.300,0.322754,0.509521,-0.779297,1.863,-2.359,0.321,31.51
2026-02-12 18:12:53.535,65.400,0.322754,0.504883,-0.777588,1.893,-2.740,0.237,31.46
2026-02-12 18:12:53.635,65.500,0.324463,0.505859,-0.780273,2.000,-2.725,0.336,31.32
2026-02-12 18:12:53.735,65.600,0.319580,0.505615,-0.782715,1.718,-2.840,0.336,31.76
2026-02-12 18:12:53.835,65.700,0.324219,0.507324,-0.778320,1.695,-2.687,0.221,31.51
2026-02-12 18:12:53.935,65.800,0.326660,0.504883,-0.778809,1.687,-2.763,0.191,31.36
2026-02-12 18:12:54.035,65.900,0.321045,0.504639,-0.776855,1.656,-2.908,0.267,31.36
2026-02-12 18:12:54.135,66.000,0.326172,0.508301,-0.779541,1.672,-2.733,0.191,31.66
2026-02-12 18:12:54.235,66.100,0.319336,0.506104,-0.780029,1.718,-2.534,0.084,31.66
2026-02-12 18:12:54.335,66.200,0.321533,0.507812,-0.780029,1.672,-2.817,0.435,31.66
2026-02-12 18:12:54.435,66.300,0.324951,0.505859,-0.778809,1.550,-2.695,0.458,31.66
2026-02-12 18:12:54.535,66.400,0.324463,0.509033,-0.779053,1.710,-2.779,0.191,31.71
2026-02-12 18:12:54.635,66.500,0.326172,0.505371,-0.779541,1.870,-2.588,0.382,31.32
2026-02-12 18:12:54.735,66.600,0.322998,0.504639,-0.780518,1.771,-2.840,0.427,31.71
2026-02-12 18:12:54.835,66.700,0.323242,0.506592,-0.778564,1.679,-2.656,0.382,31.71
2026-02-12 18:12:54.935,66.800,0.322754,0.509033,-0.783447,1.893,-2.878,0.427,31.36
2026-02-12 18:12:55.035,66.900,0.325195,0.511963,-0.779541,1.687,-2.626,0.260,31.51
2026-02-12 18:12:55.135,67.000,0.322021,0.505615,-0.780273,1.656,-3.145,0.221,31.36
2026-02-12 18:12:55.235,67.100,0.324463,0.507324,-0.778076,1.779,-3.023,0.344,31.32
2026-02-12 18:12:55.335,67.200,0.323242,0.506836,-0.777588,1.603,-2.740,0.504,31.56
2026-02-12 18:12:55.435,67.300,0.324463,0.507568,-0.775391,1.649,-2.733,0.458,31.46
2026-02-12 18:12:55.535,67.400,0.320801,0.508301,-0.774170,1.611,-2.962,0.252,31.32
2026-02-12 18:12:55.635,67.500,0.322998,0.507080,-0.779541,1.748,-2.939,0.305,31.66
2026-02-12 18:12:55.737,67.602,0.324463,0.510498,-0.775635,1.565,-2.863,-0.092,31.46
2026-02-12 18:12:55.835,67.700,0.323486,0.506104,-0.774658,1.931,-2.908,0.405,31.51
2026-02-12 18:12:55.935,67.800,0.320312,0.509277,-0.778076,1.710,-2.885,0.183,31.51
2026-02-12 18:12:56.035,67.900,0.324463,0.507568,-0.778076,1.840,-2.802,0.412,31.66
2026-02-12 18:12:56.135,68.000,0.326660,0.508057,-0.787109,1.809,-2.939,0.389,31.56
2026-02-12 18:12:56.235,68.100,0.323242,0.509033,-0.778564,1.557,-2.901,0.328,31.66
2026-02-12 18:12:56.335,68.200,0.321289,0.505615,-0.778809,2.000,-2.863,0.290,31.46
2026-02-12 18:12:56.435,68.300,0.324463,0.507080,-0.774414,2.000,-2.908,0.092,31.36
2026-02-12 18:12:56.535,68.400,0.321289,0.510254,-0.778564,1.718,-3.206,0.053,31.36
2026-02-12 18:12:56.635,68.500,0.325439,0.508545,-0.774658,1.672,-2.672,0.336,31.51
2026-02-12 18:12:56.735,68.600,0.321289,0.506104,-0.773438,1.870,-3.252,0.122,31.56
2026-02-12 18:12:56.835,68.700,0.325439,0.509766,-0.772217,1.595,-2.824,0.313,31.36
2026-02-12 18:12:56.935,68.800,0.323975,0.509277,-0.778076,1.527,-3.069,0.244,31.22
2026-02-12 18:12:57.035,68.900,0.320557,0.506836,-0.774902,1.603,-2.863,0.321,31.17
2026-02-12 18:12:57.135,69.000,0.322266,0.509033,-0.774170,1.389,-2.893,0.359,31.51
2026-02-12 18:12:57.235,69.100,0.324951,0.506836,-0.777100,1.550,-2.740,0.405,31.32
2026-02-12 18:12:57.335,69.200,0.325439,0.502686,-0.777588,1.786,-2.740,0.389,31.36
2026-02-12 18:12:57.435,69.300,0.323730,0.507568,-0.778076,2.000,-3.053,0.229,31.56
2026-02-12 18:12:57.535,69.400,0.322754,0.509521,-0.779053,1.939,-3.237,0.389,31.76
2026-02-12 18:12:57.635,69.500,0.322754,0.505859,-0.779053,1.496,-2.672,0.573,31.66
2026-02-12 18:12:57.735,69.600,0.322754,0.504883,-0.771484,1.656,-2.687,0.198,31.46
2026-02-12 18:12:57.835,69.700,0.319580,0.503174,-0.780762,1.573,-2.855,0.229,31.51
2026-02-12 18:12:57.935,69.800,0.324707,0.507324,-0.781738,1.695,-2.763,-0.115,31.32
2026-02-12 18:12:58.035,69.900,0.322998,0.510986,-0.780762,1.794,-2.656,0.015,31.36
2026-02-12 18:12:58.135,70.000,0.320557,0.510010,-0.781982,2.015,-3.038,0.298,31.66
2026-02-12 18:12:58.235,70.100,0.321533,0.507568,-0.782715,1.420,-2.992,0.137,31.56
2026-02-12 18:12:58.335,70.200,0.321289,0.506104,-0.776855,1.412,-2.672,0.183,31.32
2026-02-12 18:12:58.435,70.300,0.320801,0.505371,-0.775146,1.763,-2.695,0.267,31.66
2026-02-12 18:12:58.535,70.400,0.322021,0.504639,-0.774170,1.908,-2.924,0.168,31.32
2026-02-12 18:12:58.635,70.500,0.322754,0.505371,-0.778809,1.443,-2.908,0.443,31.32
2026-02-12 18:12:58.735,70.600,0.319580,0.507080,-0.777100,1.763,-2.924,0.160,31.51
2026-02-12 18:12:58.835,70.700,0.323975,0.508789,-0.779053,1.748,-2.626,0.191,31.71
2026-02-12 18:12:58.935,70.800,0.323730,0.510010,-0.783447,1.832,-2.893,0.206,31.51
2026-02-12 18:12:59.035,70.900,0.324463,0.507812,-0.781250,1.588,-2.786,0.160,31.36
2026-02-12 18:12:59.135,71.000,0.322021,0.508057,-0.777832,1.573,-2.611,0.298,31.32
2026-02-12 18:12:59.235,71.100,0.323975,0.505615,-0.775879,1.733,-2.878,0.092,31.46
2026-02-12 18:12:59.335,71.200,0.320068,0.505859,-0.777100,1.817,-2.908,0.229,31.56
2026-02-12 18:12:59.435,71.300,0.322510,0.507324,-0.780029,1.618,-2.771,0.489,31.66
2026-02-12 18:12:59.535,71.400,0.320312,0.502441,-0.773438,1.985,-2.916,0.321,31.71
2026-02-12 18:12:59.635,71.500,0.324707,0.504395,-0.780762,1.771,-3.046,0.237,31.46
2026-02-12 18:12:59.735,71.600,0.320068,0.509521,-0.776123,1.779,-2.908,0.076,31.51
2026-02-12 18:12:59.835,71.700,0.322754,0.502197,-0.772705,1.817,-2.718,0.336,31.22
2026-02-12 18:12:59.935,71.800,0.323975,0.508057,-0.777588,1.435,-3.023,0.031,31.46
2026-02-12 18:13:00.035,71.900,0.324707,0.507568,-0.782715,1.527,-2.779,0.359,31.32
2026-02-12 18:13:00.135,72.000,0.326904,0.508789,-0.777588,1.725,-2.672,0.450,31.46
2026-02-12 18:13:00.235,72.100,0.324951,0.504150,-0.777588,1.740,-3.046,-0.031,31.56
2026-02-12 18:13:00.335,72.200,0.323975,0.512939,-0.776123,1.809,-2.817,0.305,31.66
2026-02-12 18:13:00.435,72.300,0.322266,0.505615,-0.778320,1.519,-2.985,0.504,31.71
2026-02-12 18:13:00.535,72.400,0.322754,0.505371,-0.776855,1.847,-2.947,0.092,31.56
2026-02-12 18:13:00.635,72.500,0.319824,0.505371,-0.781738,1.565,-2.656,0.351,31.22
2026-02-12 18:13:00.735,72.600,0.325684,0.508789,-0.776367,1.649,-2.840,0.504,31.36
2026-02-12 18:13:00.835,72.700,0.320312,0.510742,-0.773438,1.893,-2.870,0.321,31.51
2026-02-12 18:13:00.935,72.800,0.325928,0.505615,-0.780762,1.649,-3.000,0.389,31.51
2026-02-12 18:13:01.035,72.900,0.322754,0.508057,-0.781982,1.756,-2.519,0.252,31.51
2026-02-12 18:13:01.135,73.000,0.324219,0.510498,-0.778809,1.626,-2.977,0.206,31.76
2026-02-12 18:13:01.235,73.100,0.325684,0.505371,-0.775635,1.817,-3.229,0.160,31.51
2026-02-12 18:13:01.335,73.200,0.327148,0.505371,-0.774902,1.710,-2.702,0.137,31.66
2026-02-12 18:13:01.435,73.300,0.324463,0.507812,-0.778809,1.618,-2.656,0.076,31.36
2026-02-12 18:13:01.535,73.400,0.321289,0.508545,-0.779541,1.794,-3.038,0.305,31.17
2026-02-12 18:13:01.635,73.500,0.323975,0.505615,-0.781982,1.916,-2.893,0.336,31.56
2026-02-12 18:13:01.735,73.600,0.326172,0.506836,-0.780518,1.611,-2.695,0.061,31.32
2026-02-12 18:13:01.835,73.700,0.322998,0.508545,-0.775635,1.870,-2.832,0.664,31.51
2026-02-12 18:13:01.935,73.800,0.322266,0.504639,-0.775635,1.618,-2.763,0.206,31.32
2026-02-12 18:13:02.035,73.900,0.324707,0.508545,-0.775391,1.779,-2.863,0.420,31.66
2026-02-12 18:13:02.135,74.000,0.319824,0.506348,-0.778809,1.664,-2.656,0.099,31.51
2026-02-12 18:13:02.235,74.100,0.324463,0.502686,-0.776855,1.702,-2.992,0.092,31.51
2026-02-12 18:13:02.335,74.200,0.319580,0.507080,-0.779541,1.756,-2.779,0.321,31.76
2026-02-12 18:13:02.435,74.300,0.324951,0.508789,-0.779053,1.832,-2.603,0.275,31.32
2026-02-12 18:13:02.535,74.400,0.325439,0.505615,-0.777588,1.763,-2.870,0.099,31.32
2026-02-12 18:13:02.635,74.500,0.320557,0.505127,-0.781494,1.565,-2.908,0.260,31.32
2026-02-12 18:13:02.735,74.600,0.322021,0.506836,-0.774902,1.878,-2.557,0.191,31.56
2026-02-12 18:13:02.835,74.700,0.324951,0.508301,-0.776367,1.870,-2.771,0.489,31.36
2026-02-12 18:13:02.935,74.800,0.323730,0.504883,-0.778320,1.756,-3.031,0.282,31.51
2026-02-12 18:13:03.035,74.900,0.321289,0.505127,-0.776611,1.763,-2.756,0.160,31.32
2026-02-12 18:13:03.135,75.000,0.323975,0.507568,-0.777832,1.748,-2.802,0.206,31.51
2026-02-12 18:13:03.235,75.100,0.323730,0.508057,-0.776123,1.794,-2.695,0.504,31.71
2026-02-12 18:13:03.335,75.200,0.322510,0.510254,-0.784912,1.748,-2.748,0.137,31.51
2026-02-12 18:13:03.435,75.300,0.322754,0.508789,-0.775146,1.985,-2.748,0.450,31.32
2026-02-12 18:13:03.535,75.400,0.320312,0.504883,-0.779053,1.870,-2.855,0.206,31.46
2026-02-12 18:13:03.635,75.500,0.321777,0.506348,-0.781250,1.687,-2.840,0.282,31.56
2026-02-12 18:13:03.735,75.600,0.324707,0.506592,-0.772217,1.794,-2.916,0.328,31.32
2026-02-12 18:13:03.835,75.700,0.323730,0.508057,-0.784912,1.580,-2.817,0.313,31.36
2026-02-12 18:13:03.935,75.800,0.320557,0.505371,-0.781738,1.725,-2.870,0.473,31.32
2026-02-12 18:13:04.037,75.903,0.323730,0.508789,-0.777100,1.702,-2.695,0.366,31.32
2026-02-12 18:13:04.135,76.000,0.321533,0.507324,-0.777832,1.763,-2.832,-0.115,31.46
2026-02-12 18:13:04.237,76.103,0.320801,0.504395,-0.776611,1.473,-2.779,0.206,31.36
2026-02-12 18:13:04.335,76.200,0.326172,0.510742,-0.773682,1.519,-2.649,0.366,31.56
2026-02-12 18:13:04.435,76.300,0.322021,0.506348,-0.777832,1.542,-2.718,0.412,31.56
2026-02-12 18:13:04.535,76.400,0.326172,0.507080,-0.783936,1.748,-2.809,0.359,31.17
2026-02-12 18:13:04.635,76.500,0.326660,0.506592,-0.774170,1.626,-2.794,0.191,31.71
2026-02-12 18:13:04.735,76.600,0.325684,0.505615,-0.780518,1.771,-2.756,0.267,31.56
2026-02-12 18:13:04.837,76.700,0.323242,0.503906,-0.780273,1.794,-2.466,0.198,31.51
2026-02-12 18:13:04.935,76.800,0.322754,0.506836,-0.777588,1.901,-2.885,0.504,31.36
2026-02-12 18:13:05.035,76.900,0.321045,0.507080,-0.783691,1.641,-2.779,0.183,31.32
2026-02-12 18:13:05.135,77.000,0.324463,0.510010,-0.780518,1.641,-2.863,0.397,31.46
2026-02-12 18:13:05.235,77.100,0.320801,0.505127,-0.785645,1.695,-3.000,0.374,31.32
2026-02-12 18:13:05.335,77.200,0.322998,0.505371,-0.775879,1.458,-2.885,0.282,31.51
2026-02-12 18:13:05.435,77.300,0.320801,0.508057,-0.778809,1.802,-2.870,0.366,31.32
2026-02-12 18:13:05.535,77.400,0.324951,0.505859,-0.782227,1.634,-2.725,0.450,31.56
2026-02-12 18:13:05.635,77.500,0.322754,0.506836,-0.779053,1.710,-2.931,0.275,31.36
2026-02-12 18:13:05.735,77.600,0.323242,0.507568,-0.771240,1.618,-2.908,0.382,31.46
2026-02-12 18:13:05.835,77.700,0.323242,0.506104,-0.781982,2.015,-2.863,-0.145,31.32
2026-02-12 18:13:05.935,77.800,0.322266,0.507080,-0.777100,1.763,-2.748,0.214,31.56
2026-02-12 18:13:06.035,77.900,0.324463,0.506104,-0.773193,1.687,-2.870,0.076,31.36
2026-02-12 18:13:06.135,78.000,0.323730,0.503906,-0.775879,1.580,-2.931,0.206,31.36
2026-02-12 18:13:06.235,78.100,0.322266,0.506592,-0.783203,1.748,-2.954,0.351,31.71
2026-02-12 18:13:06.335,78.200,0.323730,0.506592,-0.778564,1.656,-2.977,0.000,31.56
2026-02-12 18:13:06.435,78.300,0.322266,0.507324,-0.778809,1.565,-2.893,0.206,31.56
2026-02-12 18:13:06.535,78.400,0.323730,0.507568,-0.780273,1.779,-3.061,0.351,31.32
2026-02-12 18:13:06.635,78.500,0.326904,0.505371,-0.780029,1.779,-2.802,0.053,31.36
2026-02-12 18:13:06.735,78.600,0.326416,0.504150,-0.783447,1.824,-2.947,0.328,31.71
2026-02-12 18:13:06.835,78.700,0.318359,0.503418,-0.778809,1.679,-2.939,0.427,31.76
2026-02-12 18:13:06.935,78.800,0.325439,0.508057,-0.776855,1.580,-2.786,0.160,31.51
2026-02-12 18:13:07.035,78.900,0.323730,0.509277,-0.780273,1.840,-2.870,0.061,31.56
2026-02-12 18:13:07.135,79.000,0.319824,0.507568,-0.780273,1.954,-2.893,0.137,31.76
2026-02-12 18:13:07.235,79.100,0.323486,0.509277,-0.777588,1.573,-2.710,0.374,31.36
2026-02-12 18:13:07.335,79.200,0.324951,0.508789,-0.777588,1.656,-2.969,0.382,31.66
2026-02-12 18:13:07.435,79.300,0.324219,0.506836,-0.775146,1.473,-2.656,0.321,31.51
2026-02-12 18:13:07.535,79.400,0.322510,0.506836,-0.776611,1.702,-2.794,0.237,31.66
2026-02-12 18:13:07.635,79.500,0.326416,0.505127,-0.781250,1.908,-2.977,0.069,31.32
2026-02-12 18:13:07.735,79.600,0.319092,0.507812,-0.778809,1.565,-2.664,0.076,31.71
2026-02-12 18:13:07.835,79.700,0.325928,0.509521,-0.778564,1.542,-2.763,0.305,31.32
2026-02-12 18:13:07.935,79.800,0.325439,0.507080,-0.780029,1.817,-2.748,0.519,31.66
2026-02-12 18:13:08.035,79.900,0.322510,0.506836,-0.776367,1.885,-2.763,0.374,31.46
2026-02-12 18:13:08.135,80.000,0.323730,0.506104,-0.774902,1.847,-2.817,0.328,31.66
2026-02-12 18:13:08.235,80.100,0.324219,0.506836,-0.774658,1.603,-2.947,0.130,31.36
2026-02-12 18:13:08.335,80.200,0.323975,0.508301,-0.780273,1.740,-2.702,0.115,31.56
2026-02-12 18:13:08.435,80.300,0.319580,0.504639,-0.775391,1.748,-2.885,0.191,31.22
2026-02-12 18:13:08.535,80.400,0.324219,0.506104,-0.779785,1.702,-2.847,0.282,31.36
2026-02-12 18:13:08.635,80.500,0.319092,0.507080,-0.780029,1.687,-2.786,0.427,31.66
2026-02-12 18:13:08.735,80.600,0.324219,0.504395,-0.784424,1.969,-2.924,0.366,31.36
2026-02-12 18:13:08.835,80.700,0.321289,0.505859,-0.774658,1.603,-3.176,0.344,31.66
2026-02-12 18:13:08.935,80.800,0.325195,0.510254,-0.781250,1.969,-2.878,0.412,31.32
2026-02-12 18:13:09.035,80.900,0.322266,0.510742,-0.779297,1.786,-2.916,0.115,31.56
2026-02-12 18:13:09.135,81.000,0.323242,0.507568,-0.777588,1.519,-2.901,0.191,31.51
2026-02-12 18:13:09.235,81.100,0.327881,0.504639,-0.775391,1.611,-3.015,0.244,31.36
2026-02-12 18:13:09.335,81.200,0.323975,0.507812,-0.778076,1.634,-2.504,0.450,31.17
2026-02-12 18:13:09.435,81.300,0.324707,0.506104,-0.785645,1.924,-2.908,0.557,31.17
2026-02-12 18:13:09.535,81.400,0.324219,0.507324,-0.775879,1.763,-2.656,0.344,31.51
2026-02-12 18:13:09.635,81.500,0.325684,0.506104,-0.784668,1.672,-2.718,0.191,31.66
2026-02-12 18:13:09.735,81.600,0.320801,0.506836,-0.779785,1.466,-2.779,-0.015,31.51
2026-02-12 18:13:09.835,81.700,0.322266,0.505859,-0.781494,1.885,-2.672,0.344,31.36
2026-02-12 18:13:09.935,81.800,0.327881,0.506348,-0.780518,1.649,-2.626,-0.015,31.51
2026-02-12 18:13:10.035,81.900,0.324951,0.505371,-0.776855,1.611,-2.893,0.298,31.66
2026-02-12 18:13:10.135,82.000,0.326416,0.505859,-0.780518,1.534,-2.969,0.130,31.46
2026-02-12 18:13:10.235,82.100,0.322510,0.508057,-0.783447,1.267,-2.916,0.130,31.66
2026-02-12 18:13:10.335,82.200,0.320801,0.508545,-0.779297,1.664,-2.908,0.023,31.51
2026-02-12 18:13:10.435,82.300,0.322266,0.507080,-0.781250,1.626,-2.664,-0.191,31.51
2026-02-12 18:13:10.535,82.400,0.320312,0.506836,-0.780029,1.351,-2.763,-0.038,31.66
2026-02-12 18:13:10.635,82.500,0.322998,0.505859,-0.780762,1.603,-2.901,0.473,31.36
2026-02-12 18:13:10.735,82.600,0.323486,0.507812,-0.780273,1.550,-2.794,0.046,31.46
2026-02-12 18:13:10.835,82.700,0.318604,0.504639,-0.775146,1.779,-2.893,0.298,31.66
2026-02-12 18:13:10.935,82.800,0.321045,0.504395,-0.777588,1.756,-2.809,0.137,31.46
2026-02-12 18:13:11.035,82.900,0.321777,0.507812,-0.777588,1.557,-2.496,0.366,31.51
2026-02-12 18:13:11.135,83.000,0.325928,0.504639,-0.780029,1.847,-3.038,0.405,31.36
2026-02-12 18:13:11.235,83.100,0.320068,0.507812,-0.779541,1.649,-2.985,0.237,31.36
2026-02-12 18:13:11.335,83.200,0.320557,0.505859,-0.781982,1.458,-2.802,0.405,31.56
2026-02-12 18:13:11.435,83.300,0.322510,0.511475,-0.783203,1.458,-2.855,0.305,31.51
2026-02-12 18:13:11.535,83.400,0.322998,0.506836,-0.779785,1.504,-2.962,0.580,31.51
2026-02-12 18:13:11.635,83.500,0.327148,0.507568,-0.775635,1.748,-2.725,0.305,31.36
2026-02-12 18:13:11.735,83.600,0.326416,0.506836,-0.779053,1.557,-2.931,0.229,31.51
2026-02-12 18:13:11.835,83.700,0.321533,0.507568,-0.783691,1.794,-2.985,0.244,31.66
2026-02-12 18:13:11.935,83.800,0.324219,0.509521,-0.777344,1.756,-2.908,0.252,31.51
2026-02-12 18:13:12.035,83.900,0.324463,0.505371,-0.779053,1.779,-2.977,0.092,31.51
2026-02-12 18:13:12.135,84.000,0.324707,0.506836,-0.774170,1.763,-2.855,0.321,31.76
2026-02-12 18:13:12.235,84.100,0.325684,0.506592,-0.780273,1.634,-2.779,0.122,31.56
2026-02-12 18:13:12.335,84.200,0.323730,0.510498,-0.782227,1.595,-2.656,0.321,31.46
2026-02-12 18:13:12.435,84.300,0.325439,0.507324,-0.783447,1.855,-2.702,0.229,31.51
2026-02-12 18:13:12.535,84.400,0.321533,0.507324,-0.782715,1.702,-2.718,0.481,31.51
2026-02-12 18:13:12.635,84.500,0.320801,0.508545,-0.774902,2.008,-2.985,0.420,31.46
2026-02-12 18:13:12.735,84.600,0.324951,0.508057,-0.776367,1.550,-3.115,0.382,31.66
2026-02-12 18:13:12.835,84.700,0.323730,0.510010,-0.774902,1.664,-2.855,0.069,31.36
2026-02-12 18:13:12.935,84.800,0.322754,0.504395,-0.779053,1.626,-2.847,0.275,31.51
2026-02-12 18:13:13.035,84.900,0.322510,0.508545,-0.773438,1.481,-2.939,0.382,31.51
2026-02-12 18:13:13.135,85.000,0.324463,0.507324,-0.779053,1.718,-3.000,0.374,31.36
2026-02-12 18:13:13.235,85.100,0.322266,0.505127,-0.773682,1.473,-2.786,0.351,31.71
2026-02-12 18:13:13.335,85.200,0.324219,0.504395,-0.773438,1.878,-2.832,0.275,31.71
2026-02-12 18:13:13.435,85.300,0.322510,0.502686,-0.779297,1.611,-3.000,0.107,31.66
2026-02-12 18:13:13.535,85.400,0.319336,0.509766,-0.779785,1.626,-2.855,0.275,31.36
2026-02-12 18:13:13.635,85.500,0.320557,0.510742,-0.775879,1.557,-2.809,0.183,31.46
2026-02-12 18:13:13.735,85.600,0.322510,0.507568,-0.778076,1.710,-2.748,0.290,31.66
2026-02-12 18:13:13.835,85.700,0.321777,0.505127,-0.779297,1.603,-2.466,0.153,31.66
2026-02-12 18:13:13.935,85.800,0.320068,0.501953,-0.782471,1.672,-2.992,0.305,31.46
2026-02-12 18:13:14.035,85.900,0.323242,0.506104,-0.780029,1.847,-2.840,0.427,31.51
2026-02-12 18:13:14.135,86.000,0.323730,0.509277,-0.777344,1.695,-2.969,0.214,31.51
2026-02-12 18:13:14.235,86.100,0.321777,0.510010,-0.781494,1.725,-2.634,-0.023,31.36
2026-02-12 18:13:14.335,86.200,0.324707,0.507568,-0.772705,1.847,-2.733,0.344,31.66
2026-02-12 18:13:14.435,86.300,0.322754,0.503906,-0.779541,1.710,-2.901,0.557,31.51
2026-02-12 18:13:14.535,86.400,0.323975,0.504150,-0.777588,1.847,-2.908,0.573,31.56
2026-02-12 18:13:14.635,86.500,0.320801,0.508789,-0.773682,1.802,-2.939,0.290,31.66
2026-02-12 18:13:14.735,86.600,0.324707,0.508301,-0.773926,1.748,-2.977,0.626,31.51
2026-02-12 18:13:14.835,86.700,0.323242,0.507812,-0.779785,1.748,-3.130,0.260,31.32
2026-02-12 18:13:14.935,86.800,0.323486,0.508301,-0.782959,1.580,-2.794,0.313,31.56
2026-02-12 18:13:15.035,86.900,0.325439,0.510254,-0.778809,1.321,-2.802,0.191,31.66
2026-02-12 18:13:15.135,87.000,0.322754,0.504639,-0.777344,1.565,-3.038,0.237,31.32
2026-02-12 18:13:15.235,87.100,0.322266,0.509277,-0.779297,1.771,-2.863,0.382,31.22
2026-02-12 18:13:15.335,87.200,0.323730,0.507324,-0.773926,1.618,-2.985,0.443,31.36
2026-02-12 18:13:15.435,87.300,0.323242,0.506592,-0.782471,1.527,-2.763,0.282,31.51
2026-02-12 18:13:15.535,87.400,0.322266,0.506592,-0.779541,1.634,-2.824,0.359,31.51
2026-02-12 18:13:15.635,87.500,0.323975,0.505127,-0.774170,1.710,-2.557,0.336,31.32
2026-02-12 18:13:15.735,87.600,0.322266,0.508301,-0.781982,1.649,-2.687,0.405,31.46
2026-02-12 18:13:15.835,87.700,0.322998,0.507568,-0.776611,1.702,-2.885,0.023,31.46
2026-02-12 18:13:15.935,87.800,0.320801,0.508789,-0.775391,1.382,-2.885,0.641,31.51
2026-02-12 18:13:16.035,87.900,0.322754,0.505615,-0.776855,1.611,-2.840,0.511,31.66
2026-02-12 18:13:16.135,88.000,0.324707,0.507568,-0.777100,1.794,-2.878,0.198,31.56
2026-02-12 18:13:16.235,88.100,0.323975,0.504883,-0.778809,1.725,-2.870,0.542,31.32
2026-02-12 18:13:16.335,88.200,0.325195,0.505615,-0.777832,1.710,-2.878,0.336,31.46
2026-02-12 18:13:16.435,88.300,0.323242,0.509033,-0.781250,1.695,-2.870,0.122,31.66
2026-02-12 18:13:16.535,88.400,0.320068,0.507812,-0.776367,1.740,-2.985,0.107,31.71
2026-02-12 18:13:16.635,88.500,0.324219,0.504639,-0.774902,1.573,-2.466,0.183,31.46
2026-02-12 18:13:16.735,88.600,0.325684,0.506348,-0.776855,1.771,-2.832,0.168,31.36
2026-02-12 18:13:16.835,88.700,0.323486,0.507568,-0.774658,1.626,-2.756,0.542,31.51
2026-02-12 18:13:16.935,88.800,0.324219,0.508545,-0.777832,1.809,-3.046,0.374,31.36
2026-02-12 18:13:17.035,88.900,0.318848,0.508545,-0.777832,1.710,-2.794,0.519,31.51
2026-02-12 18:13:17.135,89.000,0.325928,0.508057,-0.785156,1.863,-3.038,0.359,31.46
2026-02-12 18:13:17.235,89.100,0.324463,0.506592,-0.778320,1.847,-2.695,0.168,31.36
2026-02-12 18:13:17.335,89.200,0.324951,0.507568,-0.774170,1.649,-3.069,0.137,31.12
2026-02-12 18:13:17.435,89.300,0.322510,0.507812,-0.778564,1.656,-2.855,0.252,31.36
2026-02-12 18:13:17.535,89.400,0.324951,0.510010,-0.774658,1.573,-2.786,0.282,31.46
2026-02-12 18:13:17.635,89.500,0.324219,0.506104,-0.777832,1.550,-3.061,0.305,31.51
2026-02-12 18:13:17.735,89.600,0.323975,0.507812,-0.777344,1.748,-2.733,0.405,31.66
2026-02-12 18:13:17.835,89.700,0.323242,0.506348,-0.778076,1.634,-2.901,0.176,31.36
2026-02-12 18:13:17.935,89.800,0.321533,0.506836,-0.777832,1.573,-2.802,0.260,31.32
2026-02-12 18:13:18.035,89.900,0.320068,0.510986,-0.773193,1.740,-2.847,0.023,31.36
2026-02-12 18:13:18.135,90.000,0.322266,0.505371,-0.781738,1.809,-2.916,0.435,31.51
2026-02-12 18:13:18.235,90.100,0.323730,0.510254,-0.779785,1.626,-2.947,0.359,31.71
2026-02-12 18:13:18.335,90.200,0.324219,0.504639,-0.775391,1.802,-2.779,0.282,31.56
2026-02-12 18:13:18.435,90.300,0.322754,0.506836,-0.773193,1.733,-2.939,0.206,31.36
2026-02-12 18:13:18.535,90.400,0.321533,0.509521,-0.772461,1.733,-3.038,0.489,31.46
2026-02-12 18:13:18.635,90.500,0.323486,0.503906,-0.778564,1.702,-2.763,0.282,31.32
2026-02-12 18:13:18.735,90.600,0.324219,0.509521,-0.779297,1.870,-2.634,-0.069,31.71
2026-02-12 18:13:18.835,90.700,0.320801,0.507812,-0.769287,1.702,-3.015,0.137,31.46
2026-02-12 18:13:18.935,90.800,0.323486,0.507568,-0.775635,1.427,-3.099,0.053,31.51
2026-02-12 18:13:19.035,90.900,0.323486,0.507812,-0.782959,1.763,-2.817,0.191,31.56
2026-02-12 18:13:19.135,91.000,0.324707,0.506104,-0.776611,1.824,-2.664,0.115,31.71
2026-02-12 18:13:19.235,91.100,0.320557,0.506104,-0.778564,1.763,-3.023,0.298,31.36
2026-02-12 18:13:19.335,91.200,0.324463,0.505127,-0.784912,1.870,-3.069,0.130,31.32
2026-02-12 18:13:19.435,91.300,0.321289,0.507080,-0.776855,1.565,-2.718,0.290,31.46
2026-02-12 18:13:19.535,91.400,0.324951,0.507812,-0.773438,1.588,-2.817,0.107,31.46
2026-02-12 18:13:19.635,91.500,0.323486,0.507324,-0.771484,1.794,-2.679,0.290,31.32
2026-02-12 18:13:19.735,91.600,0.324219,0.505615,-0.781738,1.580,-2.756,0.198,31.36
2026-02-12 18:13:19.835,91.700,0.326172,0.507324,-0.774414,1.779,-2.718,0.076,31.46
2026-02-12 18:13:19.935,91.800,0.321533,0.507080,-0.772461,1.473,-2.641,0.183,31.66
2026-02-12 18:13:20.035,91.900,0.321533,0.507812,-0.776855,1.656,-3.008,0.527,31.51
2026-02-12 18:13:20.135,92.000,0.321289,0.507324,-0.776123,1.481,-2.779,0.237,31.32
2026-02-12 18:13:20.235,92.100,0.326172,0.505615,-0.776123,1.863,-2.931,-0.084,31.66
2026-02-12 18:13:20.335,92.200,0.324707,0.504883,-0.778809,1.786,-2.786,0.344,31.46
2026-02-12 18:13:20.435,92.300,0.321777,0.507324,-0.779297,1.580,-2.718,0.420,31.51
2026-02-12 18:13:20.535,92.400,0.322998,0.510010,-0.778320,1.924,-2.870,0.237,31.66
2026-02-12 18:13:20.635,92.500,0.321533,0.507080,-0.775146,1.878,-2.611,-0.076,31.22
2026-02-12 18:13:20.735,92.600,0.320557,0.505127,-0.771484,1.908,-2.672,0.618,31.56
2026-02-12 18:13:20.835,92.700,0.324219,0.506592,-0.781982,1.687,-2.664,0.427,31.66
2026-02-12 18:13:20.935,92.800,0.320557,0.509766,-0.776855,1.702,-2.931,0.229,31.32
2026-02-12 18:13:21.035,92.900,0.321533,0.506592,-0.771973,1.840,-2.817,0.099,31.46
2026-02-12 18:13:21.135,93.000,0.319824,0.506348,-0.776855,1.786,-3.153,0.145,31.51
2026-02-12 18:13:21.235,93.100,0.322998,0.503906,-0.780518,1.901,-2.847,0.282,31.51
2026-02-12 18:13:21.335,93.200,0.320801,0.510254,-0.784180,1.618,-3.053,0.557,31.36
2026-02-12 18:13:21.435,93.300,0.323486,0.505371,-0.776855,1.641,-2.962,0.466,31.46
2026-02-12 18:13:21.535,93.400,0.325439,0.511475,-0.777100,1.527,-2.534,0.015,31.66
2026-02-12 18:13:21.635,93.500,0.319824,0.504639,-0.778076,1.748,-2.931,0.229,31.51
2026-02-12 18:13:21.735,93.600,0.321289,0.507080,-0.780029,1.771,-2.664,0.336,31.51
2026-02-12 18:13:21.835,93.700,0.324951,0.504639,-0.778564,1.679,-2.931,0.031,31.66
2026-02-12 18:13:21.935,93.800,0.321533,0.506348,-0.778809,1.756,-3.023,0.366,31.46
2026-02-12 18:13:22.035,93.900,0.325439,0.508545,-0.780518,1.641,-2.855,0.458,31.56
2026-02-12 18:13:22.135,94.000,0.323975,0.505859,-0.784180,1.794,-2.969,0.160,31.22
2026-02-12 18:13:22.235,94.100,0.322510,0.504395,-0.777832,1.618,-2.931,0.160,31.51
2026-02-12 18:13:22.335,94.200,0.324219,0.506104,-0.779053,1.695,-2.954,0.290,31.51
2026-02-12 18:13:22.435,94.300,0.326416,0.507324,-0.776123,1.718,-3.115,0.359,31.66
2026-02-12 18:13:22.535,94.400,0.320312,0.508057,-0.782471,1.779,-2.832,0.191,31.36
2026-02-12 18:13:22.635,94.500,0.323730,0.503174,-0.779785,1.733,-2.824,0.344,31.51
2026-02-12 18:13:22.735,94.600,0.322998,0.508301,-0.775879,1.580,-2.863,0.115,31.66
2026-02-12 18:13:22.835,94.700,0.328125,0.508545,-0.779785,1.580,-2.947,0.305,31.36
2026-02-12 18:13:22.935,94.800,0.325439,0.507568,-0.786621,1.687,-2.481,0.344,31.51
2026-02-12 18:13:23.035,94.900,0.323242,0.508301,-0.774902,1.626,-2.718,0.244,31.36
2026-02-12 18:13:23.135,95.000,0.319824,0.508301,-0.782959,1.611,-2.718,0.267,31.36
2026-02-12 18:13:23.235,95.100,0.325684,0.507324,-0.778564,1.656,-2.840,0.328,31.32
2026-02-12 18:13:23.335,95.200,0.321777,0.510742,-0.777588,1.672,-2.656,0.206,31.66
2026-02-12 18:13:23.435,95.300,0.324219,0.509521,-0.774902,1.458,-2.733,0.557,31.32
2026-02-12 18:13:23.535,95.400,0.328125,0.506836,-0.781494,1.641,-2.901,0.176,31.71
2026-02-12 18:13:23.635,95.500,0.324951,0.507568,-0.777588,1.771,-2.870,0.336,31.56
2026-02-12 18:13:23.735,95.600,0.325195,0.508301,-0.774902,1.656,-2.893,0.168,31.36
2026-02-12 18:13:23.835,95.700,0.325439,0.509766,-0.780273,1.824,-2.763,0.206,31.51
2026-02-12 18:13:23.935,95.800,0.324951,0.508057,-0.778076,1.664,-2.840,0.313,31.66
2026-02-12 18:13:24.035,95.900,0.325928,0.507324,-0.779053,1.534,-2.992,0.244,31.56
2026-02-12 18:13:24.135,96.000,0.323486,0.506836,-0.781494,1.626,-2.901,0.260,31.66
2026-02-12 18:13:24.235,96.100,0.320312,0.508301,-0.781006,1.634,-2.916,0.458,31.51
2026-02-12 18:13:24.335,96.200,0.321045,0.504150,-0.772461,1.863,-3.122,0.313,31.71
2026-02-12 18:13:24.435,96.300,0.321533,0.505127,-0.777588,1.626,-2.618,0.282,31.32
2026-02-12 18:13:24.535,96.400,0.324463,0.506592,-0.788330,1.702,-2.626,0.611,31.66
2026-02-12 18:13:24.635,96.500,0.322266,0.504883,-0.772705,1.718,-2.794,0.298,31.46
2026-02-12 18:13:24.735,96.600,0.323486,0.507080,-0.779053,1.748,-2.939,0.550,31.36
2026-02-12 18:13:24.835,96.700,0.320312,0.506836,-0.775879,1.557,-2.840,0.298,31.32
2026-02-12 18:13:24.935,96.800,0.319092,0.508789,-0.779541,1.802,-2.824,0.198,31.32
2026-02-12 18:13:25.035,96.900,0.321533,0.505127,-0.783203,1.664,-2.893,0.382,31.22
2026-02-12 18:13:25.135,97.000,0.321533,0.503174,-0.779785,1.840,-2.824,0.198,31.56
2026-02-12 18:13:25.235,97.100,0.322021,0.506348,-0.777344,1.649,-2.893,0.137,31.66
2026-02-12 18:13:25.335,97.200,0.324951,0.507324,-0.772217,1.550,-2.832,0.504,31.71
2026-02-12 18:13:25.435,97.300,0.322510,0.504639,-0.778320,1.626,-2.832,0.183,31.46
2026-02-12 18:13:25.535,97.400,0.323486,0.506592,-0.775391,1.809,-2.878,0.290,31.85
2026-02-12 18:13:25.635,97.500,0.319092,0.508301,-0.775635,1.496,-2.870,0.412,31.66
2026-02-12 18:13:25.735,97.600,0.323730,0.507568,-0.779541,1.679,-2.908,0.198,31.32
2026-02-12 18:13:25.835,97.700,0.326416,0.505127,-0.778564,1.618,-2.649,0.267,31.51
2026-02-12 18:13:25.935,97.800,0.324219,0.505615,-0.774658,1.679,-2.733,0.206,31.36
2026-02-12 18:13:26.035,97.900,0.321289,0.511963,-0.778809,1.458,-2.779,0.389,31.51
2026-02-12 18:13:26.135,98.000,0.320068,0.505615,-0.785156,1.649,-3.092,0.053,31.46
2026-02-12 18:13:26.235,98.100,0.322998,0.508301,-0.778564,1.641,-2.710,0.298,31.71
2026-02-12 18:13:26.335,98.200,0.320801,0.506104,-0.778076,1.550,-2.756,0.313,31.51
2026-02-12 18:13:26.435,98.300,0.322754,0.507568,-0.777832,1.649,-2.954,0.443,31.36
2026-02-12 18:13:26.535,98.400,0.323486,0.507080,-0.776611,1.458,-2.962,-0.107,31.56
2026-02-12 18:13:26.635,98.500,0.319824,0.503906,-0.782471,1.527,-2.885,0.435,31.56
2026-02-12 18:13:26.735,98.600,0.326416,0.508057,-0.779297,1.664,-2.931,0.511,31.51
2026-02-12 18:13:26.835,98.700,0.325684,0.505859,-0.777100,1.534,-2.718,0.389,31.66
2026-02-12 18:13:26.935,98.800,0.320312,0.504639,-0.770264,1.618,-2.847,0.191,31.66
2026-02-12 18:13:27.035,98.900,0.314941,0.503174,-0.780029,1.718,-2.878,0.519,31.46
2026-02-12 18:13:27.135,99.000,0.325195,0.510986,-0.780273,1.817,-2.710,0.183,31.66
2026-02-12 18:13:27.235,99.100,0.326660,0.506348,-0.774170,1.733,-2.977,0.198,31.66
2026-02-12 18:13:27.335,99.200,0.319824,0.507812,-0.779541,1.565,-2.794,0.115,31.76
2026-02-12 18:13:27.435,99.300,0.323242,0.506104,-0.776855,2.008,-3.023,0.122,31.51
2026-02-12 18:13:27.535,99.400,0.321777,0.504150,-0.787598,1.679,-2.794,0.466,31.51
2026-02-12 18:13:27.635,99.500,0.323242,0.512695,-0.778076,1.855,-2.870,0.038,31.12
2026-02-12 18:13:27.735,99.600,0.324219,0.505371,-0.776855,1.664,-2.847,0.634,31.51
2026-02-12 18:13:27.835,99.700,0.322266,0.509521,-0.779053,2.023,-2.718,0.107,31.56
2026-02-12 18:13:27.935,99.800,0.321777,0.506348,-0.778809,1.740,-2.733,0.229,31.56
2026-02-12 18:13:28.035,99.900,0.321777,0.505615,-0.784912,1.664,-2.885,0.275,31.66
2026-02-12 18:13:28.135,100.000,0.323975,0.507812,-0.774414,1.794,-2.878,0.260,31.66
2026-02-12 18:13:28.235,100.100,0.320557,0.507568,-0.771484,1.710,-2.702,0.427,31.46
2026-02-12 18:13:28.335,100.200,0.321533,0.507324,-0.779541,1.565,-2.740,0.298,31.51
2026-02-12 18:13:28.435,100.300,0.320068,0.504395,-0.779053,1.794,-2.748,0.153,31.71
2026-02-12 18:13:28.535,100.400,0.322510,0.507812,-0.778076,1.832,-2.847,0.275,31.66
2026-02-12 18:13:28.635,100.500,0.322021,0.505615,-0.779053,1.588,-2.931,0.183,31.51
2026-02-12 18:13:28.735,100.600,0.320801,0.506104,-0.772461,1.710,-2.809,-0.023,31.66
2026-02-12 18:13:28.835,100.700,0.324707,0.510254,-0.781738,1.824,-2.924,0.481,31.66
2026-02-12 18:13:28.935,100.800,0.325439,0.505859,-0.775391,1.756,-2.931,0.214,31.51
2026-02-12 18:13:29.035,100.900,0.321777,0.506348,-0.773926,1.679,-2.947,0.412,31.36
2026-02-12 18:13:29.135,101.000,0.320801,0.509277,-0.778564,1.695,-2.710,0.603,31.46
2026-02-12 18:13:29.235,101.100,0.323486,0.505615,-0.775146,1.443,-2.863,0.298,31.51
2026-02-12 18:13:29.335,101.200,0.322754,0.508301,-0.775879,1.466,-3.046,0.244,31.51
2026-02-12 18:13:29.435,101.300,0.320557,0.499512,-0.779785,1.748,-2.695,0.099,31.51
2026-02-12 18:13:29.535,101.400,0.320801,0.505615,-0.775879,1.573,-3.092,0.397,31.51
2026-02-12 18:13:29.637,101.500,0.328857,0.503906,-0.776855,1.473,-2.580,0.336,31.66
2026-02-12 18:13:29.736,101.600,0.318359,0.508545,-0.773438,1.824,-2.977,0.313,31.32
2026-02-12 18:13:29.835,101.700,0.320068,0.506104,-0.778809,1.344,-3.000,0.420,31.02
2026-02-12 18:13:29.935,101.800,0.324219,0.509033,-0.782471,1.740,-3.076,0.275,31.66
2026-02-12 18:13:30.035,101.900,0.324707,0.508301,-0.781738,1.580,-2.771,0.176,31.56
2026-02-12 18:13:30.135,102.000,0.322021,0.503418,-0.779053,1.954,-2.985,0.305,31.22
2026-02-12 18:13:30.235,102.100,0.321777,0.510010,-0.779053,1.588,-2.969,0.321,31.66
2026-02-12 18:13:30.335,102.200,0.323486,0.508301,-0.787354,1.450,-3.023,-0.008,31.71
2026-02-12 18:13:30.435,102.300,0.322754,0.505859,-0.777588,1.679,-3.000,0.183,31.51
2026-02-12 18:13:30.535,102.400,0.321777,0.506104,-0.772949,1.863,-2.809,0.397,31.66
2026-02-12 18:13:30.635,102.500,0.319092,0.507568,-0.773682,1.534,-2.710,0.206,31.56
2026-02-12 18:13:30.735,102.600,0.321533,0.503906,-0.776611,1.588,-2.809,0.649,31.56
2026-02-12 18:13:30.835,102.700,0.322998,0.505859,-0.776367,1.519,-2.664,0.191,31.71
2026-02-12 18:13:30.935,102.800,0.318848,0.508057,-0.776611,1.748,-3.008,0.565,31.46
2026-02-12 18:13:31.035,102.900,0.325195,0.507324,-0.778076,1.679,-2.771,0.389,31.66
2026-02-12 18:13:31.135,103.000,0.323242,0.505615,-0.773926,1.916,-2.634,0.313,31.66
2026-02-12 18:13:31.235,103.100,0.323730,0.503906,-0.781494,1.733,-3.115,0.275,31.66
2026-02-12 18:13:31.335,103.200,0.323975,0.507568,-0.777832,1.710,-3.168,0.321,31.56
2026-02-12 18:13:31.435,103.300,0.324707,0.503418,-0.777832,1.893,-2.794,0.206,31.32
2026-02-12 18:13:31.535,103.400,0.322998,0.506104,-0.783447,1.725,-2.939,0.435,31.22
2026-02-12 18:13:31.635,103.500,0.321289,0.502686,-0.776367,1.695,-2.718,0.260,31.56
2026-02-12 18:13:31.735,103.600,0.322998,0.508789,-0.779053,1.802,-2.679,0.176,31.71
2026-02-12 18:13:31.835,103.700,0.322510,0.507812,-0.773926,1.626,-2.740,0.137,31.66
2026-02-12 18:13:31.935,103.800,0.321045,0.510010,-0.770996,1.588,-2.702,0.305,31.56
2026-02-12 18:13:32.035,103.900,0.325439,0.508301,-0.781006,1.855,-2.870,0.366,31.51
2026-02-12 18:13:32.135,104.000,0.324219,0.502441,-0.778564,1.870,-2.756,0.359,31.56
2026-02-12 18:13:32.235,104.100,0.319580,0.508789,-0.775391,1.817,-2.580,0.504,31.32
2026-02-12 18:13:32.335,104.200,0.320801,0.507080,-0.775391,1.550,-2.847,0.160,31.66
2026-02-12 18:13:32.435,104.300,0.325439,0.507324,-0.782959,1.786,-2.954,0.328,31.36
2026-02-12 18:13:32.535,104.400,0.321777,0.505859,-0.779053,1.779,-2.931,0.145,31.51
2026-02-12 18:13:32.635,104.500,0.325928,0.506348,-0.780273,1.473,-2.641,0.168,31.32
2026-02-12 18:13:32.735,104.600,0.324951,0.506592,-0.779785,1.809,-3.053,0.252,31.66
2026-02-12 18:13:32.835,104.700,0.316406,0.509521,-0.778320,1.664,-2.748,0.550,31.22
2026-02-12 18:13:32.935,104.800,0.324219,0.509766,-0.778564,1.947,-2.954,0.015,31.46
2026-02-12 18:13:33.035,104.900,0.321289,0.507080,-0.777588,1.809,-2.855,0.290,31.36
2026-02-12 18:13:33.135,105.000,0.323486,0.509766,-0.777344,1.473,-2.809,0.229,31.46
2026-02-12 18:13:33.235,105.100,0.322266,0.508545,-0.777832,1.481,-2.634,0.252,31.46
2026-02-12 18:13:33.335,105.200,0.323486,0.504395,-0.780518,1.725,-2.969,0.137,31.51
2026-02-12 18:13:33.435,105.300,0.322510,0.507812,-0.774902,1.687,-2.985,0.313,31.36
2026-02-12 18:13:33.535,105.400,0.323242,0.506104,-0.775146,1.649,-2.939,0.366,31.46
2026-02-12 18:13:33.635,105.500,0.321045,0.507080,-0.777100,1.718,-2.840,0.191,31.51
2026-02-12 18:13:33.735,105.600,0.319336,0.508789,-0.778809,1.656,-2.870,0.076,31.17
2026-02-12 18:13:33.835,105.700,0.325195,0.506348,-0.775391,1.817,-3.000,0.237,31.51
2026-02-12 18:13:33.935,105.800,0.327637,0.510010,-0.776367,1.817,-2.863,0.191,31.71
2026-02-12 18:13:34.035,105.900,0.323486,0.507080,-0.783203,1.672,-3.000,0.275,31.46
2026-02-12 18:13:34.135,106.000,0.324219,0.506104,-0.777588,1.542,-3.053,0.107,31.85
2026-02-12 18:13:34.235,106.100,0.325684,0.504395,-0.781494,1.870,-2.908,0.321,31.51
2026-02-12 18:13:34.335,106.200,0.325684,0.512695,-0.787354,1.435,-2.641,0.328,31.32
2026-02-12 18:13:34.435,106.300,0.321777,0.506592,-0.781494,1.641,-2.924,0.176,31.51
2026-02-12 18:13:34.535,106.400,0.322998,0.502197,-0.777832,1.832,-2.832,0.466,31.51
2026-02-12 18:13:34.635,106.500,0.321289,0.507812,-0.781738,1.779,-2.924,0.649,31.22
2026-02-12 18:13:34.735,106.600,0.324951,0.507080,-0.779053,1.710,-2.565,0.496,31.66
2026-02-12 18:13:34.835,106.700,0.319580,0.502930,-0.777832,1.733,-2.710,0.290,31.71
2026-02-12 18:13:34.935,106.800,0.324463,0.504639,-0.778809,1.885,-2.885,0.214,31.32
2026-02-12 18:13:35.035,106.900,0.322266,0.508057,-0.780518,1.534,-2.656,0.473,31.46
2026-02-12 18:13:35.135,107.000,0.321777,0.505615,-0.779053,1.740,-3.053,0.397,31.56
2026-02-12 18:13:35.235,107.100,0.320801,0.503906,-0.775391,1.687,-2.420,0.198,31.66
2026-02-12 18:13:35.335,107.200,0.320068,0.506592,-0.778809,1.855,-2.679,0.336,31.36
2026-02-12 18:13:35.435,107.300,0.321533,0.506104,-0.775146,1.916,-2.786,0.031,31.51
2026-02-12 18:13:35.535,107.400,0.320312,0.507812,-0.777832,1.565,-2.702,0.359,31.22
2026-02-12 18:13:35.635,107.500,0.322021,0.507080,-0.778564,1.794,-2.870,0.366,31.66
2026-02-12 18:13:35.735,107.600,0.318848,0.508301,-0.776611,1.794,-2.962,0.038,31.66
2026-02-12 18:13:35.835,107.700,0.326660,0.507080,-0.779053,1.664,-2.863,0.328,31.46
2026-02-12 18:13:35.935,107.800,0.321777,0.509033,-0.776855,1.718,-2.870,0.366,31.32
2026-02-12 18:13:36.035,107.900,0.322754,0.506348,-0.783936,1.481,-2.893,0.076,31.32
2026-02-12 18:13:36.135,108.000,0.321533,0.507324,-0.779785,1.824,-2.641,0.122,31.36
2026-02-12 18:13:36.235,108.100,0.323730,0.505371,-0.782227,1.687,-2.901,0.115,31.32
2026-02-12 18:13:36.335,108.200,0.323975,0.506348,-0.779785,1.832,-2.626,0.427,31.51
2026-02-12 18:13:36.435,108.300,0.321777,0.505859,-0.777832,1.779,-2.878,0.244,31.51
2026-02-12 18:13:36.535,108.400,0.326904,0.509033,-0.785156,1.534,-2.878,0.489,31.66
2026-02-12 18:13:36.635,108.500,0.323486,0.506836,-0.783203,1.611,-2.771,0.435,31.36
2026-02-12 18:13:36.735,108.600,0.323730,0.503174,-0.781250,1.626,-2.893,0.076,31.51
2026-02-12 18:13:36.835,108.700,0.322754,0.503418,-0.778320,1.863,-2.771,0.305,31.22
2026-02-12 18:13:36.935,108.800,0.321777,0.513184,-0.771484,1.695,-2.718,0.695,31.51
2026-02-12 18:13:37.035,108.900,0.322510,0.510254,-0.775391,1.611,-2.626,0.313,31.51
2026-02-12 18:13:37.135,109.000,0.320312,0.508057,-0.783203,1.939,-2.947,0.359,31.46
2026-02-12 18:13:37.235,109.100,0.327393,0.505127,-0.780762,1.588,-2.733,0.473,31.66
2026-02-12 18:13:37.335,109.200,0.320312,0.508545,-0.786621,1.893,-3.000,0.176,31.36
2026-02-12 18:13:37.435,109.300,0.324219,0.504639,-0.781006,1.870,-3.000,0.405,31.71
2026-02-12 18:13:37.535,109.400,0.321533,0.510498,-0.782959,1.595,-2.893,0.206,31.32
2026-02-12 18:13:37.635,109.500,0.323486,0.507568,-0.781982,1.771,-2.985,0.214,31.51
2026-02-12 18:13:37.735,109.600,0.321777,0.504639,-0.777832,1.679,-2.863,0.389,31.51
2026-02-12 18:13:37.835,109.700,0.324463,0.508789,-0.775879,1.824,-2.954,0.046,31.56
2026-02-12 18:13:37.935,109.800,0.324219,0.510742,-0.777100,1.756,-2.756,0.382,31.46
2026-02-12 18:13:38.035,109.900,0.319824,0.507324,-0.780762,2.015,-2.977,0.557,31.36
2026-02-12 18:13:38.135,110.000,0.326904,0.500488,-0.781494,1.695,-3.130,0.366,31.51
2026-02-12 18:13:38.235,110.100,0.325195,0.505615,-0.776611,1.679,-2.573,0.160,31.32
2026-02-12 18:13:38.335,110.200,0.321045,0.509277,-0.781738,1.718,-2.702,0.397,31.66
2026-02-12 18:13:38.435,110.300,0.322754,0.507812,-0.776855,1.649,-2.947,0.405,31.51
2026-02-12 18:13:38.535,110.400,0.319580,0.507080,-0.783447,1.550,-3.008,0.076,31.51
2026-02-12 18:13:38.635,110.500,0.322998,0.505615,-0.783936,1.603,-2.809,0.435,31.51
2026-02-12 18:13:38.735,110.600,0.320801,0.508545,-0.781738,1.832,-2.718,0.290,31.66
2026-02-12 18:13:38.835,110.700,0.322266,0.508301,-0.778809,1.695,-2.588,0.053,31.32
2026-02-12 18:13:38.935,110.800,0.319580,0.506104,-0.779297,1.969,-2.908,0.519,31.46
2026-02-12 18:13:39.035,110.900,0.323730,0.505859,-0.781250,1.473,-2.756,0.267,31.46
2026-02-12 18:13:39.135,111.000,0.321777,0.503418,-0.779297,1.824,-2.779,0.145,31.66
2026-02-12 18:13:39.235,111.100,0.325195,0.506104,-0.774658,1.840,-3.015,0.527,31.32
2026-02-12 18:13:39.335,111.200,0.323242,0.505859,-0.783447,1.550,-2.817,0.252,31.51
2026-02-12 18:13:39.435,111.300,0.321533,0.503418,-0.776855,1.718,-2.695,0.168,31.76
2026-02-12 18:13:39.535,111.400,0.323242,0.505127,-0.773193,1.656,-2.916,0.405,31.51
2026-02-12 18:13:39.635,111.500,0.323730,0.507324,-0.777832,1.710,-2.763,0.115,31.02
2026-02-12 18:13:39.735,111.600,0.323486,0.510498,-0.783447,2.000,-3.008,0.473,31.51
2026-02-12 18:13:39.835,111.700,0.323730,0.505615,-0.781982,1.634,-2.824,0.198,31.32
2026-02-12 18:13:39.935,111.800,0.321289,0.507568,-0.778320,1.771,-2.740,0.252,31.51
2026-02-12 18:13:40.035,111.900,0.323242,0.506592,-0.777588,1.878,-2.824,-0.023,31.66
2026-02-12 18:13:40.135,112.000,0.324463,0.504639,-0.776855,1.779,-2.656,0.344,31.36
2026-02-12 18:13:40.235,112.100,0.321777,0.511230,-0.776123,1.733,-2.672,0.260,31.76
2026-02-12 18:13:40.335,112.200,0.320801,0.506104,-0.779053,1.740,-2.885,0.344,31.51
2026-02-12 18:13:40.435,112.300,0.320557,0.505127,-0.780273,1.794,-2.756,0.290,31.66
2026-02-12 18:13:40.535,112.400,0.323730,0.505615,-0.780518,1.565,-3.122,0.443,31.32
2026-02-12 18:13:40.635,112.500,0.324707,0.507568,-0.779053,1.771,-3.015,0.573,31.17
2026-02-12 18:13:40.735,112.600,0.319336,0.506592,-0.780273,1.832,-2.710,0.092,31.51
2026-02-12 18:13:40.835,112.700,0.321777,0.510254,-0.775391,1.649,-2.847,0.107,31.66
2026-02-12 18:13:40.935,112.800,0.321289,0.505859,-0.774414,1.595,-2.840,0.366,31.36
2026-02-12 18:13:41.035,112.900,0.326416,0.504639,-0.779297,1.618,-2.733,0.328,31.66
2026-02-12 18:13:41.135,113.000,0.324707,0.508789,-0.775391,1.542,-2.878,0.237,31.56
2026-02-12 18:13:41.235,113.100,0.322510,0.509277,-0.774414,1.763,-2.794,0.374,31.66
2026-02-12 18:13:41.335,113.200,0.322754,0.510010,-0.774658,1.893,-2.863,0.565,31.46
2026-02-12 18:13:41.435,113.300,0.324951,0.507568,-0.780518,1.763,-2.702,0.496,31.66
2026-02-12 18:13:41.535,113.400,0.324219,0.502441,-0.782715,1.863,-2.740,0.504,31.51
2026-02-12 18:13:41.635,113.500,0.322266,0.508057,-0.778076,1.802,-2.786,0.153,31.66
2026-02-12 18:13:41.735,113.600,0.322266,0.505127,-0.775391,1.565,-2.595,0.076,31.51
2026-02-12 18:13:41.835,113.700,0.323486,0.511230,-0.781982,1.519,-2.962,0.260,31.51
2026-02-12 18:13:41.935,113.800,0.322021,0.506348,-0.780273,1.580,-2.603,0.427,31.46
2026-02-12 18:13:42.035,113.900,0.324219,0.505615,-0.777100,1.901,-3.000,0.305,31.66
2026-02-12 18:13:42.135,114.000,0.320068,0.505371,-0.776367,1.740,-2.756,0.061,31.71
2026-02-12 18:13:42.235,114.100,0.324707,0.507568,-0.780029,1.603,-2.740,0.718,31.56
2026-02-12 18:13:42.335,114.200,0.322266,0.504395,-0.781738,1.725,-3.046,0.618,31.51
2026-02-12 18:13:42.435,114.300,0.322021,0.507568,-0.784180,1.740,-2.817,0.420,31.71
2026-02-12 18:13:42.535,114.400,0.318604,0.505859,-0.774658,1.611,-2.786,0.244,31.71
2026-02-12 18:13:42.635,114.500,0.326660,0.509766,-0.776855,1.878,-2.725,0.198,31.51
2026-02-12 18:13:42.735,114.600,0.320557,0.510498,-0.780273,1.802,-2.809,0.282,31.66
2026-02-12 18:13:42.835,114.700,0.325439,0.506104,-0.783691,1.939,-2.763,0.473,31.32
2026-02-12 18:13:42.935,114.800,0.320557,0.506348,-0.776123,1.634,-2.740,0.450,31.51
2026-02-12 18:13:43.035,114.900,0.319580,0.506836,-0.777344,1.542,-2.756,0.344,31.51
2026-02-12 18:13:43.135,115.000,0.325684,0.504395,-0.781494,1.618,-2.863,0.137,31.66
2026-02-12 18:13:43.235,115.100,0.321045,0.505371,-0.782471,1.489,-2.710,0.351,31.66
2026-02-12 18:13:43.335,115.200,0.320801,0.507080,-0.777832,1.664,-2.756,0.267,31.32
2026-02-12 18:13:43.435,115.300,0.323975,0.503418,-0.783936,1.618,-2.977,0.282,31.66
2026-02-12 18:13:43.535,115.400,0.322754,0.508545,-0.781982,1.641,-2.939,0.137,31.36
2026-02-12 18:13:43.635,115.500,0.322266,0.507080,-0.781250,1.656,-2.603,0.076,31.51
2026-02-12 18:13:43.735,115.600,0.322021,0.508301,-0.783203,1.779,-2.794,0.031,31.51
2026-02-12 18:13:43.835,115.700,0.325928,0.504883,-0.774414,1.679,-2.977,0.282,31.51
2026-02-12 18:13:43.935,115.800,0.322754,0.508301,-0.777832,1.740,-2.939,0.160,31.46
2026-02-12 18:13:44.035,115.900,0.322510,0.505371,-0.775635,1.924,-2.840,0.221,31.66
2026-02-12 18:13:44.135,116.000,0.320557,0.509033,-0.782959,1.740,-2.962,0.298,31.32
2026-02-12 18:13:44.235,116.100,0.322998,0.507080,-0.781494,1.802,-2.786,0.191,31.51
2026-02-12 18:13:44.335,116.200,0.316895,0.504150,-0.775635,1.641,-2.710,0.069,31.51
2026-02-12 18:13:44.435,116.300,0.322510,0.504395,-0.776855,1.573,-2.939,0.275,31.46
2026-02-12 18:13:44.535,116.400,0.324219,0.509277,-0.781006,1.786,-2.985,0.206,31.32
2026-02-12 18:13:44.635,116.500,0.321533,0.507080,-0.778076,1.595,-2.427,0.351,31.46
2026-02-12 18:13:44.735,116.600,0.321777,0.507812,-0.775879,1.710,-2.908,0.221,31.66
2026-02-12 18:13:44.835,116.700,0.322266,0.509521,-0.779785,1.573,-2.924,-0.053,31.76
2026-02-12 18:13:44.935,116.800,0.322998,0.507568,-0.782227,1.603,-2.817,0.321,31.51
2026-02-12 18:13:45.035,116.900,0.325684,0.507568,-0.777344,1.603,-2.733,0.252,31.56
2026-02-12 18:13:45.135,117.000,0.320801,0.504395,-0.776855,1.664,-2.832,0.145,31.51
2026-02-12 18:13:45.235,117.100,0.322266,0.504395,-0.780029,1.702,-2.870,0.046,31.76
2026-02-12 18:13:45.335,117.200,0.323730,0.507812,-0.779053,2.130,-2.809,0.176,31.32
2026-02-12 18:13:45.435,117.300,0.325195,0.507324,-0.781006,1.916,-2.618,0.214,31.51
2026-02-12 18:13:45.535,117.400,0.324219,0.509033,-0.777100,1.695,-2.748,0.191,31.36
2026-02-12 18:13:45.635,117.500,0.325684,0.506104,-0.771240,1.634,-3.191,0.359,31.66
2026-02-12 18:13:45.735,117.600,0.325928,0.509277,-0.779297,1.626,-2.763,0.313,31.51
2026-02-12 18:13:45.835,117.700,0.322266,0.503662,-0.775391,1.786,-2.840,0.290,31.66
2026-02-12 18:13:45.935,117.800,0.322266,0.505859,-0.776855,1.603,-3.031,0.191,31.51
2026-02-12 18:13:46.035,117.900,0.324707,0.507080,-0.777832,1.733,-2.794,-0.153,31.51
2026-02-12 18:13:46.135,118.000,0.324463,0.506592,-0.780273,1.664,-2.702,0.420,31.36
2026-02-12 18:13:46.235,118.100,0.324951,0.510254,-0.778076,1.595,-2.794,0.183,31.36
2026-02-12 18:13:46.335,118.200,0.320068,0.503906,-0.783691,1.603,-2.702,0.389,31.36
2026-02-12 18:13:46.435,118.300,0.321533,0.506836,-0.779053,1.611,-2.901,0.481,31.66
2026-02-12 18:13:46.535,118.400,0.326416,0.504395,-0.780518,1.687,-2.908,0.496,31.32
2026-02-12 18:13:46.635,118.500,0.322754,0.506348,-0.776123,1.649,-2.771,0.519,31.46
2026-02-12 18:13:46.735,118.600,0.324707,0.508301,-0.780029,1.580,-2.809,0.221,31.46
2026-02-12 18:13:46.835,118.700,0.321777,0.504639,-0.778320,1.557,-2.885,0.130,31.66
2026-02-12 18:13:46.935,118.800,0.319092,0.505859,-0.777588,1.580,-2.908,0.328,31.36
2026-02-12 18:13:47.035,118.900,0.323975,0.509277,-0.775391,1.763,-2.733,0.336,31.66
2026-02-12 18:13:47.135,119.000,0.324707,0.506104,-0.779053,1.595,-2.710,0.267,31.46
2026-02-12 18:13:47.235,119.100,0.321045,0.506836,-0.779785,1.947,-3.069,0.145,31.22
2026-02-12 18:13:47.335,119.200,0.322510,0.506104,-0.780029,1.786,-2.878,0.557,31.51
2026-02-12 18:13:47.435,119.300,0.320557,0.506592,-0.770752,1.870,-2.840,0.084,31.51
2026-02-12 18:13:47.535,119.400,0.323486,0.506592,-0.772705,2.000,-3.122,0.183,31.51
2026-02-12 18:13:47.635,119.500,0.324463,0.504639,-0.780762,1.687,-2.962,0.351,31.66
2026-02-12 18:13:47.735,119.600,0.322754,0.504395,-0.779541,1.809,-2.969,0.130,31.32
2026-02-12 18:13:47.835,119.700,0.323975,0.508301,-0.778320,1.344,-2.725,-0.023,31.71
2026-02-12 18:13:47.935,119.800,0.320068,0.508301,-0.783447,1.824,-2.885,0.397,31.66
2026-02-12 18:13:48.035,119.900,0.322510,0.506104,-0.784424,1.794,-2.939,0.206,31.56
2026-02-12 18:13:48.135,120.000,0.322754,0.505859,-0.779297,1.718,-2.779,0.145,31.22
2026-02-12 18:13:48.235,120.100,0.319336,0.502441,-0.778076,1.916,-2.687,0.351,31.36
2026-02-12 18:13:48.335,120.200,0.323242,0.505371,-0.777344,1.802,-2.603,0.282,31.36
2026-02-12 18:13:48.435,120.300,0.324707,0.509033,-0.777100,1.542,-2.786,0.511,31.32
2026-02-12 18:13:48.535,120.400,0.319824,0.507812,-0.776855,1.840,-2.847,0.046,31.71
2026-02-12 18:13:48.635,120.500,0.322998,0.508301,-0.779297,1.908,-2.931,0.511,31.66
2026-02-12 18:13:48.735,120.600,0.323975,0.508545,-0.779541,1.641,-3.053,0.298,31.22
2026-02-12 18:13:48.835,120.700,0.323486,0.507568,-0.782227,1.710,-2.618,0.344,31.51
2026-02-12 18:13:48.935,120.800,0.323975,0.506104,-0.779785,1.779,-3.000,0.344,31.36
2026-02-12 18:13:49.035,120.900,0.320801,0.509033,-0.780762,1.840,-2.771,0.481,31.51
2026-02-12 18:13:49.135,121.000,0.322510,0.504639,-0.776611,1.618,-2.939,0.000,31.32
2026-02-12 18:13:49.235,121.100,0.321533,0.506836,-0.784424,1.695,-2.763,0.344,31.17
2026-02-12 18:13:49.335,121.200,0.322510,0.504883,-0.775391,1.580,-2.878,0.191,31.51
2026-02-12 18:13:49.435,121.300,0.320801,0.502441,-0.781006,1.779,-3.008,0.153,31.71
2026-02-12 18:13:49.535,121.400,0.324219,0.506836,-0.779541,1.763,-2.931,0.145,31.51
2026-02-12 18:13:49.635,121.500,0.323730,0.502686,-0.777832,1.634,-3.084,0.031,31.46
2026-02-12 18:13:49.735,121.600,0.323730,0.505615,-0.775635,1.725,-2.702,0.145,31.66
2026-02-12 18:13:49.835,121.700,0.320312,0.503174,-0.783447,1.779,-2.718,0.160,31.46
2026-02-12 18:13:49.935,121.800,0.322266,0.510010,-0.773193,1.733,-2.786,0.344,31.51
2026-02-12 18:13:50.035,121.900,0.320801,0.505371,-0.776367,1.573,-2.824,0.069,31.22
2026-02-12 18:13:50.135,122.000,0.326416,0.507812,-0.782227,2.000,-2.595,0.397,31.32
2026-02-12 18:13:50.235,122.100,0.321289,0.505615,-0.780273,1.519,-2.969,0.420,31.51
2026-02-12 18:13:50.335,122.200,0.324219,0.508789,-0.777832,1.557,-2.924,0.237,31.32
2026-02-12 18:13:50.435,122.300,0.320801,0.506104,-0.782471,1.542,-2.779,0.336,31.66
2026-02-12 18:13:50.535,122.400,0.323730,0.507324,-0.786377,1.702,-2.901,0.099,31.32
2026-02-12 18:13:50.635,122.500,0.323486,0.507812,-0.780762,1.885,-2.779,0.427,31.32
2026-02-12 18:13:50.735,122.600,0.322510,0.503418,-0.781250,1.656,-2.779,0.206,31.56
2026-02-12 18:13:50.835,122.700,0.322021,0.509766,-0.773682,1.885,-2.939,0.084,31.71
2026-02-12 18:13:50.935,122.800,0.322754,0.505859,-0.773926,1.603,-2.748,0.046,31.46
2026-02-12 18:13:51.035,122.900,0.321777,0.507324,-0.774902,1.733,-2.916,0.237,31.66
2026-02-12 18:13:51.135,123.000,0.325928,0.509033,-0.777100,1.649,-2.809,0.137,31.51
2026-02-12 18:13:51.235,123.100,0.322754,0.503418,-0.780029,1.641,-2.695,0.160,31.56
2026-02-12 18:13:51.335,123.200,0.319580,0.507080,-0.777832,1.771,-2.924,0.115,31.51
2026-02-12 18:13:51.435,123.300,0.322021,0.510986,-0.780518,1.672,-2.969,0.183,31.71
2026-02-12 18:13:51.535,123.400,0.322021,0.510498,-0.781738,1.603,-2.878,0.321,31.51
2026-02-12 18:13:51.635,123.500,0.323975,0.505127,-0.784180,1.771,-2.870,0.237,31.17
2026-02-12 18:13:51.735,123.600,0.322998,0.505615,-0.777344,1.542,-2.893,0.252,31.32
2026-02-12 18:13:51.835,123.700,0.319824,0.509033,-0.782715,1.710,-2.817,0.252,31.56
2026-02-12 18:13:51.935,123.800,0.322754,0.507324,-0.780762,1.695,-2.855,0.031,31.66
2026-02-12 18:13:52.035,123.900,0.322510,0.508789,-0.772705,1.794,-2.908,0.344,31.66
2026-02-12 18:13:52.135,124.000,0.323486,0.505859,-0.779785,1.496,-2.794,0.313,31.46
2026-02-12 18:13:52.235,124.100,0.321289,0.507568,-0.773193,1.817,-2.794,0.336,31.71
2026-02-12 18:13:52.335,124.200,0.325684,0.507080,-0.782959,1.786,-2.870,0.183,31.56
2026-02-12 18:13:52.435,124.300,0.322998,0.507812,-0.778809,1.962,-2.817,0.450,31.56
2026-02-12 18:13:52.535,124.400,0.322510,0.505371,-0.782715,1.733,-2.992,0.267,31.51
2026-02-12 18:13:52.635,124.500,0.319336,0.503662,-0.780029,1.435,-2.763,0.191,31.66
2026-02-12 18:13:52.735,124.600,0.321777,0.510498,-0.779541,1.824,-2.550,0.046,31.32
2026-02-12 18:13:52.835,124.700,0.323975,0.508057,-0.785889,1.878,-2.786,0.412,31.51
2026-02-12 18:13:52.935,124.800,0.323730,0.509033,-0.780029,1.786,-3.023,0.443,31.56
2026-02-12 18:13:53.035,124.900,0.322998,0.505859,-0.781250,1.718,-2.855,0.595,31.36
2026-02-12 18:13:53.135,125.000,0.324707,0.508301,-0.778564,1.748,-2.786,0.397,31.71
2026-02-12 18:13:53.235,125.100,0.325195,0.504639,-0.774170,1.534,-3.145,0.237,31.36
2026-02-12 18:13:53.335,125.200,0.325439,0.508301,-0.770996,1.748,-2.725,0.321,31.71
2026-02-12 18:13:53.435,125.300,0.321533,0.509033,-0.782227,1.954,-2.901,0.023,31.66
2026-02-12 18:13:53.535,125.400,0.320801,0.507324,-0.781494,1.710,-2.702,0.176,31.32
2026-02-12 18:13:53.635,125.500,0.323975,0.508545,-0.781738,1.901,-3.023,0.275,31.56
2026-02-12 18:13:53.735,125.600,0.320068,0.503174,-0.781250,1.511,-2.985,0.099,31.36
2026-02-12 18:13:53.835,125.700,0.323242,0.510254,-0.780029,1.779,-2.931,0.168,31.32
2026-02-12 18:13:53.935,125.800,0.324219,0.510498,-0.773682,1.580,-2.908,0.206,31.51
2026-02-12 18:13:54.035,125.900,0.328613,0.508057,-0.779785,1.580,-2.679,0.389,31.36
2026-02-12 18:13:54.135,126.000,0.323242,0.509766,-0.775391,1.565,-2.832,0.305,31.56
2026-02-12 18:13:54.235,126.100,0.324463,0.508545,-0.782471,1.802,-2.710,0.229,31.66
2026-02-12 18:13:54.335,126.200,0.320312,0.506836,-0.776611,1.718,-2.710,0.443,31.51
2026-02-12 18:13:54.435,126.300,0.321533,0.507568,-0.780762,1.656,-2.908,0.099,31.51
2026-02-12 18:13:54.535,126.400,0.325195,0.509521,-0.781250,1.519,-2.962,0.298,31.36
2026-02-12 18:13:54.635,126.500,0.325439,0.504639,-0.777344,1.954,-2.809,0.366,31.46
2026-02-12 18:13:54.735,126.600,0.321533,0.507568,-0.775879,1.702,-2.641,0.298,31.32
2026-02-12 18:13:54.835,126.700,0.321777,0.508301,-0.777588,1.695,-2.870,0.008,31.46
2026-02-12 18:13:54.935,126.800,0.322754,0.506592,-0.775879,1.542,-3.015,0.351,31.51
2026-02-12 18:13:55.035,126.900,0.320068,0.503906,-0.775879,1.870,-2.977,0.244,31.66
2026-02-12 18:13:55.135,127.000,0.324707,0.504883,-0.777832,1.870,-2.901,0.153,31.66
2026-02-12 18:13:55.235,127.100,0.322021,0.505127,-0.781250,1.702,-2.740,0.321,31.32
2026-02-12 18:13:55.335,127.200,0.323242,0.505615,-0.773438,1.786,-2.710,0.084,31.36
2026-02-12 18:13:55.435,127.300,0.322510,0.506348,-0.778809,1.557,-2.618,0.145,31.46
2026-02-12 18:13:55.535,127.400,0.320068,0.508057,-0.778564,1.504,-2.847,0.275,31.51
2026-02-12 18:13:55.635,127.500,0.321289,0.507080,-0.774658,1.672,-2.962,0.160,31.36
2026-02-12 18:13:55.735,127.600,0.320801,0.506836,-0.783203,1.763,-2.832,0.496,31.46
2026-02-12 18:13:55.835,127.700,0.327148,0.507080,-0.774902,1.786,-3.168,0.382,31.51
2026-02-12 18:13:55.935,127.800,0.320801,0.506348,-0.773682,1.763,-2.985,0.305,31.46
2026-02-12 18:13:56.035,127.900,0.321289,0.506592,-0.775635,1.588,-2.527,0.145,31.51
2026-02-12 18:13:56.135,128.000,0.322754,0.508789,-0.778320,1.611,-2.779,0.275,31.56
2026-02-12 18:13:56.235,128.100,0.323486,0.507324,-0.779297,1.931,-3.015,0.298,31.46
2026-02-12 18:13:56.335,128.200,0.320312,0.507812,-0.781494,1.809,-2.763,0.107,31.71
2026-02-12 18:13:56.435,128.300,0.320068,0.507568,-0.784912,1.763,-2.878,0.137,31.66
2026-02-12 18:13:56.535,128.400,0.320557,0.507812,-0.776611,1.603,-2.763,0.282,31.36
2026-02-12 18:13:56.635,128.500,0.325195,0.504883,-0.777832,1.885,-2.794,0.076,31.66
2026-02-12 18:13:56.735,128.600,0.317627,0.505127,-0.782715,1.511,-2.542,0.198,31.66
2026-02-12 18:13:56.835,128.700,0.323242,0.504883,-0.780029,1.740,-2.771,0.427,31.46
2026-02-12 18:13:56.935,128.800,0.322754,0.510010,-0.775146,1.618,-2.756,0.092,31.56
2026-02-12 18:13:57.035,128.900,0.324707,0.509277,-0.777588,1.634,-2.817,0.718,31.17
2026-02-12 18:13:57.135,129.000,0.322510,0.504883,-0.779785,1.954,-2.771,0.595,31.46
2026-02-12 18:13:57.235,129.100,0.323975,0.510010,-0.781494,1.473,-2.870,0.359,31.46
2026-02-12 18:13:57.335,129.200,0.323242,0.507324,-0.781738,1.656,-2.939,0.282,31.66
2026-02-12 18:13:57.435,129.300,0.324951,0.505859,-0.775391,1.687,-3.023,0.229,31.46
2026-02-12 18:13:57.535,129.400,0.320312,0.505127,-0.780518,1.748,-2.687,0.092,31.36
2026-02-12 18:13:57.635,129.500,0.323975,0.507568,-0.779541,1.664,-2.947,-0.038,31.71
2026-02-12 18:13:57.735,129.600,0.320801,0.506348,-0.776611,1.779,-2.718,0.473,31.66
2026-02-12 18:13:57.835,129.700,0.321045,0.505615,-0.781982,1.595,-3.092,0.229,31.71
2026-02-12 18:13:57.935,129.800,0.318848,0.509033,-0.781250,1.664,-2.863,0.145,31.17
2026-02-12 18:13:58.035,129.900,0.321289,0.507324,-0.772949,1.908,-2.817,0.046,31.36
2026-02-12 18:13:58.135,130.000,0.321533,0.505127,-0.786865,1.924,-2.969,0.275,31.36
2026-02-12 18:13:58.235,130.100,0.319336,0.506836,-0.780273,1.664,-2.817,0.244,31.56
2026-02-12 18:13:58.335,130.200,0.317383,0.508301,-0.784912,1.824,-2.779,0.382,31.66
2026-02-12 18:13:58.435,130.300,0.320068,0.508301,-0.781006,1.656,-2.832,0.336,31.66
2026-02-12 18:13:58.535,130.400,0.317627,0.509766,-0.778564,1.756,-2.969,0.389,31.36
2026-02-12 18:13:58.635,130.500,0.322998,0.509521,-0.781982,1.779,-2.954,0.496,31.66
2026-02-12 18:13:58.735,130.600,0.320557,0.509277,-0.779053,1.771,-2.847,0.145,31.66
2026-02-12 18:13:58.835,130.700,0.321045,0.508057,-0.780273,1.855,-2.695,0.168,31.36
2026-02-12 18:13:58.935,130.800,0.321289,0.505859,-0.784180,2.031,-2.649,0.183,31.66
2026-02-12 18:13:59.035,130.900,0.323486,0.508057,-0.778564,1.702,-2.740,0.221,31.66
2026-02-12 18:13:59.135,131.000,0.323242,0.505615,-0.778809,1.702,-2.649,0.168,31.56
2026-02-12 18:13:59.235,131.100,0.321045,0.511230,-0.777588,1.901,-3.061,0.351,31.36
2026-02-12 18:13:59.335,131.200,0.320557,0.504883,-0.776611,1.496,-3.046,0.649,31.32
2026-02-12 18:13:59.435,131.300,0.322510,0.507568,-0.779297,1.725,-2.947,0.176,31.66
2026-02-12 18:13:59.535,131.400,0.326416,0.505615,-0.779053,1.733,-2.817,0.099,31.66
2026-02-12 18:13:59.635,131.500,0.320557,0.509033,-0.777832,1.557,-2.916,-0.046,31.66
2026-02-12 18:13:59.735,131.600,0.320557,0.502930,-0.781006,1.557,-3.122,0.298,31.66
2026-02-12 18:13:59.835,131.700,0.320312,0.508057,-0.772705,1.802,-2.733,0.061,31.51
2026-02-12 18:13:59.935,131.800,0.322021,0.509766,-0.779053,1.855,-2.916,0.504,31.36
2026-02-12 18:14:00.035,131.900,0.324463,0.505615,-0.783691,1.947,-2.824,0.214,31.66
2026-02-12 18:14:00.135,132.000,0.324219,0.509521,-0.781250,1.695,-3.015,0.130,31.46
2026-02-12 18:14:00.235,132.100,0.323486,0.504395,-0.778320,1.634,-2.977,0.206,31.66
2026-02-12 18:14:00.335,132.200,0.319336,0.502930,-0.778320,1.542,-2.939,0.282,31.51
2026-02-12 18:14:00.435,132.300,0.322510,0.505371,-0.783691,1.534,-2.832,0.160,31.32
2026-02-12 18:14:00.535,132.400,0.320801,0.504639,-0.777344,1.794,-2.847,0.244,31.32
2026-02-12 18:14:00.635,132.500,0.320801,0.505127,-0.772705,1.786,-2.947,0.328,31.51
2026-02-12 18:14:00.735,132.600,0.324707,0.503174,-0.779541,1.786,-2.977,0.344,31.76
2026-02-12 18:14:00.835,132.700,0.322021,0.509033,-0.776367,1.870,-2.870,0.298,31.46
2026-02-12 18:14:00.935,132.800,0.321777,0.504639,-0.778076,1.695,-2.809,0.099,31.56
2026-02-12 18:14:01.035,132.900,0.319824,0.504150,-0.776611,1.603,-2.679,0.336,31.66
2026-02-12 18:14:01.135,133.000,0.320068,0.510498,-0.780273,1.496,-2.740,0.214,31.46
2026-02-12 18:14:01.235,133.100,0.320312,0.501221,-0.781006,1.870,-2.809,0.305,31.32
2026-02-12 18:14:01.335,133.200,0.322754,0.508545,-0.776367,1.557,-2.725,0.466,31.56
2026-02-12 18:14:01.435,133.300,0.322266,0.504883,-0.777100,1.649,-2.947,0.321,31.32
2026-02-12 18:14:01.535,133.400,0.323975,0.510986,-0.782471,1.748,-2.733,0.145,31.66
2026-02-12 18:14:01.635,133.500,0.322510,0.507080,-0.781250,1.527,-3.153,0.260,31.66
2026-02-12 18:14:01.735,133.600,0.322754,0.506836,-0.777832,1.870,-2.656,0.206,31.51
2026-02-12 18:14:01.835,133.700,0.319092,0.510742,-0.777832,1.588,-2.756,0.260,31.51
2026-02-12 18:14:01.935,133.800,0.320801,0.511963,-0.781738,1.687,-2.924,0.229,31.51
2026-02-12 18:14:02.035,133.900,0.322998,0.510742,-0.779297,1.603,-2.847,0.305,31.32
2026-02-12 18:14:02.135,134.000,0.324707,0.510986,-0.780762,1.908,-2.954,0.504,31.32
2026-02-12 18:14:02.235,134.100,0.321777,0.502686,-0.781006,1.878,-2.954,0.290,31.32
2026-02-12 18:14:02.335,134.200,0.319824,0.506104,-0.784912,1.489,-2.878,0.336,31.56
2026-02-12 18:14:02.435,134.300,0.322998,0.503418,-0.779785,1.595,-2.878,0.168,31.66
2026-02-12 18:14:02.535,134.400,0.321289,0.509766,-0.776611,1.542,-2.969,0.137,31.46
2026-02-12 18:14:02.635,134.500,0.323486,0.506836,-0.780273,1.557,-2.947,0.229,31.46
2026-02-12 18:14:02.735,134.600,0.322266,0.509277,-0.781982,1.931,-2.924,0.206,31.51
2026-02-12 18:14:02.835,134.700,0.324707,0.507080,-0.773682,1.702,-2.664,0.053,31.66
2026-02-12 18:14:02.935,134.800,0.321777,0.509033,-0.774170,1.725,-2.710,0.298,31.51
2026-02-12 18:14:03.035,134.900,0.321533,0.503662,-0.781982,1.786,-2.840,0.542,31.36
2026-02-12 18:14:03.135,135.000,0.324219,0.507080,-0.781494,1.794,-2.824,-0.046,31.51
2026-02-12 18:14:03.235,135.100,0.319580,0.509521,-0.777100,1.916,-2.947,0.359,31.46
2026-02-12 18:14:03.335,135.200,0.319092,0.508545,-0.781982,1.672,-3.107,0.153,31.51
2026-02-12 18:14:03.435,135.300,0.321289,0.506592,-0.772949,1.603,-2.992,0.359,31.46
2026-02-12 18:14:03.535,135.400,0.324707,0.504883,-0.780273,1.718,-2.794,0.489,31.46
2026-02-12 18:14:03.635,135.500,0.323486,0.508057,-0.780518,1.840,-2.893,0.275,31.56
2026-02-12 18:14:03.735,135.600,0.321045,0.507568,-0.783691,1.748,-2.809,0.275,31.66
2026-02-12 18:14:03.835,135.700,0.324951,0.506348,-0.772949,1.557,-2.924,0.336,31.46
2026-02-12 18:14:03.935,135.800,0.321533,0.509277,-0.777588,1.756,-2.817,0.107,31.46
2026-02-12 18:14:04.035,135.900,0.322754,0.505859,-0.780273,1.649,-2.779,0.496,31.22
2026-02-12 18:14:04.135,136.000,0.321289,0.504395,-0.777100,1.710,-2.702,0.107,31.36
2026-02-12 18:14:04.235,136.100,0.322266,0.504395,-0.780029,1.733,-3.015,0.420,31.66
2026-02-12 18:14:04.335,136.200,0.323730,0.504883,-0.777832,1.695,-2.718,0.313,31.46
2026-02-12 18:14:04.435,136.300,0.320312,0.504639,-0.775879,1.740,-2.916,0.160,31.66
2026-02-12 18:14:04.535,136.400,0.317383,0.502930,-0.775635,1.344,-2.962,0.031,31.51
2026-02-12 18:14:04.635,136.500,0.323975,0.503662,-0.784180,1.786,-2.725,0.176,31.46
2026-02-12 18:14:04.735,136.600,0.321289,0.505615,-0.784668,1.580,-2.817,-0.031,31.36
2026-02-12 18:14:04.835,136.700,0.322266,0.503906,-0.776123,1.710,-2.931,0.405,31.36
2026-02-12 18:14:04.935,136.800,0.318848,0.505859,-0.774170,1.977,-2.901,0.252,31.71
2026-02-12 18:14:05.035,136.900,0.322754,0.510254,-0.785156,1.916,-2.786,0.588,31.36
2026-02-12 18:14:05.135,137.000,0.320312,0.511719,-0.775391,1.626,-2.817,0.336,31.36
2026-02-12 18:14:05.235,137.100,0.326660,0.507080,-0.778564,1.603,-2.924,0.511,31.76
2026-02-12 18:14:05.335,137.200,0.320557,0.504150,-0.777588,1.702,-2.885,0.420,31.32
2026-02-12 18:14:05.435,137.300,0.321045,0.504639,-0.778320,1.840,-3.031,0.099,31.36
2026-02-12 18:14:05.535,137.400,0.326172,0.508545,-0.782959,1.824,-3.153,0.069,31.46
2026-02-12 18:14:05.635,137.500,0.322754,0.506592,-0.776611,1.580,-2.832,0.160,31.66
2026-02-12 18:14:05.735,137.600,0.319336,0.505859,-0.782959,1.802,-2.672,-0.099,31.71
2026-02-12 18:14:05.835,137.700,0.320312,0.506836,-0.779297,1.702,-2.962,0.359,31.51
2026-02-12 18:14:05.935,137.800,0.321045,0.507568,-0.781250,1.534,-2.748,0.366,31.51
2026-02-12 18:14:06.035,137.900,0.321289,0.511719,-0.775146,1.718,-2.840,0.092,31.46
2026-02-12 18:14:06.135,138.000,0.322266,0.509033,-0.784668,1.802,-2.931,0.137,31.32
2026-02-12 18:14:06.235,138.100,0.323486,0.507812,-0.776367,1.939,-2.794,0.351,31.71
2026-02-12 18:14:06.335,138.200,0.323975,0.510254,-0.781006,1.588,-2.847,0.290,31.71
2026-02-12 18:14:06.435,138.300,0.324463,0.505371,-0.776123,1.718,-2.908,0.382,31.32
2026-02-12 18:14:06.535,138.400,0.326660,0.505127,-0.787842,1.725,-2.832,0.412,31.36
2026-02-12 18:14:06.635,138.500,0.319336,0.505127,-0.776855,1.626,-2.885,0.351,31.66
2026-02-12 18:14:06.735,138.600,0.323242,0.504883,-0.776367,1.840,-2.756,0.053,31.46
2026-02-12 18:14:06.835,138.700,0.322510,0.507812,-0.780029,1.702,-2.824,0.214,31.36
2026-02-12 18:14:06.935,138.800,0.321289,0.504395,-0.788574,1.481,-2.771,0.183,31.32
2026-02-12 18:14:07.035,138.900,0.324951,0.504883,-0.780762,2.038,-2.916,0.313,31.51
2026-02-12 18:14:07.135,139.000,0.321045,0.509766,-0.782471,1.687,-2.656,0.214,31.36
2026-02-12 18:14:07.235,139.100,0.321533,0.506104,-0.781250,2.038,-3.038,0.382,31.66
2026-02-12 18:14:07.335,139.200,0.322021,0.507568,-0.780518,1.695,-2.710,0.183,31.51
2026-02-12 18:14:07.435,139.300,0.323486,0.511230,-0.780029,1.542,-2.802,0.427,31.66
2026-02-12 18:14:07.535,139.400,0.325439,0.506348,-0.782471,1.779,-2.748,0.076,31.56
2026-02-12 18:14:07.635,139.500,0.322754,0.510498,-0.775146,1.710,-2.786,0.206,31.66
2026-02-12 18:14:07.735,139.600,0.325439,0.507080,-0.779785,1.649,-2.595,0.298,31.51
2026-02-12 18:14:07.835,139.700,0.323242,0.506836,-0.780029,1.672,-2.550,0.321,31.56
2026-02-12 18:14:07.935,139.800,0.323975,0.510254,-0.782715,1.603,-2.756,0.527,31.66
2026-02-12 18:14:08.035,139.900,0.324707,0.502686,-0.777100,1.588,-2.626,0.115,31.36
2026-02-12 18:14:08.135,140.000,0.317383,0.507080,-0.779297,1.908,-2.603,0.382,31.56
2026-02-12 18:14:08.235,140.100,0.323486,0.509766,-0.777588,1.748,-2.779,0.344,31.51
2026-02-12 18:14:08.335,140.200,0.324951,0.507324,-0.780762,1.565,-2.733,0.061,31.46
2026-02-12 18:14:08.435,140.300,0.323975,0.509033,-0.778320,1.672,-2.786,0.176,31.51
2026-02-12 18:14:08.535,140.400,0.323730,0.505859,-0.777588,1.565,-2.679,0.023,31.51
2026-02-12 18:14:08.635,140.500,0.322510,0.507812,-0.781250,1.725,-2.786,0.023,31.46
2026-02-12 18:14:08.735,140.600,0.323486,0.507568,-0.780029,1.687,-2.863,0.427,31.51
2026-02-12 18:14:08.835,140.700,0.323975,0.504395,-0.777588,1.618,-2.725,0.290,31.32
2026-02-12 18:14:08.935,140.800,0.323486,0.512207,-0.776123,1.725,-2.893,0.244,31.32
2026-02-12 18:14:09.035,140.900,0.323242,0.507812,-0.777832,1.817,-2.786,0.450,31.71
2026-02-12 18:14:09.135,141.000,0.320312,0.507568,-0.782471,1.656,-2.725,0.191,31.32
2026-02-12 18:14:09.235,141.100,0.324463,0.510742,-0.782227,1.863,-2.809,0.092,31.66
2026-02-12 18:14:09.335,141.200,0.327148,0.507324,-0.777344,1.595,-2.977,0.145,31.51
2026-02-12 18:14:09.435,141.300,0.321289,0.509033,-0.779053,1.656,-2.725,0.153,31.36
2026-02-12 18:14:09.535,141.400,0.322510,0.510986,-0.779785,1.611,-2.756,0.176,31.51
2026-02-12 18:14:09.635,141.500,0.321289,0.507080,-0.776855,1.786,-2.702,0.282,31.46
2026-02-12 18:14:09.735,141.600,0.322510,0.505371,-0.781738,1.855,-2.992,0.366,31.36
2026-02-12 18:14:09.835,141.700,0.325439,0.507324,-0.786621,1.863,-2.710,0.305,31.22
2026-02-12 18:14:09.935,141.800,0.317627,0.504639,-0.775635,1.580,-2.710,0.374,31.36
2026-02-12 18:14:10.035,141.900,0.324951,0.505615,-0.780762,1.817,-2.992,0.145,31.66
2026-02-12 18:14:10.135,142.000,0.317627,0.505127,-0.776367,1.702,-2.977,0.176,31.46
2026-02-12 18:14:10.235,142.100,0.322021,0.508057,-0.781250,1.595,-3.053,0.099,31.36
2026-02-12 18:14:10.335,142.200,0.326172,0.507324,-0.773193,1.817,-2.824,0.237,31.36
2026-02-12 18:14:10.435,142.300,0.322021,0.507080,-0.777832,1.733,-2.718,0.359,31.46
2026-02-12 18:14:10.535,142.400,0.320312,0.507568,-0.775635,1.710,-2.656,0.282,31.22
2026-02-12 18:14:10.635,142.500,0.321533,0.507080,-0.781982,1.847,-2.794,0.198,31.17
2026-02-12 18:14:10.735,142.600,0.322754,0.507812,-0.785400,1.748,-2.840,0.084,31.56
2026-02-12 18:14:10.835,142.700,0.321289,0.504639,-0.778564,1.550,-2.809,0.305,31.66
2026-02-12 18:14:10.935,142.800,0.322021,0.508301,-0.776367,1.878,-2.824,0.328,31.51
2026-02-12 18:14:11.035,142.900,0.322754,0.508057,-0.777832,1.626,-3.176,0.183,31.66
2026-02-12 18:14:11.135,143.000,0.323486,0.503174,-0.783936,1.679,-2.794,0.328,31.32
2026-02-12 18:14:11.235,143.100,0.323242,0.503418,-0.777588,1.725,-2.748,0.084,31.66
2026-02-12 18:14:11.335,143.200,0.318848,0.505859,-0.772461,1.649,-2.649,0.550,31.66
2026-02-12 18:14:11.435,143.300,0.320557,0.504150,-0.779785,1.763,-2.885,0.427,31.36
2026-02-12 18:14:11.535,143.400,0.320557,0.502930,-0.780029,1.687,-2.977,0.557,31.51
2026-02-12 18:14:11.635,143.500,0.325195,0.502930,-0.775879,1.550,-3.038,0.221,31.66
2026-02-12 18:14:11.735,143.600,0.321289,0.505371,-0.778076,1.450,-2.885,0.580,31.36
2026-02-12 18:14:11.835,143.700,0.323242,0.508057,-0.781006,1.679,-2.695,0.046,31.66
2026-02-12 18:14:11.935,143.800,0.322266,0.508545,-0.778320,1.824,-2.733,0.153,31.51
2026-02-12 18:14:12.035,143.900,0.322998,0.507080,-0.783936,1.573,-2.840,0.137,31.51
2026-02-12 18:14:12.135,144.000,0.325195,0.510010,-0.779785,1.542,-2.634,0.481,31.66
2026-02-12 18:14:12.235,144.100,0.323486,0.506104,-0.773438,1.771,-2.748,0.481,31.51
2026-02-12 18:14:12.335,144.200,0.327393,0.508301,-0.775635,1.672,-2.511,0.664,31.51
2026-02-12 18:14:12.435,144.300,0.323486,0.506348,-0.777344,1.557,-3.000,0.321,31.66
2026-02-12 18:14:12.535,144.400,0.320557,0.507324,-0.777832,1.641,-2.603,0.565,31.46
2026-02-12 18:14:12.635,144.500,0.318115,0.505615,-0.778076,1.641,-2.748,0.557,31.36
2026-02-12 18:14:12.735,144.600,0.322266,0.502197,-0.776855,1.786,-2.908,0.443,31.32
2026-02-12 18:14:12.835,144.700,0.321533,0.505615,-0.774658,1.496,-2.756,0.221,31.66
2026-02-12 18:14:12.935,144.800,0.323242,0.503906,-0.780273,1.779,-2.786,0.336,31.51
2026-02-12 18:14:13.035,144.900,0.319336,0.506592,-0.775391,1.977,-2.847,0.366,31.36
2026-02-12 18:14:13.135,145.000,0.320068,0.507812,-0.778809,1.679,-2.733,0.321,31.32
2026-02-12 18:14:13.235,145.100,0.324219,0.506592,-0.780273,1.847,-2.977,0.183,31.51
2026-02-12 18:14:13.335,145.200,0.322510,0.506836,-0.774170,1.824,-2.924,0.214,31.32
2026-02-12 18:14:13.435,145.300,0.322266,0.507080,-0.781006,1.710,-2.924,0.214,31.66
2026-02-12 18:14:13.535,145.400,0.321533,0.510986,-0.774902,1.687,-2.580,0.534,31.71
2026-02-12 18:14:13.635,145.500,0.322998,0.508057,-0.779541,1.679,-2.840,0.313,31.36
2026-02-12 18:14:13.735,145.600,0.322021,0.502930,-0.776123,1.443,-2.802,-0.038,31.51
2026-02-12 18:14:13.835,145.700,0.322510,0.506836,-0.778076,1.656,-2.870,0.008,31.36
2026-02-12 18:14:13.935,145.800,0.324707,0.506836,-0.785889,1.618,-2.962,0.076,31.66
2026-02-12 18:14:14.035,145.900,0.322998,0.504883,-0.776611,1.748,-2.802,0.313,31.51
2026-02-12 18:14:14.135,146.000,0.324219,0.506592,-0.781982,1.588,-3.046,0.389,31.36
2026-02-12 18:14:14.235,146.100,0.326172,0.504883,-0.778809,1.779,-2.634,0.450,31.17
2026-02-12 18:14:14.335,146.200,0.320801,0.506348,-0.779053,1.756,-2.870,0.183,31.66
2026-02-12 18:14:14.435,146.300,0.322266,0.506104,-0.777832,1.672,-2.908,0.328,31.76
2026-02-12 18:14:14.535,146.400,0.324219,0.511230,-0.782471,1.817,-2.863,0.336,31.66
2026-02-12 18:14:14.635,146.500,0.320557,0.504150,-0.779297,1.634,-2.679,0.511,31.32
2026-02-12 18:14:14.735,146.600,0.323486,0.509033,-0.779541,1.595,-2.885,0.282,31.51
2026-02-12 18:14:14.835,146.700,0.319336,0.501709,-0.779297,1.725,-2.985,0.542,31.51
2026-02-12 18:14:14.935,146.800,0.323242,0.505127,-0.772217,1.656,-2.748,0.206,31.66
2026-02-12 18:14:15.035,146.900,0.324951,0.509033,-0.782715,1.725,-2.855,0.412,31.51
2026-02-12 18:14:15.135,147.000,0.325928,0.505371,-0.779053,1.977,-2.847,0.527,31.56
2026-02-12 18:14:15.235,147.100,0.320068,0.508057,-0.778564,1.824,-2.740,0.206,31.17
2026-02-12 18:14:15.335,147.200,0.319092,0.503418,-0.776855,1.794,-2.901,0.191,31.02
2026-02-12 18:14:15.435,147.300,0.323242,0.508789,-0.779053,1.580,-3.076,0.427,31.51
2026-02-12 18:14:15.535,147.400,0.327148,0.507080,-0.782715,1.756,-2.832,0.153,31.51
2026-02-12 18:14:15.635,147.500,0.323486,0.502930,-0.776611,1.954,-2.802,0.252,31.32
2026-02-12 18:14:15.735,147.600,0.320801,0.509033,-0.775879,1.740,-2.511,0.206,31.32
2026-02-12 18:14:15.835,147.700,0.323242,0.505615,-0.780029,1.748,-2.756,0.328,31.46
2026-02-12 18:14:15.935,147.800,0.326660,0.506592,-0.777344,1.687,-2.573,0.137,31.51
2026-02-12 18:14:16.035,147.900,0.322266,0.506104,-0.776855,1.824,-2.977,0.290,31.36
2026-02-12 18:14:16.135,148.000,0.324951,0.505859,-0.779297,1.634,-2.748,0.305,31.71
2026-02-12 18:14:16.235,148.100,0.322266,0.510498,-0.776123,1.557,-2.908,0.443,31.76
2026-02-12 18:14:16.335,148.200,0.321289,0.505859,-0.775879,1.840,-2.908,0.420,31.66
2026-02-12 18:14:16.435,148.300,0.319336,0.508301,-0.773926,1.679,-2.901,0.260,31.66
2026-02-12 18:14:16.535,148.400,0.322266,0.509033,-0.778320,1.756,-2.840,0.336,31.51
2026-02-12 18:14:16.635,148.500,0.321289,0.508545,-0.780762,1.748,-2.626,0.046,31.46
2026-02-12 18:14:16.735,148.600,0.321777,0.508301,-0.774414,1.641,-2.779,0.221,31.66
2026-02-12 18:14:16.835,148.700,0.319092,0.503174,-0.782959,1.649,-2.855,0.267,31.36
2026-02-12 18:14:16.935,148.800,0.323242,0.507080,-0.776611,1.718,-2.748,0.176,31.36
2026-02-12 18:14:17.035,148.900,0.322510,0.507080,-0.780762,1.580,-2.901,0.366,31.51
2026-02-12 18:14:17.135,149.000,0.320801,0.507568,-0.781738,1.649,-2.939,0.069,31.85
2026-02-12 18:14:17.235,149.100,0.321045,0.506104,-0.782227,1.756,-2.947,0.267,31.66
2026-02-12 18:14:17.335,149.200,0.323242,0.505371,-0.780029,1.824,-2.939,0.252,31.32
2026-02-12 18:14:17.435,149.300,0.320068,0.504150,-0.776611,1.885,-3.031,0.237,31.17
2026-02-12 18:14:17.535,149.400,0.320557,0.509521,-0.779297,1.733,-2.832,0.412,31.51
2026-02-12 18:14:17.635,149.500,0.322998,0.509277,-0.774414,1.794,-2.786,0.198,31.51
2026-02-12 18:14:17.735,149.600,0.323242,0.509033,-0.777832,1.626,-2.947,0.221,31.56
2026-02-12 18:14:17.835,149.700,0.323242,0.509521,-0.780518,1.748,-3.206,0.298,31.36
2026-02-12 18:14:17.935,149.800,0.322510,0.506104,-0.775879,2.031,-2.901,0.382,31.66
2026-02-12 18:14:18.035,149.900,0.323730,0.510742,-0.773438,1.481,-2.924,0.153,31.56
2026-02-12 18:14:18.135,150.000,0.325195,0.508301,-0.780518,1.618,-2.870,0.115,31.46
2026-02-12 18:14:18.235,150.100,0.324951,0.506836,-0.782227,1.824,-2.977,0.443,31.51
2026-02-12 18:14:18.335,150.200,0.322998,0.506592,-0.773682,1.374,-2.809,0.244,31.66
2026-02-12 18:14:18.435,150.300,0.322021,0.510986,-0.774658,1.802,-2.962,0.176,31.46
2026-02-12 18:14:18.535,150.400,0.324219,0.507324,-0.781982,1.534,-2.939,0.389,31.12
2026-02-12 18:14:18.635,150.500,0.320801,0.504395,-0.778320,1.794,-2.733,0.198,31.36
2026-02-12 18:14:18.735,150.600,0.326416,0.505371,-0.774414,1.580,-2.863,0.336,31.46
2026-02-12 18:14:18.835,150.700,0.324707,0.505859,-0.777832,1.672,-2.779,0.344,31.32
2026-02-12 18:14:18.935,150.800,0.320557,0.505371,-0.778809,1.840,-2.847,0.260,31.32
2026-02-12 18:14:19.035,150.900,0.324707,0.506348,-0.777344,1.687,-2.733,0.321,31.51
2026-02-12 18:14:19.135,151.000,0.323242,0.504883,-0.779541,1.977,-2.641,0.466,31.56
2026-02-12 18:14:19.235,151.100,0.325928,0.508301,-0.774414,1.878,-2.618,0.023,31.51
2026-02-12 18:14:19.335,151.200,0.322754,0.506104,-0.780762,1.893,-2.763,0.137,31.66
2026-02-12 18:14:19.435,151.300,0.323730,0.506104,-0.775879,1.824,-2.908,0.115,31.46
2026-02-12 18:14:19.535,151.400,0.321289,0.508545,-0.778809,1.809,-2.740,0.290,31.36
2026-02-12 18:14:19.635,151.500,0.323730,0.505127,-0.781250,1.740,-2.817,0.046,31.71
2026-02-12 18:14:19.735,151.600,0.322021,0.509033,-0.777344,1.786,-3.031,0.435,31.46
2026-02-12 18:14:19.835,151.700,0.323730,0.506836,-0.779297,1.580,-2.870,0.359,31.22
2026-02-12 18:14:19.935,151.800,0.325439,0.511230,-0.782471,1.618,-2.710,0.153,31.51
2026-02-12 18:14:20.035,151.900,0.321045,0.507812,-0.775146,1.443,-2.962,0.084,31.51
2026-02-12 18:14:20.135,152.000,0.321045,0.509521,-0.776855,1.450,-2.672,0.244,31.17
2026-02-12 18:14:20.235,152.100,0.324707,0.508057,-0.778076,1.794,-3.038,0.412,31.56
2026-02-12 18:14:20.335,152.200,0.317871,0.508301,-0.775879,1.817,-2.710,0.183,31.66
2026-02-12 18:14:20.435,152.300,0.322754,0.508545,-0.781738,1.611,-2.878,0.435,31.32
2026-02-12 18:14:20.535,152.400,0.321533,0.510010,-0.779053,1.611,-2.870,0.328,31.36
2026-02-12 18:14:20.635,152.500,0.321533,0.507812,-0.779297,1.634,-2.954,0.305,31.36
2026-02-12 18:14:20.735,152.600,0.318848,0.502197,-0.781006,2.122,-2.710,0.366,31.22
2026-02-12 18:14:20.835,152.700,0.322998,0.506836,-0.785156,1.672,-3.137,0.168,31.56
2026-02-12 18:14:20.935,152.800,0.322510,0.506348,-0.782471,1.832,-2.710,0.099,31.32
2026-02-12 18:14:21.035,152.900,0.325195,0.504150,-0.781006,1.588,-2.687,0.221,31.22
2026-02-12 18:14:21.135,153.000,0.323730,0.506836,-0.778809,1.626,-2.725,0.298,31.46
2026-02-12 18:14:21.235,153.100,0.322021,0.509766,-0.779053,1.786,-2.542,0.290,31.46
2026-02-12 18:14:21.335,153.200,0.324463,0.505371,-0.778076,1.771,-2.908,0.496,31.56
2026-02-12 18:14:21.435,153.300,0.321777,0.504639,-0.778320,1.641,-2.916,0.534,31.76
2026-02-12 18:14:21.535,153.400,0.324707,0.507568,-0.779297,1.634,-2.870,0.374,31.51
2026-02-12 18:14:21.635,153.500,0.325684,0.509033,-0.776611,1.649,-2.580,0.160,31.36
2026-02-12 18:14:21.735,153.600,0.318848,0.511230,-0.774658,1.511,-2.786,0.076,31.22
2026-02-12 18:14:21.835,153.700,0.325439,0.505127,-0.775391,1.863,-2.794,0.275,31.51
2026-02-12 18:14:21.935,153.800,0.327148,0.506348,-0.781982,2.023,-2.817,0.214,31.32
2026-02-12 18:14:22.035,153.900,0.323242,0.504883,-0.778076,1.740,-2.321,0.237,31.66
2026-02-12 18:14:22.135,154.000,0.322266,0.506348,-0.778320,1.725,-2.840,0.336,31.51
2026-02-12 18:14:22.235,154.100,0.319092,0.506836,-0.783447,1.580,-2.611,0.206,31.66
2026-02-12 18:14:22.335,154.200,0.322266,0.504883,-0.784424,1.656,-2.969,0.176,31.56
2026-02-12 18:14:22.435,154.300,0.322021,0.503906,-0.776611,1.679,-2.916,0.153,31.71
2026-02-12 18:14:22.535,154.400,0.322021,0.502686,-0.781006,1.504,-2.725,0.473,31.32
2026-02-12 18:14:22.635,154.500,0.322266,0.503906,-0.781982,1.656,-2.901,0.198,31.32
2026-02-12 18:14:22.735,154.600,0.321777,0.511475,-0.782471,1.603,-2.939,-0.076,31.66
2026-02-12 18:14:22.835,154.700,0.321289,0.506836,-0.776123,1.664,-2.809,0.214,31.32
2026-02-12 18:14:22.935,154.800,0.321045,0.507812,-0.781006,1.893,-2.939,0.267,31.36
2026-02-12 18:14:23.035,154.900,0.323242,0.504883,-0.777344,1.595,-2.847,0.313,31.71
2026-02-12 18:14:23.135,155.000,0.323730,0.505371,-0.780762,1.756,-2.931,0.275,31.36
2026-02-12 18:14:23.235,155.100,0.321045,0.508057,-0.785156,1.519,-2.771,0.137,31.66
2026-02-12 18:14:23.335,155.200,0.323730,0.508301,-0.776123,1.725,-2.916,0.153,31.56
2026-02-12 18:14:23.435,155.300,0.320312,0.505859,-0.781006,1.756,-2.794,0.267,31.66
2026-02-12 18:14:23.535,155.400,0.323975,0.508789,-0.783936,1.641,-2.809,-0.084,31.36
2026-02-12 18:14:23.635,155.500,0.325439,0.508057,-0.770020,1.641,-2.893,0.351,31.36
2026-02-12 18:14:23.735,155.600,0.324707,0.507324,-0.783691,1.473,-2.802,0.183,31.51
2026-02-12 18:14:23.835,155.700,0.325928,0.507080,-0.781982,1.969,-2.809,0.076,31.71
2026-02-12 18:14:23.935,155.800,0.322266,0.507568,-0.776123,1.809,-2.802,0.206,31.66
2026-02-12 18:14:24.035,155.900,0.323975,0.509277,-0.779541,1.901,-2.809,0.267,31.56
2026-02-12 18:14:24.135,156.000,0.323730,0.506348,-0.775146,1.687,-2.954,0.351,31.71
2026-02-12 18:14:24.235,156.100,0.319824,0.505859,-0.786133,1.649,-2.847,0.115,31.36
2026-02-12 18:14:24.335,156.200,0.322510,0.508789,-0.784912,1.679,-2.725,0.389,31.51
2026-02-12 18:14:24.435,156.300,0.323486,0.505127,-0.776367,1.489,-2.786,0.573,31.51
2026-02-12 18:14:24.535,156.400,0.324219,0.505859,-0.780762,1.924,-2.855,0.466,31.02
2026-02-12 18:14:24.635,156.500,0.320068,0.506836,-0.773193,1.748,-2.916,0.282,31.36
2026-02-12 18:14:24.735,156.600,0.320801,0.506104,-0.774658,1.618,-2.954,0.504,31.66
2026-02-12 18:14:24.835,156.700,0.323975,0.507568,-0.781250,1.534,-2.756,0.366,31.56
2026-02-12 18:14:24.935,156.800,0.320801,0.508789,-0.780762,1.786,-2.939,0.275,31.46
2026-02-12 18:14:25.035,156.900,0.322021,0.507568,-0.778320,1.618,-3.031,0.305,31.66
2026-02-12 18:14:25.135,157.000,0.324951,0.506836,-0.782715,1.618,-2.595,0.405,31.46
2026-02-12 18:14:25.235,157.100,0.323486,0.504150,-0.770508,1.824,-2.992,0.198,31.56
2026-02-12 18:14:25.335,157.200,0.327881,0.504883,-0.776367,1.893,-2.756,0.137,31.51
2026-02-12 18:14:25.435,157.300,0.322754,0.503906,-0.781982,1.954,-2.947,0.359,31.46
2026-02-12 18:14:25.535,157.400,0.324463,0.508301,-0.775635,1.771,-2.710,0.313,31.51
2026-02-12 18:14:25.635,157.500,0.322021,0.506836,-0.777344,2.061,-2.756,0.290,31.51
2026-02-12 18:14:25.735,157.600,0.322266,0.510010,-0.780518,1.893,-2.771,0.328,31.51
2026-02-12 18:14:25.835,157.700,0.322021,0.508545,-0.774170,1.626,-2.618,0.267,31.71
2026-02-12 18:14:25.935,157.800,0.319824,0.507568,-0.780029,1.786,-2.855,0.290,31.36
2026-02-12 18:14:26.035,157.900,0.323975,0.504150,-0.777832,1.832,-2.847,0.260,31.36
2026-02-12 18:14:26.135,158.000,0.322510,0.507812,-0.775635,1.809,-3.107,0.099,31.66
2026-02-12 18:14:26.235,158.100,0.321777,0.507568,-0.779785,1.817,-2.519,0.275,31.46
2026-02-12 18:14:26.335,158.200,0.325195,0.506104,-0.781250,1.626,-2.893,0.481,31.36
2026-02-12 18:14:26.435,158.300,0.323730,0.505615,-0.773926,1.763,-2.809,0.290,31.36
2026-02-12 18:14:26.535,158.400,0.322998,0.508545,-0.782959,1.435,-2.672,0.084,31.56
2026-02-12 18:14:26.635,158.500,0.322998,0.505615,-0.781006,1.718,-2.924,0.092,31.46
2026-02-12 18:14:26.735,158.600,0.320557,0.505615,-0.778320,1.748,-2.779,0.557,31.32
2026-02-12 18:14:26.835,158.700,0.321289,0.506836,-0.779785,1.794,-2.870,0.282,31.32
2026-02-12 18:14:26.935,158.800,0.323242,0.509521,-0.778076,1.618,-2.802,-0.061,31.51
2026-02-12 18:14:27.035,158.900,0.318604,0.501953,-0.780518,1.557,-2.908,0.458,31.56
2026-02-12 18:14:27.135,159.000,0.324219,0.504395,-0.774902,1.656,-2.954,0.244,31.46
2026-02-12 18:14:27.235,159.100,0.319580,0.509521,-0.775635,1.794,-3.145,0.237,31.46
2026-02-12 18:14:27.335,159.200,0.323486,0.512207,-0.780518,1.656,-2.901,0.214,31.51
2026-02-12 18:14:27.435,159.300,0.322754,0.504883,-0.780518,1.718,-3.099,0.153,31.22
2026-02-12 18:14:27.535,159.400,0.322266,0.507324,-0.777100,1.664,-2.603,0.290,31.66
2026-02-12 18:14:27.635,159.500,0.323486,0.508545,-0.779053,1.695,-2.824,0.000,31.66
2026-02-12 18:14:27.735,159.600,0.321777,0.505615,-0.785645,1.603,-2.863,0.046,31.51
2026-02-12 18:14:27.835,159.700,0.323242,0.508057,-0.777100,1.924,-2.901,0.443,31.17
2026-02-12 18:14:27.935,159.800,0.323242,0.508545,-0.775635,1.626,-2.748,0.198,31.51
2026-02-12 18:14:28.035,159.900,0.323730,0.509033,-0.780273,1.626,-2.870,0.664,31.51
2026-02-12 18:14:28.135,160.000,0.323975,0.510986,-0.778076,1.695,-2.962,0.252,31.56
2026-02-12 18:14:28.235,160.100,0.322754,0.507324,-0.773438,1.580,-2.656,0.511,31.66
2026-02-12 18:14:28.335,160.200,0.324707,0.508545,-0.772949,1.603,-3.023,0.008,31.32
2026-02-12 18:14:28.435,160.300,0.321045,0.502930,-0.776611,1.748,-2.763,0.237,31.51
2026-02-12 18:14:28.535,160.400,0.320312,0.510498,-0.781982,1.702,-2.733,0.221,31.56
2026-02-12 18:14:28.635,160.500,0.325195,0.505615,-0.779053,1.695,-2.962,0.267,31.17
2026-02-12 18:14:28.735,160.600,0.324707,0.506104,-0.776367,1.802,-2.824,0.511,31.51
2026-02-12 18:14:28.835,160.700,0.322998,0.505371,-0.774170,1.603,-2.779,0.115,31.32
2026-02-12 18:14:28.935,160.800,0.323730,0.509033,-0.781494,1.733,-2.618,0.267,31.46
2026-02-12 18:14:29.035,160.900,0.322510,0.506592,-0.780029,1.481,-2.863,0.153,31.32
2026-02-12 18:14:29.135,161.000,0.323730,0.507324,-0.784912,1.702,-2.641,0.313,31.66
2026-02-12 18:14:29.235,161.100,0.319580,0.511230,-0.779053,1.366,-2.802,0.176,31.66
2026-02-12 18:14:29.335,161.200,0.321777,0.506348,-0.781982,1.924,-2.969,0.122,31.51
2026-02-12 18:14:29.435,161.300,0.323242,0.506104,-0.772217,1.702,-2.885,0.290,31.36
2026-02-12 18:14:29.535,161.400,0.321533,0.506592,-0.781250,2.023,-3.122,0.420,31.36
2026-02-12 18:14:29.635,161.500,0.324707,0.505615,-0.777344,2.000,-2.702,0.145,31.51
2026-02-12 18:14:29.735,161.600,0.322998,0.507812,-0.777344,1.603,-3.031,0.725,31.51
2026-02-12 18:14:29.835,161.700,0.321777,0.509766,-0.779785,1.603,-2.916,0.038,31.51
2026-02-12 18:14:29.935,161.800,0.326416,0.504883,-0.779053,1.954,-2.748,0.466,31.51
2026-02-12 18:14:30.035,161.900,0.321777,0.509277,-0.775146,1.634,-2.779,0.031,31.36
2026-02-12 18:14:30.135,162.000,0.320801,0.507812,-0.777832,1.702,-2.771,0.122,31.51
2026-02-12 18:14:30.235,162.100,0.324463,0.507568,-0.775391,1.832,-2.786,0.366,31.66
2026-02-12 18:14:30.335,162.200,0.322998,0.503418,-0.780762,1.336,-2.878,-0.122,31.51
2026-02-12 18:14:30.435,162.300,0.320312,0.508545,-0.774414,2.076,-2.893,0.298,31.36
2026-02-12 18:14:30.535,162.400,0.326172,0.508301,-0.781006,1.863,-2.687,0.298,31.36
2026-02-12 18:14:30.635,162.500,0.323486,0.510010,-0.776367,1.649,-2.924,0.267,31.36
2026-02-12 18:14:30.735,162.600,0.322266,0.502930,-0.782959,1.634,-2.962,0.282,31.32
2026-02-12 18:14:30.835,162.700,0.327148,0.503662,-0.782227,1.641,-2.641,0.489,31.51
2026-02-12 18:14:30.935,162.800,0.316895,0.506348,-0.778076,1.733,-2.718,0.366,31.22
2026-02-12 18:14:31.035,162.900,0.323975,0.505371,-0.780518,1.626,-2.893,0.244,31.32
2026-02-12 18:14:31.135,163.000,0.322754,0.507568,-0.775146,1.779,-2.969,0.473,31.32
2026-02-12 18:14:31.235,163.100,0.323242,0.508545,-0.785889,1.832,-2.977,0.305,31.36
2026-02-12 18:14:31.335,163.200,0.320068,0.509766,-0.782227,1.588,-2.901,0.252,31.51
2026-02-12 18:14:31.435,163.300,0.323730,0.506104,-0.780029,1.679,-2.840,-0.015,31.36
2026-02-12 18:14:31.535,163.400,0.324463,0.508545,-0.777344,1.771,-2.939,0.489,31.71
2026-02-12 18:14:31.635,163.500,0.323486,0.506348,-0.775391,1.534,-2.786,0.344,31.66
2026-02-12 18:14:31.735,163.600,0.321045,0.505615,-0.777832,1.573,-2.733,0.496,31.51
2026-02-12 18:14:31.835,163.700,0.320801,0.506836,-0.779053,1.611,-2.786,0.107,31.32
2026-02-12 18:14:31.935,163.800,0.322021,0.505127,-0.781006,1.649,-2.969,0.275,31.51
2026-02-12 18:14:32.035,163.900,0.324463,0.505371,-0.775391,1.939,-2.809,0.290,31.46
2026-02-12 18:14:32.135,164.000,0.319580,0.505127,-0.778564,1.893,-2.977,0.305,31.66
2026-02-12 18:14:32.235,164.100,0.322998,0.506592,-0.773193,1.405,-2.786,0.214,31.36
2026-02-12 18:14:32.335,164.200,0.324463,0.506836,-0.781494,1.832,-2.702,0.305,31.51
2026-02-12 18:14:32.435,164.300,0.326416,0.508301,-0.782227,1.672,-2.885,0.405,31.36
2026-02-12 18:14:32.535,164.400,0.320801,0.506836,-0.772461,1.664,-2.664,0.260,31.56
2026-02-12 18:14:32.635,164.500,0.321045,0.506348,-0.780518,1.664,-2.672,0.374,31.71
2026-02-12 18:14:32.735,164.600,0.326660,0.509277,-0.776123,1.740,-2.817,0.023,31.51
2026-02-12 18:14:32.835,164.700,0.324219,0.509033,-0.783447,1.511,-2.916,0.382,31.51
2026-02-12 18:14:32.935,164.800,0.323486,0.502930,-0.781006,1.817,-2.649,0.115,31.17
2026-02-12 18:14:33.035,164.900,0.323242,0.505371,-0.779785,1.702,-2.847,0.099,31.36
2026-02-12 18:14:33.135,165.000,0.323730,0.506104,-0.783936,1.924,-2.939,0.328,31.12
2026-02-12 18:14:33.235,165.100,0.324219,0.503906,-0.781982,1.626,-2.855,0.244,31.56
2026-02-12 18:14:33.335,165.200,0.318115,0.507812,-0.778809,1.626,-2.893,0.206,31.66
2026-02-12 18:14:33.435,165.300,0.325439,0.509277,-0.778564,1.718,-3.008,0.176,31.51
2026-02-12 18:14:33.535,165.400,0.323730,0.505127,-0.777832,1.794,-2.702,0.382,31.51
2026-02-12 18:14:33.635,165.500,0.324951,0.502686,-0.781494,1.557,-3.031,-0.061,31.56
2026-02-12 18:14:33.735,165.600,0.320312,0.508057,-0.778564,1.908,-2.664,0.237,31.51
2026-02-12 18:14:33.835,165.700,0.319092,0.506836,-0.781494,1.588,-3.015,-0.038,31.46
2026-02-12 18:14:33.935,165.800,0.324219,0.506592,-0.774658,1.542,-3.046,0.214,31.51
2026-02-12 18:14:34.035,165.900,0.319824,0.508789,-0.779053,1.534,-2.672,0.260,31.36
2026-02-12 18:14:34.135,166.000,0.319336,0.506592,-0.780762,1.626,-2.779,0.374,31.51
2026-02-12 18:14:34.235,166.100,0.322998,0.505859,-0.781982,1.695,-2.794,0.168,31.46
2026-02-12 18:14:34.335,166.200,0.319336,0.507324,-0.781250,1.748,-2.634,0.198,31.32
2026-02-12 18:14:34.435,166.300,0.324463,0.509521,-0.775635,1.763,-2.863,0.145,31.46
2026-02-12 18:14:34.535,166.400,0.320557,0.506348,-0.778809,1.763,-3.015,0.313,31.51
2026-02-12 18:14:34.635,166.500,0.323975,0.507324,-0.778320,1.786,-2.794,0.260,31.36
2026-02-12 18:14:34.735,166.600,0.322754,0.506836,-0.776123,1.649,-2.947,0.389,31.56
2026-02-12 18:14:34.835,166.700,0.324463,0.507568,-0.777832,1.786,-2.847,0.550,31.46
2026-02-12 18:14:34.935,166.800,0.318604,0.507324,-0.779541,1.847,-2.947,0.328,31.46
2026-02-12 18:14:35.035,166.900,0.323486,0.507812,-0.780518,1.878,-2.794,0.412,31.36
2026-02-12 18:14:35.135,167.000,0.319580,0.509277,-0.775879,1.740,-2.748,0.366,31.51
2026-02-12 18:14:35.235,167.100,0.324463,0.509277,-0.779297,1.565,-2.809,0.229,31.46
2026-02-12 18:14:35.335,167.200,0.322998,0.506592,-0.778564,1.527,-2.893,0.267,31.51
2026-02-12 18:14:35.435,167.300,0.321533,0.503662,-0.778320,1.588,-2.824,0.183,31.51
2026-02-12 18:14:35.535,167.400,0.319092,0.506592,-0.777588,1.695,-2.786,0.443,31.36
2026-02-12 18:14:35.635,167.500,0.322998,0.506592,-0.778564,1.496,-3.099,0.229,31.51
2026-02-12 18:14:35.735,167.600,0.322754,0.507324,-0.774170,1.832,-2.771,0.519,31.46
2026-02-12 18:14:35.835,167.700,0.321533,0.509766,-0.777100,1.634,-2.885,0.504,31.46
2026-02-12 18:14:35.935,167.800,0.322754,0.507812,-0.775146,1.527,-2.756,0.137,31.56
2026-02-12 18:14:36.035,167.900,0.323975,0.505859,-0.776855,1.863,-2.977,0.366,31.56
2026-02-12 18:14:36.135,168.000,0.325195,0.508545,-0.776855,1.695,-2.969,0.260,31.71
2026-02-12 18:14:36.235,168.100,0.323975,0.504150,-0.774170,1.550,-2.977,0.214,31.51
2026-02-12 18:14:36.335,168.200,0.319580,0.503174,-0.778076,1.733,-2.832,0.145,31.36
2026-02-12 18:14:36.435,168.300,0.320557,0.507568,-0.780273,1.710,-2.863,0.176,31.51
2026-02-12 18:14:36.535,168.400,0.322510,0.503174,-0.783203,1.534,-2.763,0.458,31.66
2026-02-12 18:14:36.635,168.500,0.322021,0.510254,-0.783447,1.863,-2.962,0.366,31.71
2026-02-12 18:14:36.735,168.600,0.323486,0.506348,-0.780029,1.748,-2.939,0.298,31.71
2026-02-12 18:14:36.835,168.700,0.322021,0.504883,-0.773193,1.542,-2.641,0.473,31.51
2026-02-12 18:14:36.935,168.800,0.324219,0.508545,-0.778564,1.695,-2.802,0.427,31.22
2026-02-12 18:14:37.035,168.900,0.319336,0.509521,-0.778076,1.817,-2.954,-0.053,31.46
2026-02-12 18:14:37.135,169.000,0.322510,0.506348,-0.775391,1.870,-2.931,0.244,31.36
2026-02-12 18:14:37.235,169.100,0.323975,0.505127,-0.775146,1.580,-2.679,0.183,31.36
2026-02-12 18:14:37.335,169.200,0.322510,0.509277,-0.774902,1.427,-2.870,0.412,31.46
2026-02-12 18:14:37.435,169.300,0.322021,0.506592,-0.780518,1.718,-2.802,0.046,31.12
2026-02-12 18:14:37.535,169.400,0.320557,0.505859,-0.776123,2.084,-2.817,-0.053,31.51
2026-02-12 18:14:37.635,169.500,0.320557,0.504883,-0.786621,1.771,-2.710,0.153,31.32
2026-02-12 18:14:37.735,169.600,0.322754,0.508789,-0.777832,1.573,-2.710,0.107,31.46
2026-02-12 18:14:37.835,169.700,0.320068,0.504639,-0.776123,1.527,-2.855,0.336,31.51
2026-02-12 18:14:37.935,169.800,0.322754,0.506104,-0.781006,1.626,-2.771,0.336,31.56
2026-02-12 18:14:38.035,169.900,0.321045,0.505859,-0.780762,2.023,-2.977,0.176,31.46
2026-02-12 18:14:38.135,170.000,0.323730,0.504639,-0.778564,1.802,-2.954,0.534,31.36
2026-02-12 18:14:38.235,170.100,0.321289,0.506592,-0.775879,1.931,-2.802,0.481,31.56
2026-02-12 18:14:38.335,170.200,0.322754,0.506104,-0.784668,1.786,-2.954,0.145,31.32
2026-02-12 18:14:38.435,170.300,0.322754,0.510742,-0.779785,1.656,-2.550,0.137,31.36
2026-02-12 18:14:38.535,170.400,0.322266,0.505371,-0.780273,1.809,-2.885,-0.107,31.12
2026-02-12 18:14:38.635,170.500,0.321289,0.507324,-0.778076,1.656,-2.672,0.038,31.56
2026-02-12 18:14:38.735,170.600,0.323730,0.506104,-0.774902,1.458,-2.702,0.351,31.56
2026-02-12 18:14:38.835,170.700,0.326172,0.509521,-0.776123,1.832,-2.740,0.252,31.51
2026-02-12 18:14:38.935,170.800,0.322021,0.505127,-0.775879,1.870,-3.008,0.282,31.46
2026-02-12 18:14:39.035,170.900,0.318848,0.504883,-0.777832,1.725,-2.794,0.130,31.46
2026-02-12 18:14:39.135,171.000,0.323486,0.506592,-0.779541,1.771,-2.885,0.366,31.17
2026-02-12 18:14:39.235,171.100,0.322998,0.508301,-0.778076,1.565,-2.603,0.344,31.51
2026-02-12 18:14:39.335,171.200,0.324463,0.505859,-0.781494,1.458,-2.824,0.092,31.51
2026-02-12 18:14:39.435,171.300,0.323486,0.506592,-0.771973,1.649,-2.664,0.328,31.36
2026-02-12 18:14:39.535,171.400,0.321533,0.503662,-0.779053,1.634,-2.870,0.160,31.66
2026-02-12 18:14:39.635,171.500,0.317627,0.504883,-0.773682,1.695,-3.023,0.122,31.66
2026-02-12 18:14:39.735,171.600,0.324951,0.508057,-0.775879,1.702,-2.824,0.237,31.36
2026-02-12 18:14:39.835,171.700,0.322021,0.507568,-0.786133,1.786,-2.817,0.183,31.51
2026-02-12 18:14:39.935,171.800,0.324219,0.506836,-0.782471,2.008,-2.901,0.267,31.36
2026-02-12 18:14:40.035,171.900,0.321045,0.508057,-0.780762,1.763,-2.710,0.198,31.46
2026-02-12 18:14:40.135,172.000,0.322021,0.507080,-0.768799,1.580,-2.710,-0.099,31.32
2026-02-12 18:14:40.235,172.100,0.324463,0.507080,-0.775879,1.565,-2.916,0.366,31.17
2026-02-12 18:14:40.335,172.200,0.324463,0.508545,-0.777588,2.099,-3.038,0.221,31.22
2026-02-12 18:14:40.435,172.300,0.322998,0.505371,-0.777100,1.931,-2.649,0.244,31.51
2026-02-12 18:14:40.535,172.400,0.320557,0.507568,-0.777100,1.634,-2.679,0.031,31.56
2026-02-12 18:14:40.635,172.500,0.325439,0.510254,-0.781738,1.740,-2.809,0.282,31.36
2026-02-12 18:14:40.735,172.600,0.324463,0.507812,-0.777832,1.527,-3.107,0.282,31.32
2026-02-12 18:14:40.835,172.700,0.323486,0.507324,-0.781494,1.511,-2.916,0.328,31.36
2026-02-12 18:14:40.935,172.800,0.323486,0.506104,-0.780029,1.634,-2.832,0.015,31.46
2026-02-12 18:14:41.035,172.900,0.320801,0.506348,-0.780518,1.679,-3.053,0.321,31.36
2026-02-12 18:14:41.135,173.000,0.320557,0.507080,-0.783447,1.779,-2.733,0.321,31.51
2026-02-12 18:14:41.235,173.100,0.321289,0.507568,-0.783203,1.718,-2.878,0.405,31.32
2026-02-12 18:14:41.335,173.200,0.324951,0.506104,-0.781250,1.527,-2.695,0.160,31.46
2026-02-12 18:14:41.435,173.300,0.320068,0.510986,-0.779541,1.702,-3.000,0.412,31.56
2026-02-12 18:14:41.535,173.400,0.320801,0.506348,-0.778564,1.817,-2.733,0.107,31.36
2026-02-12 18:14:41.635,173.500,0.321289,0.507812,-0.779297,1.771,-2.969,0.313,31.71
2026-02-12 18:14:41.735,173.600,0.324463,0.509277,-0.779785,2.069,-2.863,0.595,31.46
2026-02-12 18:14:41.835,173.700,0.323975,0.505127,-0.780762,1.763,-2.840,0.336,31.51
2026-02-12 18:14:41.935,173.800,0.320557,0.507812,-0.781006,1.954,-2.977,0.298,31.32
2026-02-12 18:14:42.035,173.900,0.320068,0.506592,-0.779785,1.664,-2.992,0.420,31.66
2026-02-12 18:14:42.135,174.000,0.321533,0.507080,-0.779297,1.718,-2.794,0.221,31.32
2026-02-12 18:14:42.235,174.100,0.324707,0.507080,-0.780518,1.802,-2.809,0.489,31.46
2026-02-12 18:14:42.335,174.200,0.324951,0.509766,-0.783691,1.710,-2.802,0.374,31.32
2026-02-12 18:14:42.435,174.300,0.321045,0.507324,-0.775391,1.519,-2.725,0.511,31.51
2026-02-12 18:14:42.535,174.400,0.323242,0.508545,-0.775391,1.962,-2.702,0.260,31.36
2026-02-12 18:14:42.635,174.500,0.320557,0.504150,-0.773926,1.832,-2.847,0.450,31.22
2026-02-12 18:14:42.735,174.600,0.322754,0.508545,-0.783203,1.679,-2.878,0.305,31.51
2026-02-12 18:14:42.835,174.700,0.318848,0.507812,-0.780762,1.878,-2.924,0.389,31.17
2026-02-12 18:14:42.935,174.800,0.320068,0.506836,-0.780518,1.679,-3.069,0.061,31.56
2026-02-12 18:14:43.035,174.900,0.319336,0.507568,-0.774658,1.603,-3.168,0.137,31.66
2026-02-12 18:14:43.135,175.000,0.322754,0.501465,-0.785645,1.641,-2.702,0.252,31.17
2026-02-12 18:14:43.235,175.100,0.319580,0.506348,-0.777588,1.527,-2.695,0.061,31.46
2026-02-12 18:14:43.335,175.200,0.322021,0.508789,-0.780518,1.588,-2.664,0.427,31.32
2026-02-12 18:14:43.435,175.300,0.319580,0.507080,-0.786133,1.824,-2.878,0.115,31.56
2026-02-12 18:14:43.535,175.400,0.322021,0.511475,-0.773193,1.702,-2.725,0.053,31.66
2026-02-12 18:14:43.635,175.500,0.321533,0.505127,-0.782227,1.748,-2.908,0.496,31.32
2026-02-12 18:14:43.735,175.600,0.322998,0.504639,-0.776611,1.359,-2.947,0.359,31.36
2026-02-12 18:14:43.835,175.700,0.321289,0.506348,-0.774414,1.779,-2.893,-0.076,31.36
2026-02-12 18:14:43.935,175.800,0.325439,0.507568,-0.777100,1.664,-2.947,0.344,31.46
2026-02-12 18:14:44.035,175.900,0.322021,0.507568,-0.778809,1.649,-2.679,0.328,31.66
2026-02-12 18:14:44.135,176.000,0.325684,0.506104,-0.778809,1.718,-2.695,0.183,31.36
2026-02-12 18:14:44.235,176.100,0.320068,0.506104,-0.773926,1.656,-2.718,0.244,31.46
2026-02-12 18:14:44.335,176.200,0.319336,0.505127,-0.783936,1.641,-3.153,0.168,31.56
2026-02-12 18:14:44.435,176.300,0.321289,0.505615,-0.779541,1.672,-2.687,0.221,31.66
2026-02-12 18:14:44.535,176.400,0.322266,0.507324,-0.775879,1.908,-2.870,0.092,31.51
2026-02-12 18:14:44.635,176.500,0.321533,0.506348,-0.779297,1.855,-2.931,0.405,31.17
2026-02-12 18:14:44.735,176.600,0.323730,0.503906,-0.776855,1.679,-2.840,0.382,31.36
2026-02-12 18:14:44.835,176.700,0.318848,0.507324,-0.780518,1.947,-2.916,0.145,31.46
2026-02-12 18:14:44.935,176.800,0.326172,0.506592,-0.779785,1.916,-2.832,0.237,31.36
2026-02-12 18:14:45.035,176.900,0.324463,0.509277,-0.779541,1.366,-2.992,0.183,31.46
2026-02-12 18:14:45.135,177.000,0.322266,0.508057,-0.781006,1.641,-2.855,0.366,31.51
2026-02-12 18:14:45.235,177.100,0.323242,0.504639,-0.776123,1.885,-2.832,0.069,31.46
2026-02-12 18:14:45.335,177.200,0.322754,0.505859,-0.780518,1.786,-2.824,0.328,31.46
2026-02-12 18:14:45.435,177.300,0.323242,0.507568,-0.780762,1.588,-2.855,0.359,31.46
2026-02-12 18:14:45.535,177.400,0.320557,0.509033,-0.776367,1.656,-2.969,0.076,31.51
2026-02-12 18:14:45.635,177.500,0.324463,0.508301,-0.776123,1.893,-2.763,0.183,31.46
2026-02-12 18:14:45.735,177.600,0.320312,0.506104,-0.780762,1.779,-2.779,0.336,31.66
2026-02-12 18:14:45.835,177.700,0.321777,0.506104,-0.785889,2.076,-2.672,0.206,31.51
2026-02-12 18:14:45.935,177.800,0.321045,0.506836,-0.776611,1.779,-2.702,0.344,31.51
2026-02-12 18:14:46.035,177.900,0.321777,0.506836,-0.778076,1.817,-2.794,0.580,31.46
2026-02-12 18:14:46.135,178.000,0.322998,0.503906,-0.777588,1.702,-2.954,0.298,31.36
2026-02-12 18:14:46.235,178.100,0.319336,0.507568,-0.780518,1.916,-2.679,0.038,31.36
2026-02-12 18:14:46.335,178.200,0.319092,0.507812,-0.779785,1.710,-2.893,0.092,31.66
2026-02-12 18:14:46.435,178.300,0.320068,0.508789,-0.775879,1.931,-3.046,0.214,31.36
2026-02-12 18:14:46.535,178.400,0.322266,0.504395,-0.779297,1.389,-2.695,0.244,31.32
2026-02-12 18:14:46.635,178.500,0.326172,0.509521,-0.778809,1.802,-2.763,0.298,31.46
2026-02-12 18:14:46.735,178.600,0.325439,0.507568,-0.778809,1.656,-2.641,0.244,31.56
2026-02-12 18:14:46.835,178.700,0.319092,0.504150,-0.775635,1.840,-3.069,0.595,31.51
2026-02-12 18:14:46.935,178.800,0.320557,0.501465,-0.777588,1.718,-2.786,-0.076,31.46
2026-02-12 18:14:47.035,178.900,0.319824,0.506348,-0.784424,1.618,-2.611,0.252,31.66
2026-02-12 18:14:47.135,179.000,0.322021,0.507324,-0.774170,1.580,-2.878,0.244,31.56
2026-02-12 18:14:47.235,179.100,0.321045,0.506592,-0.778076,1.817,-2.496,0.267,31.36
2026-02-12 18:14:47.335,179.200,0.322021,0.506836,-0.773438,1.794,-2.847,0.046,31.66
2026-02-12 18:14:47.435,179.300,0.319092,0.505127,-0.777344,1.718,-2.611,0.496,31.66
2026-02-12 18:14:47.535,179.400,0.321777,0.506348,-0.780029,1.794,-2.931,0.427,31.66
2026-02-12 18:14:47.635,179.500,0.322266,0.507324,-0.772949,1.580,-2.931,0.176,31.66
2026-02-12 18:14:47.735,179.600,0.320801,0.505615,-0.781006,1.634,-2.885,0.206,31.46
2026-02-12 18:14:47.835,179.700,0.319824,0.504639,-0.774170,1.634,-3.053,0.282,31.17
2026-02-12 18:14:47.935,179.800,0.319336,0.508789,-0.782471,1.855,-2.847,0.282,31.36
2026-02-12 18:14:48.035,179.900,0.322021,0.507324,-0.785645,1.702,-2.771,-0.015,31.36
2026-02-12 18:14:48.135,180.000,0.324463,0.510010,-0.778809,1.733,-2.634,0.267,31.36
2026-02-12 18:14:48.235,180.100,0.321533,0.505371,-0.779053,1.679,-2.718,0.221,31.22
2026-02-12 18:14:48.335,180.200,0.323486,0.507324,-0.779297,1.626,-2.786,0.214,31.36
2026-02-12 18:14:48.435,180.300,0.320068,0.506104,-0.778320,1.947,-2.855,0.053,31.36
2026-02-12 18:14:48.535,180.400,0.323486,0.506836,-0.774658,1.939,-2.527,0.321,31.17
2026-02-12 18:14:48.635,180.500,0.323730,0.507324,-0.775635,2.015,-2.924,0.344,31.51
2026-02-12 18:14:48.735,180.600,0.323730,0.511963,-0.781494,1.656,-2.847,0.206,31.51
2026-02-12 18:14:48.835,180.700,0.322510,0.508545,-0.782471,1.992,-2.947,0.321,31.17
2026-02-12 18:14:48.935,180.800,0.326904,0.509277,-0.776367,1.863,-2.863,0.221,31.56
2026-02-12 18:14:49.035,180.900,0.321533,0.508789,-0.778809,1.458,-2.519,0.435,31.32
2026-02-12 18:14:49.135,181.000,0.324463,0.504883,-0.777588,1.527,-2.969,0.214,31.32
2026-02-12 18:14:49.235,181.100,0.323486,0.507812,-0.785400,1.534,-3.084,0.244,31.51
2026-02-12 18:14:49.335,181.200,0.320801,0.508057,-0.779053,1.664,-2.817,0.130,31.32
2026-02-12 18:14:49.435,181.300,0.321533,0.504150,-0.779785,1.504,-2.901,0.275,31.22
2026-02-12 18:14:49.535,181.400,0.322266,0.507324,-0.781250,1.824,-2.939,0.099,31.66
2026-02-12 18:14:49.635,181.500,0.323730,0.507080,-0.777100,1.748,-3.046,-0.145,31.32
2026-02-12 18:14:49.735,181.600,0.320312,0.506348,-0.783936,1.618,-2.718,0.359,31.51
2026-02-12 18:14:49.835,181.700,0.324951,0.504150,-0.781250,1.756,-2.466,0.084,31.32
2026-02-12 18:14:49.935,181.800,0.324219,0.506104,-0.781982,1.916,-3.031,0.290,31.36
2026-02-12 18:14:50.035,181.900,0.323242,0.505371,-0.777588,1.931,-2.656,0.351,31.51
2026-02-12 18:14:50.135,182.000,0.322754,0.503418,-0.777100,1.626,-2.855,0.550,31.32
2026-02-12 18:14:50.235,182.100,0.321533,0.507324,-0.776367,1.542,-2.893,0.405,31.22
2026-02-12 18:14:50.335,182.200,0.327393,0.504150,-0.777832,2.015,-2.893,0.405,31.90
2026-02-12 18:14:50.435,182.300,0.322266,0.501953,-0.782959,1.656,-2.618,0.221,31.51
2026-02-12 18:14:50.535,182.400,0.324951,0.505371,-0.781250,1.527,-2.847,0.206,31.56
2026-02-12 18:14:50.635,182.500,0.323486,0.503174,-0.781738,1.740,-2.794,0.244,31.36
2026-02-12 18:14:50.735,182.600,0.319092,0.506836,-0.778320,1.840,-2.870,0.137,31.51
2026-02-12 18:14:50.835,182.700,0.320801,0.505859,-0.779053,1.466,-2.855,0.313,31.71
2026-02-12 18:14:50.935,182.800,0.322510,0.504883,-0.780029,2.084,-2.878,0.298,31.76
2026-02-12 18:14:51.035,182.900,0.322998,0.506104,-0.779541,1.542,-2.809,0.198,31.66
2026-02-12 18:14:51.135,183.000,0.326904,0.507568,-0.774658,1.595,-2.679,0.084,31.36
2026-02-12 18:14:51.235,183.100,0.324219,0.506592,-0.778809,1.809,-2.809,0.160,31.51
2026-02-12 18:14:51.335,183.200,0.320312,0.506836,-0.775879,1.771,-2.992,0.107,31.32
2026-02-12 18:14:51.435,183.300,0.323486,0.504639,-0.772949,1.840,-2.603,0.084,31.51
2026-02-12 18:14:51.535,183.400,0.322021,0.508789,-0.780518,1.832,-2.603,-0.137,31.51
2026-02-12 18:14:51.635,183.500,0.325928,0.507812,-0.779297,1.786,-2.710,0.420,31.56
2026-02-12 18:14:51.735,183.600,0.324463,0.506348,-0.777100,1.870,-2.863,0.267,31.22
2026-02-12 18:14:51.835,183.700,0.322510,0.506836,-0.777832,1.924,-3.115,0.321,31.46
2026-02-12 18:14:51.935,183.800,0.324707,0.506104,-0.781250,1.702,-3.015,0.305,31.36
2026-02-12 18:14:52.035,183.900,0.319336,0.504883,-0.781250,1.893,-3.443,-0.252,31.32
2026-02-12 18:14:52.135,184.000,0.321045,0.510742,-0.777588,1.588,-2.710,0.366,31.46
2026-02-12 18:14:52.235,184.100,0.324951,0.504883,-0.773438,1.550,-2.916,0.206,31.66
2026-02-12 18:14:52.335,184.200,0.320801,0.509766,-0.779541,1.626,-2.740,0.359,31.32
2026-02-12 18:14:52.435,184.300,0.324219,0.505371,-0.780273,1.504,-2.740,0.198,31.36
2026-02-12 18:14:52.535,184.400,0.321045,0.505615,-0.778809,1.511,-2.885,0.458,31.32
2026-02-12 18:14:52.635,184.500,0.327393,0.507812,-0.777344,1.748,-2.855,0.267,31.56
2026-02-12 18:14:52.735,184.600,0.322998,0.509521,-0.772949,1.496,-2.672,0.237,31.36
2026-02-12 18:14:52.835,184.700,0.322266,0.506348,-0.776611,1.802,-2.733,0.321,31.56
2026-02-12 18:14:52.935,184.800,0.318359,0.507080,-0.775879,1.740,-2.733,0.290,31.36
2026-02-12 18:14:53.035,184.900,0.322021,0.504883,-0.779785,1.840,-2.802,0.145,31.32
2026-02-12 18:14:53.135,185.000,0.321777,0.505615,-0.776367,1.824,-2.672,0.275,31.66
2026-02-12 18:14:53.235,185.100,0.321777,0.507080,-0.778809,1.527,-2.954,0.321,31.36
2026-02-12 18:14:53.335,185.200,0.322510,0.504883,-0.780273,1.832,-2.626,0.519,31.32
2026-02-12 18:14:53.435,185.300,0.321045,0.506348,-0.777344,1.664,-2.740,0.267,31.51
2026-02-12 18:14:53.535,185.400,0.321533,0.507080,-0.781006,1.863,-2.802,0.344,31.66
2026-02-12 18:14:53.635,185.500,0.323730,0.506836,-0.778809,1.542,-2.405,0.260,31.66
2026-02-12 18:14:53.735,185.600,0.320068,0.506104,-0.777588,1.702,-2.977,0.687,31.46
2026-02-12 18:14:53.835,185.700,0.323730,0.507080,-0.779785,1.664,-2.992,0.160,31.36
2026-02-12 18:14:53.935,185.800,0.318604,0.503906,-0.785889,1.458,-3.176,0.496,31.36
2026-02-12 18:14:54.035,185.900,0.322754,0.504639,-0.779297,1.878,-2.954,0.183,31.36
2026-02-12 18:14:54.135,186.000,0.321777,0.507568,-0.772705,1.626,-2.931,0.221,31.36
2026-02-12 18:14:54.235,186.100,0.321289,0.507080,-0.778320,1.664,-2.748,0.328,31.51
2026-02-12 18:14:54.335,186.200,0.322021,0.506104,-0.779785,1.679,-2.511,0.252,31.46
2026-02-12 18:14:54.435,186.300,0.322754,0.508789,-0.779541,1.817,-2.931,0.290,31.36
2026-02-12 18:14:54.535,186.400,0.322510,0.507324,-0.781006,1.840,-2.817,0.168,31.36
2026-02-12 18:14:54.635,186.500,0.319580,0.503906,-0.777832,1.374,-2.847,0.092,31.32
2026-02-12 18:14:54.735,186.600,0.322998,0.506104,-0.782227,1.641,-2.756,0.046,31.32
2026-02-12 18:14:54.835,186.700,0.323730,0.509033,-0.779053,1.695,-2.649,0.191,31.46
2026-02-12 18:14:54.935,186.800,0.323242,0.505859,-0.776123,1.840,-2.664,0.473,31.22
2026-02-12 18:14:55.035,186.900,0.317871,0.510010,-0.778564,1.695,-2.710,0.145,31.51
2026-02-12 18:14:55.135,187.000,0.320312,0.507080,-0.779297,1.817,-2.611,0.046,31.51
2026-02-12 18:14:55.235,187.100,0.320068,0.507324,-0.776855,1.489,-3.122,0.290,31.51
2026-02-12 18:14:55.335,187.200,0.324219,0.506592,-0.784424,1.847,-2.756,0.420,31.56
2026-02-12 18:14:55.435,187.300,0.321289,0.506348,-0.773682,1.962,-2.985,0.229,31.66
2026-02-12 18:14:55.535,187.400,0.321533,0.508301,-0.782471,1.809,-2.679,0.328,31.46
2026-02-12 18:14:55.635,187.500,0.318848,0.506104,-0.781006,1.740,-3.000,-0.191,31.46
2026-02-12 18:14:55.735,187.600,0.322266,0.507080,-0.776611,1.771,-2.908,0.298,31.32
2026-02-12 18:14:55.835,187.700,0.324219,0.506104,-0.779053,1.687,-2.603,0.435,31.66
2026-02-12 18:14:55.935,187.800,0.323242,0.503418,-0.776367,1.336,-2.809,0.420,31.56
2026-02-12 18:14:56.035,187.900,0.322021,0.506348,-0.783691,1.847,-2.710,0.351,31.12
2026-02-12 18:14:56.135,188.000,0.321289,0.507080,-0.775391,1.748,-2.863,0.595,31.56
2026-02-12 18:14:56.235,188.100,0.322266,0.510010,-0.777832,1.656,-2.786,0.221,31.46
2026-02-12 18:14:56.335,188.200,0.320068,0.509521,-0.781006,1.748,-2.992,0.344,31.22
2026-02-12 18:14:56.435,188.300,0.323975,0.507324,-0.777100,1.695,-2.855,-0.008,31.22
2026-02-12 18:14:56.535,188.400,0.321777,0.507568,-0.775635,1.901,-2.908,0.275,31.36
2026-02-12 18:14:56.635,188.500,0.325439,0.507568,-0.777832,1.527,-2.916,0.473,31.51
2026-02-12 18:14:56.735,188.600,0.323242,0.503906,-0.781738,1.641,-2.687,0.565,31.56
2026-02-12 18:14:56.835,188.700,0.324219,0.510986,-0.773926,1.664,-2.710,0.206,31.36
2026-02-12 18:14:56.935,188.800,0.319336,0.504883,-0.775635,1.634,-2.870,0.420,31.46
2026-02-12 18:14:57.035,188.900,0.320068,0.504639,-0.780273,1.954,-2.931,0.198,31.32
2026-02-12 18:14:57.135,189.000,0.323486,0.507812,-0.786865,1.924,-2.840,0.260,31.36
2026-02-12 18:14:57.235,189.100,0.320068,0.504883,-0.774414,1.588,-2.763,0.366,31.76
2026-02-12 18:14:57.335,189.200,0.322510,0.506348,-0.781982,1.977,-2.725,0.198,31.36
2026-02-12 18:14:57.435,189.300,0.324707,0.507812,-0.783691,1.832,-2.855,0.244,31.56
2026-02-12 18:14:57.535,189.400,0.323242,0.507080,-0.782471,1.740,-2.748,0.313,31.66
2026-02-12 18:14:57.635,189.500,0.320557,0.509277,-0.778320,1.779,-2.870,0.397,31.17
2026-02-12 18:14:57.735,189.600,0.324219,0.503418,-0.779297,1.840,-2.870,0.427,31.36
2026-02-12 18:14:57.835,189.700,0.318848,0.508789,-0.779785,1.779,-2.779,0.130,31.51
2026-02-12 18:14:57.935,189.800,0.321045,0.506104,-0.780273,1.740,-2.710,0.359,31.46
2026-02-12 18:14:58.035,189.900,0.321289,0.509033,-0.781006,1.588,-2.939,0.313,31.36
2026-02-12 18:14:58.135,190.000,0.325439,0.504395,-0.768799,1.603,-3.069,0.229,31.71
2026-02-12 18:14:58.235,190.100,0.322266,0.510498,-0.777588,1.786,-2.863,0.481,31.36
2026-02-12 18:14:58.335,190.200,0.322266,0.503662,-0.781250,1.733,-2.992,0.519,31.51
2026-02-12 18:14:58.435,190.300,0.320801,0.504883,-0.780762,1.817,-2.855,0.489,31.36
2026-02-12 18:14:58.535,190.400,0.322510,0.504639,-0.781494,1.702,-2.771,0.412,31.46
2026-02-12 18:14:58.635,190.500,0.325195,0.500977,-0.778076,1.649,-2.985,0.168,31.51
2026-02-12 18:14:58.735,190.600,0.325684,0.506592,-0.774170,1.573,-2.817,0.267,31.51
2026-02-12 18:14:58.835,190.700,0.324951,0.506592,-0.777832,2.038,-2.931,0.290,31.56
2026-02-12 18:14:58.935,190.800,0.321045,0.508057,-0.774658,1.618,-2.740,0.229,31.66
2026-02-12 18:14:59.035,190.900,0.323730,0.505371,-0.779297,1.626,-3.015,0.466,31.66
2026-02-12 18:14:59.135,191.000,0.325928,0.507324,-0.781006,1.695,-2.855,0.168,31.66
2026-02-12 18:14:59.235,191.100,0.322998,0.506104,-0.778320,1.771,-2.885,0.282,31.46
2026-02-12 18:14:59.335,191.200,0.325684,0.507080,-0.775635,1.588,-2.595,0.145,31.76
2026-02-12 18:14:59.435,191.300,0.325439,0.509766,-0.779541,1.595,-2.840,0.344,31.51
2026-02-12 18:14:59.535,191.400,0.325928,0.502686,-0.781982,1.809,-2.756,0.435,31.46
2026-02-12 18:14:59.635,191.500,0.319580,0.507812,-0.784424,1.733,-2.702,0.145,31.56
2026-02-12 18:14:59.735,191.600,0.324707,0.510010,-0.783691,1.740,-3.092,0.084,31.51
2026-02-12 18:14:59.835,191.700,0.324951,0.509277,-0.775635,1.702,-3.031,0.359,31.85
2026-02-12 18:14:59.935,191.800,0.319336,0.513184,-0.778076,1.702,-2.649,0.321,31.22
2026-02-12 18:15:00.035,191.900,0.322266,0.503174,-0.779785,1.634,-3.061,0.359,31.66
2026-02-12 18:15:00.135,192.000,0.323730,0.502930,-0.780273,1.634,-2.954,0.290,31.46
2026-02-12 18:15:00.235,192.100,0.320557,0.504883,-0.776367,1.687,-2.840,0.099,31.66
2026-02-12 18:15:00.335,192.200,0.321777,0.506592,-0.780518,1.786,-2.985,0.557,31.66
2026-02-12 18:15:00.435,192.300,0.320068,0.506348,-0.774902,1.687,-2.809,0.191,31.32
2026-02-12 18:15:00.535,192.400,0.320312,0.505127,-0.778320,1.824,-2.916,0.038,31.51
2026-02-12 18:15:00.635,192.500,0.320557,0.507324,-0.774170,1.595,-3.038,0.275,31.51
2026-02-12 18:15:00.735,192.600,0.322021,0.506836,-0.777100,1.603,-2.977,0.359,31.51
2026-02-12 18:15:00.835,192.700,0.322510,0.507812,-0.778809,1.672,-2.855,0.374,31.76
2026-02-12 18:15:00.935,192.800,0.320068,0.503174,-0.778809,1.763,-2.794,0.282,31.36
2026-02-12 18:15:01.035,192.900,0.323486,0.507080,-0.778809,1.489,-3.053,0.130,31.51
2026-02-12 18:15:01.135,193.000,0.325439,0.505615,-0.778320,1.916,-2.802,0.359,31.36
2026-02-12 18:15:01.235,193.100,0.321777,0.503174,-0.782959,1.672,-2.748,0.405,31.56
2026-02-12 18:15:01.335,193.200,0.323242,0.505615,-0.780762,1.565,-2.809,0.198,31.76
2026-02-12 18:15:01.435,193.300,0.321533,0.507568,-0.782959,1.817,-2.954,0.206,31.17
2026-02-12 18:15:01.535,193.400,0.323730,0.504883,-0.775635,1.710,-2.779,0.206,31.32
2026-02-12 18:15:01.635,193.500,0.320557,0.507568,-0.780518,1.939,-2.740,0.321,31.51
2026-02-12 18:15:01.735,193.600,0.320068,0.509766,-0.774902,1.802,-2.969,0.412,31.36
2026-02-12 18:15:01.835,193.700,0.321289,0.505127,-0.781494,1.740,-2.939,0.397,31.56
2026-02-12 18:15:01.935,193.800,0.324219,0.503662,-0.777832,1.649,-2.908,0.305,31.17
2026-02-12 18:15:02.035,193.900,0.319092,0.508789,-0.780518,1.855,-2.870,0.115,31.56
2026-02-12 18:15:02.135,194.000,0.322754,0.508301,-0.779541,1.580,-2.824,0.344,31.66
2026-02-12 18:15:02.235,194.100,0.324707,0.507812,-0.775391,1.687,-2.916,0.244,31.51
2026-02-12 18:15:02.335,194.200,0.322754,0.509033,-0.780029,1.870,-2.870,0.565,31.36
2026-02-12 18:15:02.435,194.300,0.328613,0.502197,-0.772949,0.282,-1.695,-1.137,31.32
2026-02-12 18:15:02.535,194.400,0.326904,0.508301,-0.776855,1.710,-2.885,0.237,31.22
2026-02-12 18:15:02.635,194.500,0.322510,0.506104,-0.776123,1.603,-2.542,0.023,31.51
2026-02-12 18:15:02.735,194.600,0.321533,0.504150,-0.774170,1.435,-2.748,0.344,31.51
2026-02-12 18:15:02.835,194.700,0.322021,0.512695,-0.778320,1.939,-2.649,0.221,31.32
2026-02-12 18:15:02.935,194.800,0.320312,0.504395,-0.779297,1.336,-2.870,-0.519,31.32
2026-02-12 18:15:03.035,194.900,0.322266,0.509521,-0.773438,1.809,-2.573,0.321,31.22
2026-02-12 18:15:03.135,195.000,0.320801,0.504883,-0.776611,1.901,-3.069,0.191,31.32
2026-02-12 18:15:03.235,195.100,0.322998,0.508789,-0.778564,1.710,-2.847,0.252,31.17
2026-02-12 18:15:03.335,195.200,0.320557,0.505371,-0.783203,1.542,-2.840,0.153,31.66
2026-02-12 18:15:03.435,195.300,0.320312,0.507812,-0.776367,1.656,-2.802,0.473,31.56
2026-02-12 18:15:03.535,195.400,0.323730,0.504883,-0.783447,1.397,-2.687,0.092,31.66
2026-02-12 18:15:03.635,195.500,0.323486,0.506836,-0.774658,1.542,-2.992,0.611,31.32
2026-02-12 18:15:03.735,195.600,0.324463,0.510986,-0.780518,1.573,-2.885,0.366,31.66
2026-02-12 18:15:03.835,195.700,0.320312,0.509277,-0.778320,1.466,-2.756,0.176,31.22
2026-02-12 18:15:03.935,195.800,0.322998,0.508057,-0.782715,1.947,-2.573,0.313,31.66
2026-02-12 18:15:04.035,195.900,0.322266,0.505127,-0.779785,1.718,-2.947,0.229,31.46
2026-02-12 18:15:04.135,196.000,0.321533,0.504883,-0.777832,1.924,-2.908,0.458,31.32
2026-02-12 18:15:04.235,196.100,0.323242,0.506104,-0.781494,1.794,-2.924,0.511,31.51
2026-02-12 18:15:04.335,196.200,0.322998,0.504395,-0.773438,1.687,-2.916,0.473,31.66
2026-02-12 18:15:04.435,196.300,0.323486,0.507324,-0.772949,1.832,-2.840,0.092,31.46
2026-02-12 18:15:04.535,196.400,0.327881,0.502197,-0.776855,1.542,-2.649,0.115,31.51
2026-02-12 18:15:04.635,196.500,0.322754,0.504883,-0.777588,1.504,-2.847,0.481,31.36
2026-02-12 18:15:04.735,196.600,0.322998,0.508057,-0.779785,1.626,-2.947,0.115,31.36
2026-02-12 18:15:04.835,196.700,0.323975,0.499268,-0.777344,1.718,-3.160,0.137,31.66
2026-02-12 18:15:04.935,196.800,0.322266,0.507812,-0.776611,1.626,-2.641,0.450,31.36
2026-02-12 18:15:05.035,196.900,0.321777,0.508545,-0.784424,1.840,-2.679,0.321,31.32
2026-02-12 18:15:05.135,197.000,0.322510,0.507324,-0.777832,1.863,-2.832,0.313,31.32
2026-02-12 18:15:05.235,197.100,0.322266,0.508545,-0.781738,1.779,-2.939,0.389,31.51
2026-02-12 18:15:05.335,197.200,0.322021,0.509521,-0.781250,1.427,-2.618,0.191,31.22
2026-02-12 18:15:05.435,197.300,0.323975,0.507568,-0.772461,1.641,-2.771,0.450,31.36
2026-02-12 18:15:05.535,197.400,0.316650,0.509033,-0.776123,1.817,-2.855,0.443,31.51
2026-02-12 18:15:05.635,197.500,0.324951,0.507080,-0.782471,1.603,-2.740,0.366,31.22
2026-02-12 18:15:05.735,197.600,0.326660,0.503906,-0.779541,1.748,-2.855,0.321,31.32
2026-02-12 18:15:05.835,197.700,0.318604,0.506836,-0.778564,1.359,-2.489,0.260,31.46
2026-02-12 18:15:05.935,197.800,0.324219,0.506836,-0.778564,1.725,-2.779,0.183,31.51
2026-02-12 18:15:06.035,197.900,0.323730,0.507324,-0.779297,1.748,-2.718,0.244,31.46
2026-02-12 18:15:06.135,198.000,0.321045,0.507080,-0.780029,1.672,-2.924,0.183,31.17
2026-02-12 18:15:06.235,198.100,0.322021,0.507812,-0.781006,1.603,-2.809,0.214,31.17
2026-02-12 18:15:06.335,198.200,0.322754,0.507568,-0.771729,1.771,-2.916,0.229,31.17
2026-02-12 18:15:06.435,198.300,0.324951,0.508545,-0.777344,1.634,-2.817,0.290,31.17
2026-02-12 18:15:06.535,198.400,0.321777,0.504150,-0.776123,1.740,-2.962,-0.176,31.22
2026-02-12 18:15:06.635,198.500,0.321045,0.510254,-0.782715,1.435,-2.794,0.206,31.32
2026-02-12 18:15:06.735,198.600,0.320068,0.507080,-0.776611,1.656,-2.771,0.267,31.46
2026-02-12 18:15:06.835,198.700,0.325684,0.506836,-0.776123,1.855,-2.771,0.237,31.32
2026-02-12 18:15:06.935,198.800,0.322510,0.504150,-0.780273,1.435,-2.863,-0.061,31.32
2026-02-12 18:15:07.035,198.900,0.321289,0.504883,-0.780762,1.595,-2.679,0.298,31.46
2026-02-12 18:15:07.135,199.000,0.327148,0.504150,-0.778320,1.733,-2.985,0.198,31.32
2026-02-12 18:15:07.235,199.100,0.323730,0.504150,-0.780762,1.527,-2.878,0.305,31.71
2026-02-12 18:15:07.335,199.200,0.323975,0.503662,-0.774170,1.649,-2.710,0.282,31.51
2026-02-12 18:15:07.435,199.300,0.320801,0.508057,-0.771973,1.656,-2.954,0.359,31.36
2026-02-12 18:15:07.535,199.400,0.324463,0.508301,-0.785889,1.603,-2.672,0.191,31.71
2026-02-12 18:15:07.635,199.500,0.324219,0.509521,-0.777100,1.878,-2.916,0.260,31.66
2026-02-12 18:15:07.735,199.600,0.321533,0.508057,-0.782227,1.618,-2.588,0.153,31.36
2026-02-12 18:15:07.835,199.700,0.321533,0.508301,-0.778809,1.687,-2.908,0.137,31.66
2026-02-12 18:15:07.935,199.800,0.324219,0.506836,-0.778564,1.679,-2.878,0.626,31.66
2026-02-12 18:15:08.035,199.900,0.322510,0.502930,-0.782227,1.687,-2.672,0.344,31.46
2026-02-12 18:15:08.135,200.000,0.325684,0.506592,-0.776367,1.527,-3.061,0.115,31.36
2026-02-12 18:15:08.235,200.100,0.322266,0.509033,-0.782471,1.725,-2.771,0.351,31.51
2026-02-12 18:15:08.335,200.200,0.319092,0.506104,-0.781494,1.466,-2.969,0.458,31.66
2026-02-12 18:15:08.435,200.300,0.323486,0.507568,-0.775635,1.718,-2.534,0.420,31.36
2026-02-12 18:15:08.535,200.400,0.320557,0.509277,-0.777588,1.595,-2.725,0.450,31.46
2026-02-12 18:15:08.635,200.500,0.322266,0.504395,-0.775635,1.687,-2.924,0.374,31.46
2026-02-12 18:15:08.735,200.600,0.321533,0.505615,-0.775879,1.634,-2.939,0.145,31.51
2026-02-12 18:15:08.835,200.700,0.320312,0.505615,-0.778320,1.672,-2.786,0.641,31.56
2026-02-12 18:15:08.935,200.800,0.322998,0.508545,-0.779541,1.679,-2.802,0.290,31.46
2026-02-12 18:15:09.035,200.900,0.321533,0.506836,-0.776611,1.695,-3.023,0.481,31.46
2026-02-12 18:15:09.135,201.000,0.321533,0.505615,-0.777100,1.725,-2.863,0.107,31.36
2026-02-12 18:15:09.235,201.100,0.324707,0.509277,-0.787598,1.664,-2.771,0.145,31.56
2026-02-12 18:15:09.335,201.200,0.321289,0.506348,-0.777344,1.634,-2.855,0.336,31.66
2026-02-12 18:15:09.435,201.300,0.322021,0.505615,-0.778320,1.893,-2.527,0.397,31.46
2026-02-12 18:15:09.535,201.400,0.320068,0.506592,-0.781250,1.809,-2.962,0.344,31.51
2026-02-12 18:15:09.635,201.500,0.324219,0.505371,-0.774658,1.771,-2.824,0.137,31.51
2026-02-12 18:15:09.735,201.600,0.321533,0.502930,-0.774902,1.565,-2.924,0.015,31.36
2026-02-12 18:15:09.835,201.700,0.320801,0.505371,-0.777832,1.687,-2.840,0.076,31.56
2026-02-12 18:15:09.935,201.800,0.326416,0.508057,-0.778320,1.863,-2.977,0.443,31.76
2026-02-12 18:15:10.035,201.900,0.321777,0.508301,-0.775635,1.756,-2.695,0.191,31.36
2026-02-12 18:15:10.135,202.000,0.319580,0.505615,-0.772705,1.710,-2.740,0.305,31.66
2026-02-12 18:15:10.235,202.100,0.321045,0.506348,-0.774658,1.756,-2.794,0.160,31.46
2026-02-12 18:15:10.335,202.200,0.323242,0.505371,-0.777588,1.954,-2.901,0.137,31.51
2026-02-12 18:15:10.435,202.300,0.319824,0.511475,-0.776367,1.565,-2.939,0.145,31.46
2026-02-12 18:15:10.535,202.400,0.321045,0.504639,-0.774170,1.672,-2.977,0.092,31.12
2026-02-12 18:15:10.635,202.500,0.322754,0.504395,-0.781982,1.718,-3.092,0.359,31.36
2026-02-12 18:15:10.735,202.600,0.323730,0.511475,-0.783203,1.389,-2.618,0.061,31.36
2026-02-12 18:15:10.835,202.700,0.319580,0.507812,-0.780273,1.779,-2.969,0.084,31.46
2026-02-12 18:15:10.935,202.800,0.324951,0.503662,-0.786377,1.954,-2.855,0.183,31.36
2026-02-12 18:15:11.035,202.900,0.321289,0.504883,-0.780029,1.740,-2.641,0.458,31.51
2026-02-12 18:15:11.135,203.000,0.322266,0.508545,-0.768311,1.855,-2.954,0.015,31.46
2026-02-12 18:15:11.235,203.100,0.321777,0.507568,-0.775146,1.496,-2.824,0.214,31.46
2026-02-12 18:15:11.335,203.200,0.322510,0.510498,-0.778564,1.885,-2.802,-0.038,31.22
2026-02-12 18:15:11.435,203.300,0.322754,0.507080,-0.778809,1.847,-2.840,-0.099,31.51
2026-02-12 18:15:11.535,203.400,0.322510,0.507080,-0.779785,1.740,-2.939,0.382,31.36
2026-02-12 18:15:11.635,203.500,0.319824,0.507812,-0.782959,1.779,-2.763,0.305,31.22
2026-02-12 18:15:11.735,203.600,0.324707,0.507324,-0.779541,1.626,-2.718,0.008,31.36
2026-02-12 18:15:11.835,203.700,0.322510,0.505371,-0.775879,1.771,-2.634,0.137,31.51
2026-02-12 18:15:11.935,203.800,0.317871,0.507324,-0.780029,1.985,-3.176,0.344,31.51
2026-02-12 18:15:12.035,203.900,0.323242,0.503418,-0.781494,1.573,-2.763,0.374,31.12
2026-02-12 18:15:12.135,204.000,0.324219,0.510986,-0.780518,1.718,-2.916,0.382,31.36
2026-02-12 18:15:12.235,204.100,0.322021,0.507812,-0.774658,1.580,-2.931,0.290,31.51
2026-02-12 18:15:12.335,204.200,0.325439,0.508057,-0.775391,1.710,-2.725,0.542,31.71
2026-02-12 18:15:12.435,204.300,0.321045,0.510254,-0.778076,2.023,-2.824,0.282,31.46
2026-02-12 18:15:12.535,204.400,0.323486,0.507812,-0.778809,1.679,-2.908,0.290,31.17
2026-02-12 18:15:12.635,204.500,0.323486,0.506104,-0.779541,1.710,-2.718,0.229,31.32
2026-02-12 18:15:12.735,204.600,0.321777,0.510010,-0.782715,1.656,-2.763,0.443,31.71
2026-02-12 18:15:12.835,204.700,0.319824,0.505859,-0.782715,1.802,-3.023,0.244,31.32
2026-02-12 18:15:12.935,204.800,0.321777,0.506836,-0.782471,1.412,-2.809,0.374,31.85
2026-02-12 18:15:13.035,204.900,0.319336,0.506592,-0.779297,1.840,-2.870,0.282,31.66
2026-02-12 18:15:13.135,205.000,0.322021,0.507812,-0.778809,1.634,-2.725,0.374,31.46
2026-02-12 18:15:13.235,205.100,0.320557,0.507812,-0.783691,1.756,-2.779,0.405,31.46
2026-02-12 18:15:13.335,205.200,0.321289,0.501953,-0.783691,1.649,-2.794,0.282,31.51
2026-02-12 18:15:13.435,205.300,0.324951,0.505127,-0.777344,1.664,-2.847,0.298,31.51
2026-02-12 18:15:13.535,205.400,0.322754,0.507080,-0.775391,1.702,-2.947,-0.069,31.51
2026-02-12 18:15:13.635,205.500,0.323975,0.507080,-0.781250,1.832,-2.908,0.328,31.22
2026-02-12 18:15:13.735,205.600,0.324707,0.508057,-0.774902,1.794,-2.817,0.260,31.46
2026-02-12 18:15:13.835,205.700,0.320068,0.503174,-0.780029,1.786,-2.809,0.137,31.32
2026-02-12 18:15:13.935,205.800,0.321777,0.509277,-0.783447,1.840,-2.718,0.198,31.66
2026-02-12 18:15:14.035,205.900,0.319580,0.504883,-0.774902,1.962,-3.023,0.267,31.32
2026-02-12 18:15:14.135,206.000,0.325928,0.511475,-0.777832,1.740,-2.840,0.351,31.36
2026-02-12 18:15:14.235,206.100,0.321777,0.507324,-0.777832,1.969,-2.725,0.344,31.46
2026-02-12 18:15:14.335,206.200,0.322021,0.504883,-0.777588,1.618,-2.878,0.168,31.51
2026-02-12 18:15:14.435,206.300,0.321289,0.513184,-0.778076,1.794,-2.763,0.359,31.66
2026-02-12 18:15:14.535,206.400,0.324219,0.508057,-0.778076,1.656,-2.748,0.092,31.51
2026-02-12 18:15:14.635,206.500,0.320801,0.510498,-0.781250,1.710,-2.672,0.252,31.51
2026-02-12 18:15:14.735,206.600,0.322510,0.507568,-0.780029,1.672,-2.756,0.069,31.51
2026-02-12 18:15:14.835,206.700,0.318359,0.506348,-0.782471,1.580,-3.069,0.374,31.36
2026-02-12 18:15:14.935,206.800,0.319092,0.506348,-0.784912,1.847,-2.771,0.053,31.32
2026-02-12 18:15:15.035,206.900,0.321533,0.507324,-0.780762,1.412,-2.885,0.252,31.76
2026-02-12 18:15:15.135,207.000,0.321045,0.507324,-0.781006,1.885,-2.809,0.328,31.71
2026-02-12 18:15:15.235,207.100,0.322754,0.509033,-0.781494,1.740,-3.183,0.214,31.66
2026-02-12 18:15:15.335,207.200,0.321289,0.504639,-0.782471,1.756,-3.076,0.321,31.76
2026-02-12 18:15:15.435,207.300,0.322510,0.507568,-0.779785,1.611,-2.947,0.527,31.66
2026-02-12 18:15:15.535,207.400,0.322754,0.508789,-0.782227,1.870,-2.870,0.153,31.46
2026-02-12 18:15:15.635,207.500,0.321777,0.504395,-0.778564,1.565,-2.763,0.489,31.36
2026-02-12 18:15:15.735,207.600,0.324219,0.505127,-0.782715,1.504,-3.008,0.275,31.22
2026-02-12 18:15:15.835,207.700,0.322510,0.509521,-0.777832,1.626,-2.878,0.069,31.36
2026-02-12 18:15:15.935,207.800,0.322510,0.503906,-0.780518,1.679,-2.954,0.191,31.56
2026-02-12 18:15:16.035,207.900,0.319824,0.508057,-0.781494,1.664,-3.061,0.160,31.46
2026-02-12 18:15:16.135,208.000,0.323486,0.508789,-0.785156,1.779,-2.710,0.069,31.46
2026-02-12 18:15:16.235,208.100,0.325195,0.508789,-0.776611,1.496,-2.672,0.328,31.36
2026-02-12 18:15:16.335,208.200,0.322510,0.505615,-0.778320,1.679,-3.069,0.366,31.36
2026-02-12 18:15:16.435,208.300,0.323975,0.504883,-0.781006,1.489,-2.817,0.344,31.51
2026-02-12 18:15:16.535,208.400,0.322754,0.505615,-0.775635,1.641,-3.038,0.466,31.51
2026-02-12 18:15:16.635,208.500,0.325684,0.507568,-0.781494,1.931,-2.840,0.321,31.32
2026-02-12 18:15:16.735,208.600,0.323975,0.506836,-0.781982,1.924,-3.000,0.237,31.36
2026-02-12 18:15:16.835,208.700,0.324951,0.508789,-0.777344,1.908,-2.931,0.656,31.36
2026-02-12 18:15:16.935,208.800,0.321533,0.504883,-0.776855,1.710,-2.947,0.053,31.66
2026-02-12 18:15:17.035,208.900,0.325195,0.509766,-0.777588,1.863,-2.824,0.389,31.56
2026-02-12 18:15:17.135,209.000,0.324707,0.507568,-0.778809,1.893,-2.626,0.053,31.56
2026-02-12 18:15:17.235,209.100,0.324219,0.505371,-0.777344,1.534,-2.954,0.137,31.66
2026-02-12 18:15:17.335,209.200,0.329102,0.507568,-0.780029,1.672,-2.695,0.084,31.32
2026-02-12 18:15:17.435,209.300,0.321777,0.508057,-0.782471,1.824,-2.794,0.351,31.51
2026-02-12 18:15:17.535,209.400,0.323242,0.502930,-0.776367,1.634,-3.206,0.145,31.36
2026-02-12 18:15:17.635,209.500,0.322754,0.509277,-0.784912,1.611,-2.779,0.153,31.32
2026-02-12 18:15:17.735,209.600,0.324707,0.503174,-0.778320,1.855,-2.863,0.336,31.46
2026-02-12 18:15:17.835,209.700,0.324463,0.505859,-0.774658,1.786,-2.916,0.084,31.36
2026-02-12 18:15:17.935,209.800,0.321045,0.507080,-0.778076,1.733,-2.901,0.214,31.22
2026-02-12 18:15:18.035,209.900,0.323730,0.505371,-0.779053,1.824,-2.725,0.076,31.36
2026-02-12 18:15:18.135,210.000,0.325928,0.506104,-0.778320,1.588,-2.878,0.160,31.46
2026-02-12 18:15:18.235,210.100,0.319336,0.505127,-0.776611,1.878,-2.786,0.282,31.36
2026-02-12 18:15:18.335,210.200,0.323486,0.508301,-0.784668,1.702,-2.832,0.366,31.46
2026-02-12 18:15:18.435,210.300,0.317871,0.507324,-0.778320,1.595,-2.824,0.298,31.56
2026-02-12 18:15:18.535,210.400,0.323242,0.506104,-0.778564,2.000,-2.771,0.221,31.22
2026-02-12 18:15:18.635,210.500,0.319336,0.508545,-0.784424,1.847,-2.908,0.511,31.36
2026-02-12 18:15:18.735,210.600,0.323730,0.511475,-0.780518,1.794,-2.962,0.122,31.36
2026-02-12 18:15:18.835,210.700,0.325928,0.501709,-0.780762,1.901,-2.695,0.389,31.66
2026-02-12 18:15:18.935,210.800,0.322754,0.503662,-0.784424,1.702,-2.962,0.145,31.51
2026-02-12 18:15:19.035,210.900,0.322510,0.504395,-0.781494,1.649,-2.733,0.115,31.32
2026-02-12 18:15:19.135,211.000,0.320801,0.507812,-0.779297,1.809,-2.809,0.237,31.56
2026-02-12 18:15:19.235,211.100,0.321777,0.508789,-0.782227,1.855,-2.756,0.336,31.36
2026-02-12 18:15:19.335,211.200,0.322266,0.507568,-0.780762,1.656,-2.504,0.321,31.36
2026-02-12 18:15:19.435,211.300,0.320557,0.506836,-0.779541,1.603,-2.710,0.282,31.36
2026-02-12 18:15:19.535,211.400,0.323730,0.506836,-0.780029,1.969,-3.015,0.313,31.22
2026-02-12 18:15:19.635,211.500,0.320068,0.510010,-0.784180,1.947,-2.656,0.489,31.51
2026-02-12 18:15:19.735,211.600,0.321777,0.508789,-0.780518,1.855,-3.031,0.527,31.51
2026-02-12 18:15:19.835,211.700,0.320068,0.508545,-0.780762,1.725,-2.725,0.183,31.56
2026-02-12 18:15:19.935,211.800,0.319092,0.506836,-0.779785,1.649,-2.878,0.267,31.32
2026-02-12 18:15:20.035,211.900,0.323730,0.510254,-0.778809,1.702,-2.985,0.053,31.32
2026-02-12 18:15:20.135,212.000,0.323730,0.507812,-0.784180,1.802,-2.885,0.542,31.51
2026-02-12 18:15:20.235,212.100,0.320801,0.503418,-0.777100,1.611,-2.756,0.237,31.36
2026-02-12 18:15:20.335,212.200,0.323730,0.508057,-0.774658,1.947,-3.168,0.214,31.51
2026-02-12 18:15:20.435,212.300,0.323486,0.505127,-0.784912,1.740,-2.847,0.328,31.51
2026-02-12 18:15:20.535,212.400,0.323242,0.508545,-0.777832,1.763,-3.008,0.321,31.36
2026-02-12 18:15:20.635,212.500,0.320068,0.506104,-0.780273,1.771,-2.931,0.176,31.46
2026-02-12 18:15:20.735,212.600,0.322266,0.505859,-0.774902,1.603,-2.733,-0.008,31.51
2026-02-12 18:15:20.835,212.700,0.322266,0.508789,-0.784668,1.756,-2.817,0.351,31.32
2026-02-12 18:15:20.935,212.800,0.322021,0.507568,-0.781982,1.771,-2.954,0.046,31.51
2026-02-12 18:15:21.035,212.900,0.320801,0.510010,-0.775146,1.817,-2.969,0.389,31.51
2026-02-12 18:15:21.135,213.000,0.320801,0.507568,-0.775391,1.679,-2.802,-0.115,31.36
2026-02-12 18:15:21.235,213.100,0.323242,0.512207,-0.779541,1.710,-2.748,0.229,31.66
2026-02-12 18:15:21.335,213.200,0.324219,0.502197,-0.782471,1.740,-2.802,0.382,31.22
2026-02-12 18:15:21.435,213.300,0.322021,0.505859,-0.781982,1.511,-2.855,0.290,31.17
2026-02-12 18:15:21.535,213.400,0.322266,0.507812,-0.779541,1.611,-2.786,0.260,31.46
2026-02-12 18:15:21.635,213.500,0.319336,0.503662,-0.777832,1.756,-2.718,0.443,31.36
2026-02-12 18:15:21.735,213.600,0.320312,0.506348,-0.781982,1.878,-2.679,-0.038,31.51
2026-02-12 18:15:21.835,213.700,0.322510,0.504883,-0.775879,1.672,-2.641,0.107,31.22
2026-02-12 18:15:21.935,213.800,0.319336,0.505127,-0.784424,1.618,-2.710,0.183,31.56
2026-02-12 18:15:22.035,213.900,0.321777,0.508057,-0.785400,1.863,-2.763,0.573,31.36
2026-02-12 18:15:22.135,214.000,0.324707,0.503662,-0.780273,1.763,-2.924,0.397,31.66
2026-02-12 18:15:22.235,214.100,0.320801,0.506592,-0.779785,1.534,-2.931,0.252,31.36
2026-02-12 18:15:22.335,214.200,0.320068,0.503906,-0.777100,1.504,-2.847,0.489,31.17
2026-02-12 18:15:22.435,214.300,0.324219,0.505859,-0.779053,1.771,-2.779,0.122,31.36
2026-02-12 18:15:22.535,214.400,0.322754,0.508057,-0.779541,1.779,-2.664,0.290,31.56
2026-02-12 18:15:22.635,214.500,0.323242,0.508057,-0.774170,1.809,-2.931,0.397,31.56
2026-02-12 18:15:22.735,214.600,0.322510,0.507568,-0.773926,1.458,-2.725,0.290,31.17
2026-02-12 18:15:22.835,214.700,0.318115,0.505615,-0.782227,1.916,-2.740,0.412,31.32
2026-02-12 18:15:22.935,214.800,0.320312,0.507080,-0.781006,1.817,-2.901,0.443,31.32
2026-02-12 18:15:23.035,214.900,0.323242,0.502197,-0.782959,1.382,-2.954,0.221,31.66
2026-02-12 18:15:23.135,215.000,0.319092,0.503174,-0.782471,1.817,-2.809,0.504,31.76
2026-02-12 18:15:23.235,215.100,0.320801,0.507080,-0.778564,1.580,-2.916,0.305,31.46
2026-02-12 18:15:23.335,215.200,0.320801,0.510254,-0.778809,1.840,-2.756,0.015,31.32
2026-02-12 18:15:23.435,215.300,0.323486,0.510010,-0.783203,1.511,-2.710,0.221,31.32
2026-02-12 18:15:23.535,215.400,0.323242,0.507568,-0.779785,1.687,-2.992,0.275,31.32
2026-02-12 18:15:23.635,215.500,0.321289,0.507324,-0.782959,1.771,-2.855,0.496,31.36
2026-02-12 18:15:23.735,215.600,0.325195,0.504639,-0.774414,1.534,-2.771,0.389,31.66
2026-02-12 18:15:23.835,215.700,0.323486,0.505127,-0.779053,1.656,-2.893,0.183,31.36
2026-02-12 18:15:23.935,215.800,0.321777,0.507324,-0.778809,1.618,-2.901,0.260,31.36
2026-02-12 18:15:24.035,215.900,0.323730,0.505859,-0.779053,1.481,-2.908,0.176,31.32
2026-02-12 18:15:24.135,216.000,0.324219,0.509277,-0.773926,1.458,-2.802,0.344,31.36
2026-02-12 18:15:24.235,216.100,0.323486,0.510010,-0.777344,1.626,-2.779,0.305,31.56
2026-02-12 18:15:24.335,216.200,0.323486,0.508057,-0.779297,1.580,-2.756,0.168,31.46
2026-02-12 18:15:24.435,216.300,0.321289,0.502441,-0.775146,1.779,-2.832,0.122,31.32
2026-02-12 18:15:24.535,216.400,0.320068,0.507324,-0.775391,1.618,-2.786,0.344,31.71
2026-02-12 18:15:24.635,216.500,0.319824,0.507080,-0.781982,1.702,-2.672,0.366,31.36
2026-02-12 18:15:24.735,216.600,0.325195,0.500977,-0.784668,1.519,-2.779,0.267,31.32
2026-02-12 18:15:24.835,216.700,0.320312,0.507568,-0.778564,1.771,-2.954,0.336,31.56
2026-02-12 18:15:24.935,216.800,0.322021,0.508545,-0.778320,1.458,-2.947,0.191,31.51
2026-02-12 18:15:25.035,216.900,0.322998,0.503418,-0.783936,1.519,-2.649,0.000,31.46
2026-02-12 18:15:25.135,217.000,0.323975,0.511963,-0.783203,1.977,-2.740,0.282,31.22
2026-02-12 18:15:25.235,217.100,0.320068,0.507080,-0.783691,1.656,-2.695,0.321,31.71
2026-02-12 18:15:25.335,217.200,0.320068,0.506592,-0.777588,1.748,-3.023,0.229,31.51
2026-02-12 18:15:25.435,217.300,0.320557,0.507324,-0.783203,1.870,-3.046,0.252,31.46
2026-02-12 18:15:25.535,217.400,0.321289,0.508057,-0.777832,1.763,-2.832,0.221,31.51
2026-02-12 18:15:25.635,217.500,0.320801,0.506836,-0.790039,1.931,-3.069,0.160,31.22
2026-02-12 18:15:25.735,217.600,0.320801,0.504395,-0.775879,1.664,-3.008,0.176,31.32
2026-02-12 18:15:25.835,217.700,0.321045,0.504639,-0.782227,1.786,-2.695,0.321,31.36
2026-02-12 18:15:25.935,217.800,0.321777,0.505859,-0.786133,1.809,-3.229,0.481,31.51
2026-02-12 18:15:26.035,217.900,0.325439,0.506836,-0.785889,1.595,-2.649,0.252,31.71
2026-02-12 18:15:26.135,218.000,0.326416,0.506836,-0.780762,1.863,-2.947,0.397,31.32
2026-02-12 18:15:26.235,218.100,0.321533,0.508789,-0.781250,1.794,-2.939,0.229,31.36
2026-02-12 18:15:26.335,218.200,0.324707,0.504883,-0.777100,1.863,-2.756,0.229,31.71
2026-02-12 18:15:26.435,218.300,0.324219,0.502930,-0.778564,1.763,-2.771,0.000,31.76
2026-02-12 18:15:26.535,218.400,0.324707,0.505371,-0.777100,1.870,-2.679,0.282,31.66
2026-02-12 18:15:26.635,218.500,0.319580,0.504883,-0.778320,1.695,-2.817,0.305,31.56
2026-02-12 18:15:26.735,218.600,0.324707,0.506104,-0.780273,1.626,-2.817,0.046,31.51
2026-02-12 18:15:26.835,218.700,0.322754,0.508545,-0.776367,1.496,-2.847,0.191,31.56
2026-02-12 18:15:26.935,218.800,0.319824,0.509521,-0.782715,1.802,-2.718,-0.038,31.36
2026-02-12 18:15:27.035,218.900,0.318115,0.501709,-0.781494,1.771,-2.748,0.298,31.51
2026-02-12 18:15:27.135,219.000,0.318848,0.507568,-0.777100,1.618,-2.985,0.305,31.46
2026-02-12 18:15:27.235,219.100,0.320801,0.507324,-0.777832,1.786,-2.969,0.603,31.46
2026-02-12 18:15:27.335,219.200,0.321289,0.507080,-0.785645,1.786,-2.870,0.038,31.36
2026-02-12 18:15:27.435,219.300,0.323975,0.507324,-0.778076,1.771,-2.595,0.374,31.46
2026-02-12 18:15:27.535,219.400,0.323730,0.505615,-0.775879,1.817,-2.863,-0.053,31.46
2026-02-12 18:15:27.635,219.500,0.322754,0.504639,-0.777832,1.641,-2.985,0.412,31.36
2026-02-12 18:15:27.735,219.600,0.319580,0.506592,-0.783447,1.664,-2.611,0.382,31.51
2026-02-12 18:15:27.835,219.700,0.321777,0.503174,-0.773682,1.809,-2.985,0.206,31.51
2026-02-12 18:15:27.935,219.800,0.323730,0.507080,-0.774902,1.756,-2.977,0.122,31.46
2026-02-12 18:15:28.035,219.900,0.321533,0.505615,-0.775635,1.786,-2.893,0.198,31.56
2026-02-12 18:15:28.135,220.000,0.321777,0.509277,-0.774902,1.718,-2.779,0.176,31.51
2026-02-12 18:15:28.235,220.100,0.320068,0.503906,-0.779053,1.687,-2.893,0.191,31.36
2026-02-12 18:15:28.335,220.200,0.322266,0.507324,-0.779297,1.641,-2.878,0.076,31.51
2026-02-12 18:15:28.435,220.300,0.322510,0.502441,-0.777832,1.718,-2.763,0.168,31.32
2026-02-12 18:15:28.535,220.400,0.323486,0.504639,-0.775635,1.725,-2.962,0.321,31.32
2026-02-12 18:15:28.635,220.500,0.323975,0.504639,-0.785156,1.580,-2.847,0.229,31.51
2026-02-12 18:15:28.735,220.600,0.322510,0.505615,-0.775146,1.901,-3.115,0.351,31.51
2026-02-12 18:15:28.835,220.700,0.320801,0.507324,-0.779541,1.718,-2.786,0.305,31.51
2026-02-12 18:15:28.935,220.800,0.323730,0.505859,-0.783936,1.824,-3.046,0.275,31.51
2026-02-12 18:15:29.035,220.900,0.323730,0.505859,-0.781006,1.489,-2.992,0.107,31.56
2026-02-12 18:15:29.135,221.000,0.321533,0.505371,-0.777588,1.435,-2.695,0.176,31.46
2026-02-12 18:15:29.235,221.100,0.322266,0.507568,-0.778809,1.847,-3.000,0.069,31.51
2026-02-12 18:15:29.335,221.200,0.321289,0.509521,-0.778564,1.557,-2.908,0.382,31.32
2026-02-12 18:15:29.435,221.300,0.324463,0.506836,-0.781250,1.809,-2.885,0.305,31.71
2026-02-12 18:15:29.535,221.400,0.319336,0.504395,-0.780762,1.641,-2.626,0.168,31.46
2026-02-12 18:15:29.635,221.500,0.321289,0.504395,-0.782227,1.863,-2.687,0.221,31.51
2026-02-12 18:15:29.735,221.600,0.322021,0.507080,-0.779541,1.634,-2.824,0.397,31.36
2026-02-12 18:15:29.835,221.700,0.324219,0.504883,-0.778564,1.626,-2.679,0.183,31.51
2026-02-12 18:15:29.935,221.800,0.322998,0.504883,-0.785645,1.870,-2.878,0.382,31.76
2026-02-12 18:15:30.035,221.900,0.325439,0.509277,-0.777588,1.931,-2.748,0.206,31.36
2026-02-12 18:15:30.135,222.000,0.323486,0.508301,-0.777100,1.649,-2.626,0.046,31.56
2026-02-12 18:15:30.235,222.100,0.320312,0.507812,-0.778320,1.687,-2.725,0.374,31.66
2026-02-12 18:15:30.335,222.200,0.321289,0.506348,-0.777832,1.542,-2.847,0.145,31.22
2026-02-12 18:15:30.435,222.300,0.324707,0.507324,-0.782471,1.504,-2.802,0.344,31.46
2026-02-12 18:15:30.535,222.400,0.324219,0.509277,-0.780273,1.847,-2.969,0.267,31.17
2026-02-12 18:15:30.635,222.500,0.324219,0.502930,-0.775635,1.779,-2.885,0.244,31.46
2026-02-12 18:15:30.735,222.600,0.318359,0.511230,-0.781494,1.725,-2.748,0.336,31.36
2026-02-12 18:15:30.835,222.700,0.323242,0.506104,-0.777832,1.656,-2.885,0.153,31.66
2026-02-12 18:15:30.935,222.800,0.322754,0.508789,-0.778320,1.695,-2.863,0.504,31.51
2026-02-12 18:15:31.035,222.900,0.321289,0.503906,-0.774902,1.588,-2.763,0.221,31.46
2026-02-12 18:15:31.135,223.000,0.320312,0.507812,-0.779297,1.710,-2.885,0.328,31.56
2026-02-12 18:15:31.235,223.100,0.328369,0.503174,-0.772705,1.878,-2.939,0.420,31.32
2026-02-12 18:15:31.335,223.200,0.324707,0.506836,-0.780273,1.611,-2.695,0.145,31.51
2026-02-12 18:15:31.435,223.300,0.321533,0.504639,-0.776367,1.893,-2.550,0.351,31.46
2026-02-12 18:15:31.535,223.400,0.318604,0.502930,-0.779053,1.718,-2.710,0.160,31.32
2026-02-12 18:15:31.635,223.500,0.323242,0.510742,-0.780762,1.725,-2.611,0.282,31.51
2026-02-12 18:15:31.735,223.600,0.321777,0.505371,-0.781738,1.580,-2.947,0.405,31.66
2026-02-12 18:15:31.835,223.700,0.325684,0.508545,-0.777344,1.634,-2.435,0.198,31.51
2026-02-12 18:15:31.935,223.800,0.321533,0.507324,-0.782227,1.779,-2.824,0.076,31.71
2026-02-12 18:15:32.035,223.900,0.321533,0.505859,-0.778809,1.878,-2.870,0.664,31.66
2026-02-12 18:15:32.135,224.000,0.322754,0.503418,-0.777344,1.649,-2.779,0.305,31.36
2026-02-12 18:15:32.235,224.100,0.318848,0.506592,-0.776855,1.611,-2.863,0.466,31.51
2026-02-12 18:15:32.335,224.200,0.325439,0.506104,-0.780273,1.611,-2.634,0.359,31.56
2026-02-12 18:15:32.435,224.300,0.324463,0.504639,-0.782715,1.649,-2.863,0.321,31.51
2026-02-12 18:15:32.535,224.400,0.325928,0.508789,-0.776367,1.634,-2.802,0.191,31.32
2026-02-12 18:15:32.635,224.500,0.322754,0.505859,-0.775146,1.756,-2.740,0.252,31.66
2026-02-12 18:15:32.735,224.600,0.319092,0.510010,-0.783203,1.954,-2.931,0.198,31.22
2026-02-12 18:15:32.835,224.700,0.322266,0.504395,-0.778076,1.786,-2.695,0.275,31.36
2026-02-12 18:15:32.935,224.800,0.324463,0.505859,-0.775146,1.763,-2.565,0.252,31.71
2026-02-12 18:15:33.035,224.900,0.321533,0.504883,-0.782715,1.756,-2.878,0.183,31.51
2026-02-12 18:15:33.135,225.000,0.320557,0.504883,-0.779053,1.740,-2.977,0.351,31.51
2026-02-12 18:15:33.235,225.100,0.318115,0.503662,-0.779785,1.641,-2.710,0.092,31.66
2026-02-12 18:15:33.335,225.200,0.319580,0.507324,-0.777832,2.023,-2.595,0.450,31.56
2026-02-12 18:15:33.435,225.300,0.319336,0.506348,-0.781006,1.595,-2.924,0.321,31.36
2026-02-12 18:15:33.535,225.400,0.321289,0.507812,-0.777588,1.641,-2.870,0.542,31.36
2026-02-12 18:15:33.635,225.500,0.318359,0.509033,-0.775635,1.924,-2.771,0.145,31.66
2026-02-12 18:15:33.735,225.600,0.320801,0.504150,-0.777832,1.550,-2.885,0.374,31.66
2026-02-12 18:15:33.835,225.700,0.318359,0.508301,-0.775635,1.885,-3.053,-0.069,31.36
2026-02-12 18:15:33.935,225.800,0.322021,0.505615,-0.778809,1.779,-2.855,0.382,31.36
2026-02-12 18:15:34.035,225.900,0.318115,0.505371,-0.779053,1.924,-2.779,0.405,31.51
2026-02-12 18:15:34.135,226.000,0.320557,0.506592,-0.778809,1.519,-2.977,0.420,31.46
2026-02-12 18:15:34.235,226.100,0.322021,0.502686,-0.778320,1.427,-2.779,0.153,31.71
2026-02-12 18:15:34.335,226.200,0.326416,0.505371,-0.782471,1.687,-2.763,0.206,31.46
2026-02-12 18:15:34.435,226.300,0.320068,0.507812,-0.780029,1.771,-3.038,0.252,31.71
2026-02-12 18:15:34.535,226.400,0.321289,0.505859,-0.774414,1.664,-2.924,0.427,31.66
2026-02-12 18:15:34.635,226.500,0.325928,0.506592,-0.778564,1.977,-2.840,0.641,31.51
2026-02-12 18:15:34.735,226.600,0.322510,0.506348,-0.785645,1.504,-2.924,0.282,31.51
2026-02-12 18:15:34.835,226.700,0.322021,0.507812,-0.778809,1.679,-2.656,0.473,31.66
2026-02-12 18:15:34.935,226.800,0.321533,0.505615,-0.776855,1.473,-2.664,0.450,31.32
2026-02-12 18:15:35.035,226.900,0.323242,0.505615,-0.777832,1.947,-2.733,0.397,31.51
2026-02-12 18:15:35.135,227.000,0.322021,0.505371,-0.779053,1.611,-2.840,0.298,31.36
2026-02-12 18:15:35.235,227.100,0.321533,0.506592,-0.779785,1.702,-2.779,0.374,31.32
2026-02-12 18:15:35.335,227.200,0.322266,0.505371,-0.783447,1.702,-3.008,0.305,31.56
2026-02-12 18:15:35.435,227.300,0.318848,0.505615,-0.779541,1.557,-2.794,0.359,31.51
2026-02-12 18:15:35.535,227.400,0.320312,0.504150,-0.779541,1.542,-2.748,0.351,31.51
2026-02-12 18:15:35.635,227.500,0.319824,0.505127,-0.785156,1.863,-3.046,0.130,31.56
2026-02-12 18:15:35.735,227.600,0.322754,0.504150,-0.780762,1.481,-2.817,-0.038,31.32
2026-02-12 18:15:35.835,227.700,0.326416,0.504639,-0.781982,1.634,-2.786,0.260,31.36
2026-02-12 18:15:35.935,227.800,0.319824,0.506348,-0.774658,1.779,-3.023,0.237,31.66
2026-02-12 18:15:36.035,227.900,0.322998,0.502686,-0.777100,1.595,-2.733,0.321,31.36
2026-02-12 18:15:36.135,228.000,0.323486,0.504395,-0.775635,1.710,-2.863,0.618,31.71
2026-02-12 18:15:36.235,228.100,0.320557,0.505859,-0.778564,1.855,-2.664,0.069,31.51
2026-02-12 18:15:36.335,228.200,0.321533,0.505859,-0.788818,1.580,-3.122,0.321,31.36
2026-02-12 18:15:36.435,228.300,0.321045,0.506348,-0.780762,1.389,-2.664,0.397,31.66
2026-02-12 18:15:36.535,228.400,0.318359,0.505371,-0.779541,1.687,-2.626,0.328,31.66
2026-02-12 18:15:36.635,228.500,0.323975,0.511475,-0.777344,1.779,-2.931,0.435,31.51
2026-02-12 18:15:36.735,228.600,0.321533,0.506348,-0.781250,1.763,-2.901,0.183,31.56
2026-02-12 18:15:36.835,228.700,0.320557,0.510986,-0.780518,1.870,-2.702,0.168,31.76
2026-02-12 18:15:36.935,228.800,0.321533,0.503906,-0.780273,1.489,-2.802,0.328,31.71
2026-02-12 18:15:37.035,228.900,0.322510,0.502930,-0.779297,1.626,-2.901,0.443,31.85
2026-02-12 18:15:37.135,229.000,0.322754,0.508301,-0.779785,1.557,-3.084,0.191,31.51
2026-02-12 18:15:37.235,229.100,0.321045,0.508545,-0.784424,1.771,-2.908,0.336,31.22
2026-02-12 18:15:37.335,229.200,0.320068,0.503174,-0.781494,1.565,-2.733,0.137,31.66
2026-02-12 18:15:37.435,229.300,0.321777,0.506836,-0.775635,1.649,-2.908,0.313,31.51
2026-02-12 18:15:37.535,229.400,0.321045,0.507568,-0.781494,1.672,-2.679,0.099,31.32
2026-02-12 18:15:37.635,229.500,0.316895,0.503906,-0.778564,1.710,-2.718,0.038,31.66
2026-02-12 18:15:37.735,229.600,0.322754,0.509521,-0.779297,1.725,-2.611,0.588,31.66
2026-02-12 18:15:37.835,229.700,0.320557,0.504150,-0.774170,1.504,-2.718,0.244,31.36
2026-02-12 18:15:37.935,229.800,0.321533,0.505615,-0.777344,1.641,-2.809,0.076,31.51
2026-02-12 18:15:38.035,229.900,0.322998,0.504150,-0.778320,1.756,-2.924,0.290,31.56
2026-02-12 18:15:38.135,230.000,0.316162,0.504883,-0.780273,1.779,-2.885,0.183,31.36
2026-02-12 18:15:38.235,230.100,0.317627,0.504395,-0.784180,1.580,-2.931,-0.015,31.46
2026-02-12 18:15:38.335,230.200,0.321045,0.509033,-0.779785,1.679,-2.763,0.344,31.66
2026-02-12 18:15:38.435,230.300,0.321533,0.503418,-0.781006,1.588,-2.748,0.221,31.85
2026-02-12 18:15:38.535,230.400,0.322998,0.509277,-0.782227,1.649,-2.901,0.191,31.36
2026-02-12 18:15:38.635,230.500,0.323975,0.507812,-0.779297,1.527,-2.656,0.351,31.51
2026-02-12 18:15:38.735,230.600,0.320068,0.502930,-0.774414,1.725,-2.679,0.115,31.71
2026-02-12 18:15:38.835,230.700,0.317871,0.509521,-0.777344,1.588,-3.015,0.176,31.66
2026-02-12 18:15:38.935,230.800,0.322021,0.504395,-0.780762,1.809,-2.985,0.237,31.56
2026-02-12 18:15:39.035,230.900,0.321289,0.503906,-0.776855,1.733,-3.198,-0.008,31.46
2026-02-12 18:15:39.135,231.000,0.322998,0.503174,-0.774414,1.878,-2.695,0.122,31.51
2026-02-12 18:15:39.235,231.100,0.321777,0.509766,-0.785400,1.748,-2.771,0.168,31.36
2026-02-12 18:15:39.335,231.200,0.322998,0.509033,-0.780273,2.069,-2.786,0.122,31.66
2026-02-12 18:15:39.435,231.300,0.322021,0.505127,-0.783203,1.649,-2.824,0.214,31.66
2026-02-12 18:15:39.535,231.400,0.323486,0.507324,-0.780029,1.641,-2.809,0.420,31.66
2026-02-12 18:15:39.635,231.500,0.322021,0.508301,-0.778564,1.817,-2.557,0.191,31.71
2026-02-12 18:15:39.735,231.600,0.318604,0.507568,-0.782715,1.664,-3.023,0.282,31.46
2026-02-12 18:15:39.835,231.700,0.321289,0.508301,-0.778809,1.595,-3.099,0.221,31.32
2026-02-12 18:15:39.935,231.800,0.323486,0.508057,-0.775146,1.840,-2.756,0.321,31.66
2026-02-12 18:15:40.035,231.900,0.322510,0.507080,-0.783936,1.588,-2.611,0.298,31.56
2026-02-12 18:15:40.135,232.000,0.322510,0.504883,-0.782715,1.435,-2.924,0.237,31.71
2026-02-12 18:15:40.235,232.100,0.321533,0.510254,-0.779541,1.527,-2.779,0.389,31.66
2026-02-12 18:15:40.335,232.200,0.321533,0.505859,-0.781006,1.870,-2.817,0.366,31.51
2026-02-12 18:15:40.435,232.300,0.321045,0.506348,-0.770020,1.702,-2.786,0.183,31.56
2026-02-12 18:15:40.535,232.400,0.322754,0.507324,-0.786621,1.443,-2.725,0.435,31.46
2026-02-12 18:15:40.635,232.500,0.318359,0.501221,-0.783691,1.809,-2.786,0.351,31.66
2026-02-12 18:15:40.735,232.600,0.322021,0.503418,-0.780273,1.710,-2.969,0.427,31.66
2026-02-12 18:15:40.835,232.700,0.326172,0.505615,-0.783203,1.901,-3.023,0.191,31.22
2026-02-12 18:15:40.935,232.800,0.320312,0.505615,-0.784912,1.634,-2.893,0.519,31.51
2026-02-12 18:15:41.035,232.900,0.321777,0.506104,-0.776367,1.786,-2.954,0.542,31.51
2026-02-12 18:15:41.135,233.000,0.318848,0.505371,-0.778564,1.847,-2.809,0.313,31.56
2026-02-12 18:15:41.235,233.100,0.321045,0.508057,-0.782715,1.763,-2.580,0.397,31.56
2026-02-12 18:15:41.335,233.200,0.321777,0.505371,-0.771729,1.817,-2.779,0.168,31.71
2026-02-12 18:15:41.435,233.300,0.322021,0.503906,-0.778809,1.847,-2.947,0.183,31.46
2026-02-12 18:15:41.535,233.400,0.322266,0.507324,-0.781250,1.649,-2.794,0.237,31.51
2026-02-12 18:15:41.635,233.500,0.324219,0.505127,-0.781006,1.626,-2.916,0.534,31.66
2026-02-12 18:15:41.735,233.600,0.322754,0.501221,-0.778076,1.481,-2.847,0.290,31.46
2026-02-12 18:15:41.835,233.700,0.320801,0.507324,-0.779297,1.977,-2.740,0.298,31.51
2026-02-12 18:15:41.935,233.800,0.322266,0.504883,-0.780273,1.618,-2.832,0.427,31.51
2026-02-12 18:15:42.035,233.900,0.320557,0.503906,-0.787354,1.687,-3.160,0.115,31.66
2026-02-12 18:15:42.135,234.000,0.320801,0.505371,-0.779053,1.634,-2.847,0.221,31.56
2026-02-12 18:15:42.235,234.100,0.319092,0.507080,-0.776855,1.603,-2.641,0.176,31.76
2026-02-12 18:15:42.335,234.200,0.319580,0.505859,-0.783691,1.855,-3.099,0.038,31.46
2026-02-12 18:15:42.435,234.300,0.318115,0.504150,-0.782471,1.687,-2.954,0.221,31.36
2026-02-12 18:15:42.535,234.400,0.317627,0.507080,-0.783691,1.817,-2.939,0.336,31.32
2026-02-12 18:15:42.635,234.500,0.322754,0.504150,-0.774658,1.672,-2.893,0.374,31.46
2026-02-12 18:15:42.735,234.600,0.322021,0.508545,-0.775146,1.588,-2.687,-0.084,31.71
2026-02-12 18:15:42.835,234.700,0.320068,0.503418,-0.781250,1.786,-3.000,0.198,31.66
2026-02-12 18:15:42.935,234.800,0.319824,0.505859,-0.779297,1.870,-2.748,0.389,31.36
2026-02-12 18:15:43.035,234.900,0.318359,0.510498,-0.780762,1.863,-2.809,0.092,31.66
2026-02-12 18:15:43.135,235.000,0.325439,0.504883,-0.778320,1.603,-2.985,0.130,31.36
2026-02-12 18:15:43.235,235.100,0.324463,0.502930,-0.780273,1.771,-2.962,0.092,31.51
2026-02-12 18:15:43.335,235.200,0.320801,0.509766,-0.781250,1.710,-2.756,0.008,31.46
2026-02-12 18:15:43.435,235.300,0.322510,0.508545,-0.774902,1.710,-3.046,0.031,31.66
2026-02-12 18:15:43.535,235.400,0.323486,0.509766,-0.775635,1.534,-2.427,-0.038,31.51
2026-02-12 18:15:43.635,235.500,0.324463,0.508545,-0.781738,1.634,-2.832,0.397,31.46
2026-02-12 18:15:43.735,235.600,0.320312,0.504639,-0.777588,1.710,-2.695,0.115,31.51
2026-02-12 18:15:43.835,235.700,0.322510,0.508545,-0.777588,1.756,-2.771,0.405,31.32
2026-02-12 18:15:43.935,235.800,0.322998,0.509033,-0.785156,1.954,-2.878,0.252,31.51
2026-02-12 18:15:44.035,235.900,0.323242,0.507324,-0.779297,1.649,-2.740,0.313,31.51
2026-02-12 18:15:44.135,236.000,0.320801,0.507080,-0.779053,1.664,-2.756,0.412,31.66
2026-02-12 18:15:44.235,236.100,0.323242,0.504150,-0.777588,1.710,-2.527,0.359,31.36
2026-02-12 18:15:44.335,236.200,0.324951,0.506348,-0.781006,1.473,-2.687,0.076,31.71
2026-02-12 18:15:44.435,236.300,0.322510,0.506348,-0.776855,1.366,-2.634,0.115,31.66
2026-02-12 18:15:44.535,236.400,0.319336,0.507568,-0.786377,1.580,-2.557,-0.023,31.32
2026-02-12 18:15:44.635,236.500,0.322754,0.506592,-0.781982,1.763,-2.504,0.031,31.36
2026-02-12 18:15:44.735,236.600,0.325439,0.503418,-0.779785,1.580,-2.626,0.382,31.51
2026-02-12 18:15:44.835,236.700,0.326660,0.506348,-0.778564,1.740,-2.779,0.305,31.32
2026-02-12 18:15:44.935,236.800,0.320068,0.506348,-0.781006,1.718,-2.832,0.374,31.51
2026-02-12 18:15:45.035,236.900,0.318604,0.503418,-0.773926,1.496,-2.969,0.450,31.46
2026-02-12 18:15:45.135,237.000,0.318115,0.508789,-0.778320,1.878,-2.992,0.168,31.76
2026-02-12 18:15:45.235,237.100,0.321533,0.506592,-0.783447,1.740,-2.733,0.176,31.66
2026-02-12 18:15:45.335,237.200,0.323242,0.510742,-0.779785,1.817,-2.725,0.366,31.36
2026-02-12 18:15:45.435,237.300,0.322754,0.502686,-0.780762,1.573,-2.809,0.290,31.36
2026-02-12 18:15:45.535,237.400,0.319824,0.509277,-0.778564,1.702,-2.672,0.282,31.46
2026-02-12 18:15:45.635,237.500,0.321045,0.507812,-0.781250,1.527,-2.802,0.191,31.56
2026-02-12 18:15:45.735,237.600,0.321533,0.507568,-0.775635,1.771,-2.641,0.206,31.71
2026-02-12 18:15:45.835,237.700,0.317871,0.507324,-0.781250,1.634,-2.885,0.206,31.51
2026-02-12 18:15:45.935,237.800,0.319580,0.506592,-0.780273,1.756,-2.763,0.649,31.66
2026-02-12 18:15:46.035,237.900,0.320312,0.509033,-0.775391,1.573,-2.679,0.443,31.76
2026-02-12 18:15:46.135,238.000,0.323486,0.505127,-0.774658,1.954,-2.832,0.176,31.66
2026-02-12 18:15:46.235,238.100,0.323486,0.503418,-0.777100,1.931,-2.893,0.405,31.56
2026-02-12 18:15:46.335,238.200,0.318604,0.503906,-0.781494,1.466,-2.985,0.481,31.51
2026-02-12 18:15:46.435,238.300,0.319824,0.503906,-0.774902,1.695,-2.725,0.443,31.71
2026-02-12 18:15:46.535,238.400,0.323486,0.507080,-0.776123,1.779,-2.802,0.427,31.51
2026-02-12 18:15:46.635,238.500,0.321289,0.505371,-0.777344,1.756,-2.870,0.450,31.76
2026-02-12 18:15:46.735,238.600,0.320068,0.506592,-0.778564,1.588,-2.649,0.489,31.51
2026-02-12 18:15:46.835,238.700,0.322021,0.505615,-0.780762,1.511,-2.863,0.420,31.36
2026-02-12 18:15:46.935,238.800,0.321777,0.509277,-0.778076,1.786,-2.771,0.137,31.46
2026-02-12 18:15:47.035,238.900,0.319824,0.505127,-0.781494,1.656,-2.893,-0.046,31.56
2026-02-12 18:15:47.135,239.000,0.319824,0.508057,-0.778564,1.603,-2.962,0.130,31.71
2026-02-12 18:15:47.235,239.100,0.323975,0.506104,-0.778564,1.794,-2.527,0.565,31.56
2026-02-12 18:15:47.335,239.200,0.319092,0.504150,-0.779297,1.779,-2.947,0.351,31.71
2026-02-12 18:15:47.435,239.300,0.319092,0.510010,-0.779785,1.718,-2.809,0.405,31.56
2026-02-12 18:15:47.535,239.400,0.321777,0.506348,-0.783936,1.916,-2.847,0.366,31.56
2026-02-12 18:15:47.635,239.500,0.324707,0.505615,-0.777832,1.878,-2.885,-0.153,31.71
2026-02-12 18:15:47.735,239.600,0.323242,0.505859,-0.779053,1.794,-2.947,0.366,31.66
2026-02-12 18:15:47.835,239.700,0.325684,0.508301,-0.782227,1.679,-2.740,0.420,31.66
2026-02-12 18:15:47.935,239.800,0.318848,0.506592,-0.785645,1.809,-2.817,0.099,31.66
2026-02-12 18:15:48.035,239.900,0.321777,0.505371,-0.783936,1.626,-2.748,0.321,31.76
2026-02-12 18:15:48.135,240.000,0.320068,0.506836,-0.781982,1.718,-2.809,0.351,31.36
2026-02-12 18:15:48.235,240.100,0.322998,0.507080,-0.781006,1.603,-2.672,0.214,31.51
2026-02-12 18:15:48.335,240.200,0.315918,0.503174,-0.779297,1.740,-2.847,0.160,31.46
2026-02-12 18:15:48.435,240.300,0.322998,0.503174,-0.776367,1.489,-2.809,0.237,31.36
2026-02-12 18:15:48.535,240.400,0.322021,0.509521,-0.782715,1.618,-2.855,0.496,31.36
2026-02-12 18:15:48.635,240.500,0.320312,0.505859,-0.778809,1.641,-2.855,0.099,31.56
2026-02-12 18:15:48.735,240.600,0.324707,0.507080,-0.781494,1.679,-3.008,0.359,31.51
2026-02-12 18:15:48.835,240.700,0.324707,0.505859,-0.783936,1.809,-2.756,0.443,31.51
2026-02-12 18:15:48.935,240.800,0.321533,0.506348,-0.779053,1.450,-2.779,0.443,31.36
2026-02-12 18:15:49.035,240.900,0.319824,0.505615,-0.779541,1.809,-3.053,0.366,31.32
2026-02-12 18:15:49.135,241.000,0.322510,0.503418,-0.780518,1.893,-2.565,0.000,31.46
2026-02-12 18:15:49.235,241.100,0.320312,0.504883,-0.775391,1.855,-2.794,0.511,31.51
2026-02-12 18:15:49.335,241.200,0.324951,0.505615,-0.775635,1.466,-2.954,0.061,31.66
2026-02-12 18:15:49.435,241.300,0.323730,0.508789,-0.777588,1.725,-2.588,0.275,31.66
2026-02-12 18:15:49.535,241.400,0.321777,0.504883,-0.783691,1.840,-2.779,-0.076,31.76
2026-02-12 18:15:49.635,241.500,0.320312,0.504395,-0.774902,1.802,-2.878,0.244,31.36
2026-02-12 18:15:49.735,241.600,0.321533,0.507324,-0.776611,1.893,-3.084,0.382,31.51
2026-02-12 18:15:49.835,241.700,0.321289,0.506348,-0.776367,1.779,-3.015,0.366,31.32
2026-02-12 18:15:49.935,241.800,0.321777,0.505371,-0.779785,1.679,-2.985,0.580,31.76
2026-02-12 18:15:50.035,241.900,0.317871,0.501953,-0.788330,1.649,-2.824,0.351,31.17
2026-02-12 18:15:50.135,242.000,0.316162,0.507812,-0.783691,1.725,-2.824,0.511,31.71
2026-02-12 18:15:50.235,242.100,0.319824,0.504395,-0.781494,1.756,-2.878,0.046,31.66
2026-02-12 18:15:50.335,242.200,0.318604,0.505615,-0.781494,1.611,-2.947,0.176,31.76
2026-02-12 18:15:50.435,242.300,0.318848,0.505615,-0.781250,1.672,-2.840,0.466,31.66
2026-02-12 18:15:50.535,242.400,0.321289,0.509766,-0.777588,1.809,-2.809,0.145,31.56
2026-02-12 18:15:50.635,242.500,0.324219,0.505371,-0.777344,1.649,-2.893,0.145,31.36
2026-02-12 18:15:50.735,242.600,0.321289,0.506104,-0.782959,1.550,-2.870,0.107,31.46
2026-02-12 18:15:50.835,242.700,0.318359,0.507080,-0.785889,1.618,-2.786,0.267,31.32
2026-02-12 18:15:50.935,242.800,0.322998,0.507812,-0.777588,1.908,-3.000,0.466,31.71
2026-02-12 18:15:51.035,242.900,0.322510,0.507568,-0.778076,1.695,-2.664,0.053,31.66
2026-02-12 18:15:51.135,243.000,0.321045,0.504883,-0.782471,1.832,-2.840,0.145,31.56
2026-02-12 18:15:51.235,243.100,0.320801,0.505859,-0.777344,1.763,-3.214,0.489,31.76
2026-02-12 18:15:51.335,243.200,0.322754,0.504639,-0.782471,1.595,-2.626,0.214,31.66
2026-02-12 18:15:51.435,243.300,0.318115,0.505859,-0.787598,1.588,-2.969,0.382,31.51
2026-02-12 18:15:51.535,243.400,0.322510,0.508301,-0.773926,1.893,-2.802,0.214,31.66
2026-02-12 18:15:51.635,243.500,0.322998,0.510986,-0.778809,1.649,-2.718,0.298,31.71
2026-02-12 18:15:51.735,243.600,0.324219,0.506592,-0.775635,1.710,-2.840,0.351,31.51
2026-02-12 18:15:51.835,243.700,0.322754,0.502441,-0.779053,1.641,-2.725,0.313,31.71
2026-02-12 18:15:51.935,243.800,0.322021,0.505127,-0.774414,1.794,-2.885,0.366,31.66
2026-02-12 18:15:52.035,243.900,0.320557,0.504150,-0.780518,1.725,-2.771,0.282,31.56
2026-02-12 18:15:52.135,244.000,0.318115,0.503662,-0.779053,1.748,-3.145,0.649,31.66
2026-02-12 18:15:52.235,244.100,0.320801,0.504395,-0.778564,1.672,-3.061,0.397,31.66
2026-02-12 18:15:52.335,244.200,0.324951,0.508301,-0.779541,1.916,-2.832,0.397,31.71
2026-02-12 18:15:52.435,244.300,0.320312,0.507812,-0.779297,1.450,-2.916,0.389,31.66
2026-02-12 18:15:52.535,244.400,0.321289,0.506104,-0.778564,1.649,-2.878,0.473,31.66
2026-02-12 18:15:52.635,244.500,0.320801,0.507324,-0.781250,1.908,-2.786,0.550,31.66
2026-02-12 18:15:52.735,244.600,0.322754,0.505615,-0.778564,1.672,-2.840,0.298,31.22
2026-02-12 18:15:52.835,244.700,0.321289,0.505371,-0.778809,1.916,-2.504,0.366,31.66
2026-02-12 18:15:52.935,244.800,0.324463,0.506592,-0.785156,1.786,-2.802,0.641,31.66
2026-02-12 18:15:53.035,244.900,0.319092,0.505859,-0.780518,1.565,-3.038,-0.061,31.51
2026-02-12 18:15:53.135,245.000,0.322998,0.506836,-0.783447,1.595,-2.924,0.397,31.51
2026-02-12 18:15:53.235,245.100,0.321289,0.504395,-0.777588,1.565,-2.878,0.206,31.66
2026-02-12 18:15:53.335,245.200,0.323486,0.507812,-0.777100,1.679,-2.695,0.351,31.66
2026-02-12 18:15:53.435,245.300,0.320068,0.507324,-0.780762,1.420,-2.634,0.130,31.66
2026-02-12 18:15:53.535,245.400,0.319092,0.510498,-0.774414,1.939,-2.672,0.344,31.66
2026-02-12 18:15:53.635,245.500,0.321533,0.507324,-0.780518,1.450,-2.840,0.359,31.51
2026-02-12 18:15:53.735,245.600,0.321777,0.507812,-0.774658,1.534,-3.015,-0.008,31.71
2026-02-12 18:15:53.835,245.700,0.322998,0.507812,-0.784180,1.740,-3.115,0.496,31.66
2026-02-12 18:15:53.935,245.800,0.321533,0.507080,-0.779297,1.557,-2.931,0.191,31.66
2026-02-12 18:15:54.035,245.900,0.322998,0.502930,-0.783203,1.573,-2.939,0.244,31.51
2026-02-12 18:15:54.135,246.000,0.319824,0.504639,-0.781738,1.725,-2.832,0.290,31.66
2026-02-12 18:15:54.235,246.100,0.325439,0.508545,-0.782471,1.611,-2.695,0.389,31.51
2026-02-12 18:15:54.335,246.200,0.323486,0.506836,-0.778320,1.679,-2.649,0.084,31.76
2026-02-12 18:15:54.435,246.300,0.324707,0.506592,-0.774902,1.702,-2.840,0.198,31.76
2026-02-12 18:15:54.535,246.400,0.324219,0.508301,-0.776611,1.977,-2.893,0.359,31.51
2026-02-12 18:15:54.635,246.500,0.322266,0.505371,-0.777832,1.763,-2.947,0.313,31.66
2026-02-12 18:15:54.735,246.600,0.321533,0.508789,-0.779541,1.565,-2.832,0.435,31.56
2026-02-12 18:15:54.835,246.700,0.321533,0.506104,-0.776611,1.756,-2.679,0.198,31.51
2026-02-12 18:15:54.935,246.800,0.324219,0.507324,-0.782471,1.733,-2.588,0.092,31.85
2026-02-12 18:15:55.035,246.900,0.320557,0.505127,-0.784180,1.733,-2.870,0.427,31.76
2026-02-12 18:15:55.135,247.000,0.317871,0.506836,-0.772705,1.649,-2.725,0.107,31.51
2026-02-12 18:15:55.235,247.100,0.321533,0.506836,-0.783936,1.710,-3.122,0.298,31.36
2026-02-12 18:15:55.335,247.200,0.320068,0.505127,-0.779297,1.695,-2.779,0.176,31.56
2026-02-12 18:15:55.435,247.300,0.322510,0.504395,-0.780762,1.664,-2.840,-0.168,31.17
2026-02-12 18:15:55.535,247.400,0.317627,0.506348,-0.781006,1.901,-2.924,0.130,31.51
2026-02-12 18:15:55.635,247.500,0.322998,0.509277,-0.771973,1.763,-2.756,0.328,31.76
2026-02-12 18:15:55.735,247.600,0.322021,0.506592,-0.779297,1.595,-2.542,0.275,31.66
2026-02-12 18:15:55.835,247.700,0.318604,0.506104,-0.781250,1.611,-2.847,0.168,31.71
2026-02-12 18:15:55.935,247.800,0.321045,0.510254,-0.780518,1.695,-2.863,0.206,31.32
2026-02-12 18:15:56.035,247.900,0.321289,0.507080,-0.776367,1.550,-2.855,0.359,31.66
2026-02-12 18:15:56.135,248.000,0.325195,0.508057,-0.776123,1.679,-2.718,0.115,31.51
2026-02-12 18:15:56.235,248.100,0.319580,0.505127,-0.774414,1.565,-2.534,0.260,31.51
2026-02-12 18:15:56.335,248.200,0.325195,0.508057,-0.777344,1.496,-2.931,0.550,31.76
2026-02-12 18:15:56.435,248.300,0.319336,0.505371,-0.780762,1.382,-2.969,0.260,31.76
2026-02-12 18:15:56.535,248.400,0.322266,0.507568,-0.781006,1.679,-2.855,0.458,31.76
2026-02-12 18:15:56.635,248.500,0.319824,0.506104,-0.779541,1.580,-2.863,0.382,31.36
2026-02-12 18:15:56.735,248.600,0.321533,0.506592,-0.778320,1.618,-2.855,0.374,31.85
2026-02-12 18:15:56.835,248.700,0.317627,0.506592,-0.779785,1.740,-2.794,0.221,31.51
2026-02-12 18:15:56.935,248.800,0.324707,0.507080,-0.778320,1.840,-2.908,0.191,31.71
2026-02-12 18:15:57.035,248.900,0.321289,0.506592,-0.776123,1.786,-2.733,0.275,31.56
2026-02-12 18:15:57.135,249.000,0.318359,0.507812,-0.775146,1.771,-2.939,0.328,31.51
2026-02-12 18:15:57.235,249.100,0.323486,0.508545,-0.776855,1.695,-2.832,0.000,31.66
2026-02-12 18:15:57.335,249.200,0.321045,0.503174,-0.781494,1.374,-2.672,0.336,31.71
2026-02-12 18:15:57.435,249.300,0.322021,0.505615,-0.780518,1.969,-3.092,0.290,31.56
2026-02-12 18:15:57.535,249.400,0.319336,0.508545,-0.783203,1.481,-2.779,0.328,31.66
2026-02-12 18:15:57.635,249.500,0.320312,0.510498,-0.781982,1.573,-2.649,0.267,31.66
2026-02-12 18:15:57.735,249.600,0.317383,0.509033,-0.781250,1.710,-2.733,0.359,31.51
2026-02-12 18:15:57.835,249.700,0.319580,0.505615,-0.780029,1.733,-3.023,0.336,31.51
2026-02-12 18:15:57.935,249.800,0.315918,0.506836,-0.774170,1.725,-2.977,0.130,31.71
2026-02-12 18:15:58.035,249.900,0.324219,0.507080,-0.785156,1.649,-2.733,0.435,31.36
2026-02-12 18:15:58.135,250.000,0.323486,0.506104,-0.779053,1.763,-2.672,0.076,31.71
2026-02-12 18:15:58.235,250.100,0.320801,0.506836,-0.777832,1.641,-2.817,0.183,31.51
2026-02-12 18:15:58.335,250.200,0.322266,0.507812,-0.779785,1.557,-3.153,0.137,32.00
2026-02-12 18:15:58.435,250.300,0.319336,0.504883,-0.776855,1.802,-2.740,0.427,31.46
2026-02-12 18:15:58.535,250.400,0.321045,0.504639,-0.783203,1.870,-2.947,0.336,31.56
2026-02-12 18:15:58.635,250.500,0.321533,0.504395,-0.778564,1.802,-2.908,0.107,31.66
2026-02-12 18:15:58.735,250.600,0.322754,0.506836,-0.787354,1.725,-2.618,0.000,31.51
2026-02-12 18:15:58.835,250.700,0.318359,0.507812,-0.782227,1.679,-2.802,0.260,31.76
2026-02-12 18:15:58.935,250.800,0.323975,0.504395,-0.780029,1.603,-2.748,0.359,31.51
2026-02-12 18:15:59.035,250.900,0.322754,0.504639,-0.779053,1.588,-2.771,0.206,31.36
2026-02-12 18:15:59.135,251.000,0.315186,0.504150,-0.780762,1.756,-2.618,0.374,31.76
2026-02-12 18:15:59.235,251.100,0.321777,0.503662,-0.779053,1.969,-3.038,0.382,31.46
2026-02-12 18:15:59.335,251.200,0.317627,0.506836,-0.778809,1.588,-3.061,0.061,31.32
2026-02-12 18:15:59.435,251.300,0.319580,0.507324,-0.784912,1.664,-3.061,0.374,31.76
2026-02-12 18:15:59.535,251.400,0.320801,0.507324,-0.785400,1.771,-2.771,0.489,31.66
2026-02-12 18:15:59.635,251.500,0.318604,0.507324,-0.777344,1.649,-2.740,0.168,31.36
2026-02-12 18:15:59.735,251.600,0.322754,0.511230,-0.772217,1.634,-2.733,0.450,31.66
2026-02-12 18:15:59.835,251.700,0.318359,0.505615,-0.779785,1.664,-2.870,0.092,31.71
2026-02-12 18:15:59.935,251.800,0.321289,0.508301,-0.774414,1.763,-2.710,0.351,31.71
2026-02-12 18:16:00.035,251.900,0.321045,0.508057,-0.776611,1.893,-2.771,0.473,31.71
2026-02-12 18:16:00.135,252.000,0.322266,0.508545,-0.781250,1.649,-2.740,0.351,31.36
2026-02-12 18:16:00.235,252.100,0.320312,0.507324,-0.781982,1.840,-2.695,0.344,31.71
2026-02-12 18:16:00.335,252.200,0.319580,0.503906,-0.779785,2.076,-2.901,0.328,31.76
2026-02-12 18:16:00.435,252.300,0.323242,0.506592,-0.777588,1.817,-2.832,0.206,31.85
2026-02-12 18:16:00.535,252.400,0.323975,0.506104,-0.782471,1.595,-2.878,0.221,31.46
2026-02-12 18:16:00.635,252.500,0.323242,0.506104,-0.781006,1.466,-2.969,0.153,31.76
2026-02-12 18:16:00.735,252.600,0.321045,0.507324,-0.782227,1.656,-2.992,0.153,31.56
2026-02-12 18:16:00.835,252.700,0.322998,0.505859,-0.774658,1.733,-2.832,0.450,31.66
2026-02-12 18:16:00.935,252.800,0.318359,0.505371,-0.776855,1.458,-2.840,0.107,31.66
2026-02-12 18:16:01.035,252.900,0.323730,0.506592,-0.779053,1.748,-3.000,0.099,31.66
2026-02-12 18:16:01.135,253.000,0.323242,0.507812,-0.781494,1.450,-2.893,0.382,31.56
2026-02-12 18:16:01.235,253.100,0.324463,0.506592,-0.783447,1.924,-2.878,0.366,31.76
2026-02-12 18:16:01.335,253.200,0.321533,0.506592,-0.781494,1.733,-2.878,0.519,31.66
2026-02-12 18:16:01.435,253.300,0.321777,0.506836,-0.779785,1.603,-2.802,0.191,31.71
2026-02-12 18:16:01.535,253.400,0.318848,0.505371,-0.784424,1.740,-3.023,0.008,31.56
2026-02-12 18:16:01.635,253.500,0.321777,0.504883,-0.781494,1.710,-2.672,0.145,31.51
2026-02-12 18:16:01.735,253.600,0.321777,0.506836,-0.777588,1.824,-2.832,0.366,31.56
2026-02-12 18:16:01.835,253.700,0.322998,0.506836,-0.777588,1.802,-2.603,0.267,31.51
2026-02-12 18:16:01.935,253.800,0.318848,0.505859,-0.779053,1.794,-2.855,0.137,31.51
2026-02-12 18:16:02.035,253.900,0.320068,0.505127,-0.782227,1.603,-3.130,0.450,31.90
2026-02-12 18:16:02.135,254.000,0.320801,0.502441,-0.781738,1.603,-2.931,0.336,31.66
2026-02-12 18:16:02.235,254.100,0.322021,0.506348,-0.775391,1.679,-2.908,0.244,31.56
2026-02-12 18:16:02.335,254.200,0.320312,0.506104,-0.777344,1.809,-2.878,0.099,31.51
2026-02-12 18:16:02.435,254.300,0.318604,0.505127,-0.783203,1.687,-2.794,0.061,31.51
2026-02-12 18:16:02.535,254.400,0.322998,0.507080,-0.777832,1.786,-2.664,0.053,31.71
2026-02-12 18:16:02.635,254.500,0.319580,0.508301,-0.784912,1.611,-2.824,0.344,31.66
2026-02-12 18:16:02.735,254.600,0.324951,0.508545,-0.780762,1.603,-2.649,0.244,31.76
2026-02-12 18:16:02.835,254.700,0.322998,0.506592,-0.780029,1.939,-2.824,0.366,31.71
2026-02-12 18:16:02.935,254.800,0.320068,0.505615,-0.781250,1.672,-2.992,0.313,31.51
2026-02-12 18:16:03.035,254.900,0.317383,0.502930,-0.783203,1.924,-2.992,0.221,31.56
2026-02-12 18:16:03.135,255.000,0.318115,0.506348,-0.776611,1.626,-2.824,0.137,31.36
2026-02-12 18:16:03.235,255.100,0.320557,0.505615,-0.780029,1.626,-2.786,0.397,31.56
2026-02-12 18:16:03.335,255.200,0.324707,0.508545,-0.777100,1.687,-3.122,0.115,31.66
2026-02-12 18:16:03.435,255.300,0.323486,0.506348,-0.776367,1.542,-2.748,0.076,31.56
2026-02-12 18:16:03.535,255.400,0.323486,0.508789,-0.778564,1.527,-2.985,0.229,31.36
2026-02-12 18:16:03.635,255.500,0.321777,0.507812,-0.782227,1.618,-2.893,0.137,31.76
2026-02-12 18:16:03.735,255.600,0.318848,0.505371,-0.778564,1.542,-2.786,0.496,31.71
2026-02-12 18:16:03.835,255.700,0.322998,0.505859,-0.781982,1.817,-2.763,0.313,31.76
2026-02-12 18:16:03.935,255.800,0.324219,0.506348,-0.780273,1.924,-2.878,0.229,31.66
2026-02-12 18:16:04.035,255.900,0.321533,0.505615,-0.775879,1.763,-2.893,0.168,31.76
2026-02-12 18:16:04.135,256.000,0.321533,0.505615,-0.781250,1.947,-2.947,0.359,31.66
2026-02-12 18:16:04.235,256.100,0.325439,0.511230,-0.783691,1.786,-2.962,0.252,31.56
2026-02-12 18:16:04.335,256.200,0.319824,0.505371,-0.780273,1.855,-2.969,0.374,31.66
2026-02-12 18:16:04.435,256.300,0.322266,0.510986,-0.777588,1.924,-2.847,0.229,31.51
2026-02-12 18:16:04.535,256.400,0.323975,0.508057,-0.778320,1.771,-2.763,0.450,31.66
2026-02-12 18:16:04.635,256.500,0.324219,0.504395,-0.780273,1.565,-2.817,-0.130,31.85
2026-02-12 18:16:04.735,256.600,0.320801,0.508789,-0.772217,1.740,-2.740,0.160,31.51
2026-02-12 18:16:04.835,256.700,0.323975,0.504395,-0.779297,1.580,-2.916,0.084,31.36
2026-02-12 18:16:04.935,256.800,0.320068,0.505615,-0.782715,1.672,-2.771,0.252,31.56
2026-02-12 18:16:05.035,256.900,0.319336,0.506348,-0.773193,1.794,-2.931,0.466,31.71
2026-02-12 18:16:05.135,257.000,0.319580,0.505615,-0.778564,1.779,-2.802,0.115,31.66
2026-02-12 18:16:05.235,257.100,0.323242,0.501221,-0.776367,1.366,-2.603,0.260,31.56
2026-02-12 18:16:05.335,257.200,0.322510,0.506348,-0.780518,1.786,-2.756,0.336,31.71
2026-02-12 18:16:05.435,257.300,0.324219,0.506104,-0.774902,1.786,-2.947,0.290,31.66
2026-02-12 18:16:05.535,257.400,0.324707,0.507080,-0.776611,1.718,-2.840,0.145,31.56
2026-02-12 18:16:05.635,257.500,0.318604,0.508789,-0.780518,1.893,-2.885,0.427,31.46
2026-02-12 18:16:05.735,257.600,0.320801,0.508057,-0.778564,1.679,-3.160,0.069,31.46
2026-02-12 18:16:05.835,257.700,0.322510,0.505615,-0.784180,1.649,-2.924,0.153,31.46
2026-02-12 18:16:05.935,257.800,0.317871,0.504150,-0.781006,1.733,-2.847,0.191,31.66
2026-02-12 18:16:06.035,257.900,0.323975,0.504883,-0.778076,1.542,-2.824,0.008,31.46
2026-02-12 18:16:06.135,258.000,0.323975,0.507324,-0.785645,1.649,-2.679,0.328,31.66
2026-02-12 18:16:06.235,258.100,0.321533,0.506836,-0.778076,1.748,-2.718,0.237,31.71
2026-02-12 18:16:06.335,258.200,0.318848,0.505127,-0.785400,1.534,-2.763,0.435,31.85
2026-02-12 18:16:06.435,258.300,0.323242,0.508301,-0.778076,1.939,-2.931,0.069,31.66
2026-02-12 18:16:06.535,258.400,0.322510,0.503662,-0.780029,1.626,-2.832,0.305,31.66
2026-02-12 18:16:06.635,258.500,0.320068,0.505127,-0.781006,1.687,-2.779,-0.038,31.66
2026-02-12 18:16:06.735,258.600,0.322021,0.508057,-0.782715,2.000,-2.985,0.092,31.36
2026-02-12 18:16:06.835,258.700,0.322021,0.506592,-0.778809,1.870,-2.985,0.221,31.66
2026-02-12 18:16:06.935,258.800,0.322021,0.506592,-0.776855,1.763,-2.908,0.290,31.76
2026-02-12 18:16:07.035,258.900,0.322510,0.507812,-0.777832,1.817,-2.901,0.107,31.66
2026-02-12 18:16:07.135,259.000,0.321045,0.507568,-0.780029,1.542,-2.855,0.267,31.56
2026-02-12 18:16:07.235,259.100,0.321045,0.504150,-0.777344,1.679,-2.962,0.198,31.66
2026-02-12 18:16:07.335,259.200,0.324219,0.509033,-0.781250,1.626,-2.725,0.366,31.66
2026-02-12 18:16:07.435,259.300,0.320557,0.502441,-0.781982,1.366,-2.756,0.137,31.66
2026-02-12 18:16:07.535,259.400,0.319580,0.503662,-0.780029,1.580,-2.756,0.534,31.76
2026-02-12 18:16:07.635,259.500,0.320557,0.504395,-0.780029,1.733,-2.771,0.023,31.71
2026-02-12 18:16:07.735,259.600,0.322998,0.507324,-0.782715,1.664,-2.878,0.122,31.90
2026-02-12 18:16:07.835,259.700,0.323730,0.506348,-0.782715,1.779,-2.687,0.168,31.56
2026-02-12 18:16:07.935,259.800,0.321045,0.504395,-0.776855,1.893,-2.893,0.405,31.66
2026-02-12 18:16:08.035,259.900,0.321533,0.506836,-0.779297,1.779,-2.847,0.481,31.51
2026-02-12 18:16:08.135,260.000,0.321533,0.508301,-0.781006,1.718,-2.595,0.137,31.76
2026-02-12 18:16:08.235,260.100,0.321289,0.507080,-0.781250,1.618,-2.618,0.298,31.51
2026-02-12 18:16:08.335,260.200,0.318359,0.507812,-0.772705,1.809,-2.763,0.252,31.76
2026-02-12 18:16:08.435,260.300,0.320557,0.506348,-0.783936,1.649,-2.817,0.099,31.56
2026-02-12 18:16:08.535,260.400,0.323486,0.502686,-0.781250,1.817,-3.031,0.313,31.90
2026-02-12 18:16:08.635,260.500,0.324463,0.507324,-0.777588,1.763,-2.969,0.351,31.66
2026-02-12 18:16:08.735,260.600,0.320068,0.504883,-0.775635,1.595,-2.863,0.458,31.46
2026-02-12 18:16:08.835,260.700,0.323730,0.505859,-0.781982,1.962,-2.809,0.275,31.46
2026-02-12 18:16:08.935,260.800,0.323486,0.508545,-0.775146,1.908,-2.763,0.176,31.71
2026-02-12 18:16:09.035,260.900,0.323486,0.503662,-0.783691,1.321,-2.634,0.237,31.90
2026-02-12 18:16:09.135,261.000,0.318115,0.504883,-0.778320,1.573,-2.740,0.244,31.76
2026-02-12 18:16:09.235,261.100,0.322266,0.506104,-0.783691,2.115,-2.931,0.183,31.90
2026-02-12 18:16:09.335,261.200,0.318848,0.506104,-0.780518,1.779,-2.824,0.176,31.51
2026-02-12 18:16:09.435,261.300,0.320557,0.502686,-0.781006,1.779,-2.977,0.382,31.76
2026-02-12 18:16:09.535,261.400,0.323242,0.509277,-0.776123,1.885,-3.229,0.244,31.71
2026-02-12 18:16:09.635,261.500,0.318604,0.505615,-0.781494,1.802,-2.924,0.443,31.76
2026-02-12 18:16:09.735,261.600,0.320801,0.506836,-0.781738,1.718,-2.443,0.366,31.56
2026-02-12 18:16:09.835,261.700,0.322510,0.509521,-0.777588,1.710,-2.908,0.107,31.36
2026-02-12 18:16:09.935,261.800,0.318359,0.508057,-0.783691,1.573,-2.908,0.191,31.71
2026-02-12 18:16:10.035,261.900,0.322266,0.505859,-0.785400,1.756,-2.588,-0.191,31.51
2026-02-12 18:16:10.135,262.000,0.319336,0.507324,-0.775635,1.695,-2.954,0.206,31.71
2026-02-12 18:16:10.235,262.100,0.322266,0.505127,-0.782471,1.771,-3.160,0.267,31.66
2026-02-12 18:16:10.335,262.200,0.320557,0.507812,-0.778320,1.473,-2.931,0.427,31.51
2026-02-12 18:16:10.435,262.300,0.322021,0.506592,-0.776611,1.534,-2.893,-0.084,31.66
2026-02-12 18:16:10.535,262.400,0.320312,0.506836,-0.781494,1.733,-2.718,0.290,31.76
2026-02-12 18:16:10.635,262.500,0.321289,0.507324,-0.773438,1.557,-2.962,0.229,31.76
2026-02-12 18:16:10.735,262.600,0.318604,0.504639,-0.778564,2.046,-2.840,0.221,31.76
2026-02-12 18:16:10.835,262.700,0.321289,0.502930,-0.785400,1.679,-3.061,0.084,31.71
2026-02-12 18:16:10.935,262.800,0.318604,0.508301,-0.785400,1.809,-2.802,0.206,31.71
2026-02-12 18:16:11.035,262.900,0.320557,0.510010,-0.781982,1.664,-2.969,0.305,31.46
2026-02-12 18:16:11.135,263.000,0.320068,0.508057,-0.779541,1.580,-2.824,0.321,31.71
2026-02-12 18:16:11.235,263.100,0.322021,0.510986,-0.778564,1.702,-2.748,0.046,31.56
2026-02-12 18:16:11.335,263.200,0.315674,0.507324,-0.779541,1.496,-2.702,0.084,31.46
2026-02-12 18:16:11.435,263.300,0.319336,0.503662,-0.779297,1.672,-2.939,0.282,31.71
2026-02-12 18:16:11.535,263.400,0.321045,0.505859,-0.777832,1.557,-2.954,0.206,31.51
2026-02-12 18:16:11.635,263.500,0.319824,0.508545,-0.778809,1.763,-3.046,0.382,31.66
2026-02-12 18:16:11.735,263.600,0.321045,0.507812,-0.777588,1.908,-2.847,0.267,31.56
2026-02-12 18:16:11.835,263.700,0.321777,0.506592,-0.781494,1.802,-3.008,0.328,31.66
2026-02-12 18:16:11.935,263.800,0.322266,0.504150,-0.777832,1.824,-2.901,0.153,31.76
2026-02-12 18:16:12.035,263.900,0.322510,0.509033,-0.778076,1.458,-2.939,0.550,31.46
2026-02-12 18:16:12.135,264.000,0.321777,0.505371,-0.778809,1.756,-2.817,0.435,31.66
2026-02-12 18:16:12.235,264.100,0.321777,0.505859,-0.778320,1.679,-2.893,0.336,31.85
2026-02-12 18:16:12.335,264.200,0.318115,0.506836,-0.782715,2.023,-2.802,0.168,31.46
2026-02-12 18:16:12.435,264.300,0.319824,0.505859,-0.782471,1.763,-2.802,0.420,31.71
2026-02-12 18:16:12.535,264.400,0.325684,0.504395,-0.782471,1.763,-2.916,0.298,31.71
2026-02-12 18:16:12.635,264.500,0.319824,0.504639,-0.780762,1.786,-2.824,0.214,31.51
2026-02-12 18:16:12.735,264.600,0.316162,0.508301,-0.780518,1.687,-2.824,-0.008,31.71
2026-02-12 18:16:12.835,264.700,0.319092,0.505859,-0.776367,1.809,-2.977,0.344,31.66
2026-02-12 18:16:12.935,264.800,0.323486,0.507080,-0.777588,1.641,-2.908,0.519,31.71
2026-02-12 18:16:13.035,264.900,0.317383,0.505615,-0.780762,1.840,-2.595,0.389,31.90
2026-02-12 18:16:13.135,265.000,0.323730,0.507324,-0.786133,1.565,-2.756,0.099,32.00
2026-02-12 18:16:13.235,265.100,0.318604,0.506104,-0.778320,1.756,-2.718,0.382,31.71
2026-02-12 18:16:13.335,265.200,0.317139,0.505615,-0.781006,1.618,-2.924,0.298,31.76
2026-02-12 18:16:13.435,265.300,0.322021,0.505859,-0.777344,1.817,-2.924,0.534,31.66
2026-02-12 18:16:13.535,265.400,0.318848,0.504639,-0.776611,1.786,-2.817,0.374,31.56
2026-02-12 18:16:13.635,265.500,0.325195,0.509521,-0.783936,1.534,-3.038,0.191,31.56
2026-02-12 18:16:13.735,265.600,0.321045,0.505371,-0.783936,1.603,-2.878,-0.069,31.76
2026-02-12 18:16:13.835,265.700,0.321533,0.504639,-0.780029,1.748,-2.885,0.275,31.76
2026-02-12 18:16:13.935,265.800,0.320312,0.509277,-0.784180,1.618,-2.802,0.229,31.71
2026-02-12 18:16:14.035,265.900,0.323486,0.506836,-0.783447,1.748,-3.023,0.366,31.66
2026-02-12 18:16:14.135,266.000,0.322021,0.507568,-0.779541,1.809,-2.954,0.435,31.51
2026-02-12 18:16:14.235,266.100,0.320068,0.507568,-0.783447,1.695,-3.092,0.298,31.66
2026-02-12 18:16:14.335,266.200,0.321289,0.510742,-0.781494,1.802,-2.924,0.397,31.85
2026-02-12 18:16:14.435,266.300,0.319580,0.510010,-0.783447,1.763,-2.756,0.412,31.51
2026-02-12 18:16:14.535,266.400,0.319580,0.507080,-0.778809,1.878,-2.908,0.298,31.76
2026-02-12 18:16:14.635,266.500,0.320312,0.506104,-0.781738,1.611,-2.947,0.107,31.66
2026-02-12 18:16:14.735,266.600,0.320801,0.505859,-0.783447,1.885,-3.099,0.267,31.71
2026-02-12 18:16:14.835,266.700,0.323486,0.502197,-0.777832,1.779,-2.809,0.229,31.66
2026-02-12 18:16:14.935,266.800,0.322998,0.506348,-0.782471,1.840,-2.649,0.229,31.76
2026-02-12 18:16:15.035,266.900,0.322754,0.507568,-0.781982,1.511,-2.931,0.244,31.51
2026-02-12 18:16:15.135,267.000,0.319580,0.506104,-0.774902,1.595,-2.603,0.168,31.76
2026-02-12 18:16:15.235,267.100,0.320068,0.504639,-0.781982,1.611,-2.718,0.076,31.85
2026-02-12 18:16:15.335,267.200,0.320557,0.504150,-0.770752,1.794,-2.847,0.458,31.85
2026-02-12 18:16:15.435,267.300,0.319336,0.508789,-0.780029,1.611,-2.771,0.412,31.56
2026-02-12 18:16:15.535,267.400,0.321045,0.505615,-0.781982,1.878,-2.939,0.588,31.46
2026-02-12 18:16:15.635,267.500,0.320068,0.502441,-0.780518,1.641,-2.718,0.412,31.66
2026-02-12 18:16:15.735,267.600,0.324951,0.505859,-0.775635,1.786,-2.863,0.290,31.51
2026-02-12 18:16:15.835,267.700,0.320557,0.505371,-0.782227,1.786,-2.885,0.519,31.71
2026-02-12 18:16:15.935,267.800,0.322021,0.507080,-0.782471,1.687,-2.832,0.092,31.66
2026-02-12 18:16:16.035,267.900,0.322510,0.506348,-0.777588,1.641,-2.733,0.237,31.46
2026-02-12 18:16:16.135,268.000,0.321533,0.506348,-0.780029,1.542,-2.885,-0.023,31.51
2026-02-12 18:16:16.235,268.100,0.320312,0.506104,-0.783203,1.679,-2.985,0.122,31.66
2026-02-12 18:16:16.335,268.200,0.322754,0.504883,-0.779541,1.786,-2.878,0.084,31.76
2026-02-12 18:16:16.435,268.300,0.320801,0.507080,-0.781494,1.382,-2.802,0.489,31.66
2026-02-12 18:16:16.535,268.400,0.323730,0.506348,-0.782715,1.947,-2.756,0.366,31.56
2026-02-12 18:16:16.635,268.500,0.320801,0.504150,-0.782959,1.496,-2.779,0.206,31.56
2026-02-12 18:16:16.735,268.600,0.324219,0.509033,-0.776855,1.679,-3.076,0.496,31.71
2026-02-12 18:16:16.835,268.700,0.321533,0.506348,-0.774902,1.710,-2.824,0.252,31.71
2026-02-12 18:16:16.935,268.800,0.320312,0.505371,-0.777588,1.687,-3.244,0.244,31.66
2026-02-12 18:16:17.035,268.900,0.324219,0.509521,-0.777832,1.794,-2.863,0.504,31.66
2026-02-12 18:16:17.135,269.000,0.319580,0.508057,-0.782471,1.641,-2.885,0.145,31.66
2026-02-12 18:16:17.235,269.100,0.322754,0.505615,-0.777832,1.809,-2.817,0.534,31.66
2026-02-12 18:16:17.335,269.200,0.320801,0.505859,-0.784912,1.634,-2.924,0.237,31.51
2026-02-12 18:16:17.435,269.300,0.328613,0.509521,-0.783936,1.649,-2.458,0.237,31.71
2026-02-12 18:16:17.535,269.400,0.319580,0.508057,-0.781250,1.901,-2.718,0.511,31.66
2026-02-12 18:16:17.635,269.500,0.322021,0.510742,-0.778809,1.710,-2.794,0.130,31.66
2026-02-12 18:16:17.735,269.600,0.321045,0.508301,-0.782471,2.115,-2.916,0.595,31.71
2026-02-12 18:16:17.835,269.700,0.322266,0.507568,-0.780762,1.863,-2.855,0.198,31.66
2026-02-12 18:16:17.935,269.800,0.323486,0.504639,-0.778076,1.504,-2.809,0.122,31.66
2026-02-12 18:16:18.035,269.900,0.322998,0.508789,-0.778564,1.802,-2.580,0.321,31.66
2026-02-12 18:16:18.135,270.000,0.322266,0.509277,-0.778320,1.511,-3.061,0.519,31.76
2026-02-12 18:16:18.235,270.100,0.324463,0.505615,-0.777588,1.809,-2.908,0.366,31.56
2026-02-12 18:16:18.335,270.200,0.322266,0.507568,-0.778809,1.847,-2.954,0.160,31.71
2026-02-12 18:16:18.435,270.300,0.319092,0.509033,-0.775635,1.794,-2.985,0.122,31.76
2026-02-12 18:16:18.535,270.400,0.321533,0.509521,-0.777344,1.779,-2.557,0.137,31.46
2026-02-12 18:16:18.635,270.500,0.321777,0.505859,-0.781738,1.824,-2.771,0.115,31.71
2026-02-12 18:16:18.735,270.600,0.322510,0.508301,-0.776855,1.779,-2.824,0.313,31.56
2026-02-12 18:16:18.835,270.700,0.320068,0.506592,-0.775391,1.870,-2.718,0.275,31.56
2026-02-12 18:16:18.935,270.800,0.323975,0.506348,-0.782471,1.511,-2.939,0.328,31.66
2026-02-12 18:16:19.035,270.900,0.320312,0.504395,-0.781250,2.038,-2.985,0.397,31.71
2026-02-12 18:16:19.135,271.000,0.320557,0.506592,-0.782227,1.649,-2.748,0.206,31.46
2026-02-12 18:16:19.235,271.100,0.321533,0.509766,-0.781250,1.702,-3.115,0.244,31.85
2026-02-12 18:16:19.335,271.200,0.322266,0.504395,-0.782471,1.710,-2.878,0.221,31.71
2026-02-12 18:16:19.435,271.300,0.324463,0.508789,-0.788086,1.557,-2.786,0.466,31.51
2026-02-12 18:16:19.535,271.400,0.321533,0.502930,-0.775635,1.603,-2.901,0.237,31.66
2026-02-12 18:16:19.635,271.500,0.323242,0.508057,-0.781494,1.740,-2.603,0.580,31.71
2026-02-12 18:16:19.735,271.600,0.321289,0.509521,-0.781006,1.863,-2.962,0.038,31.71
2026-02-12 18:16:19.835,271.700,0.318115,0.505859,-0.781494,1.687,-2.908,-0.031,31.66
2026-02-12 18:16:19.935,271.800,0.322510,0.504639,-0.784180,1.382,-2.824,0.130,31.66
2026-02-12 18:16:20.035,271.900,0.322754,0.507080,-0.774658,1.718,-2.908,0.290,31.36
2026-02-12 18:16:20.135,272.000,0.324707,0.509033,-0.786133,1.840,-2.832,0.229,31.51
2026-02-12 18:16:20.235,272.100,0.323730,0.504639,-0.778564,1.634,-2.863,0.046,31.51
2026-02-12 18:16:20.335,272.200,0.319092,0.509766,-0.782715,1.489,-2.649,0.366,31.51
2026-02-12 18:16:20.435,272.300,0.324219,0.505859,-0.782227,1.542,-2.634,0.122,31.56
2026-02-12 18:16:20.535,272.400,0.322754,0.507812,-0.787109,1.779,-2.626,0.221,31.36
2026-02-12 18:16:20.635,272.500,0.322266,0.509033,-0.783447,1.710,-2.687,0.214,31.71
2026-02-12 18:16:20.735,272.600,0.319092,0.503418,-0.777344,1.779,-2.924,0.168,31.66
2026-02-12 18:16:20.835,272.700,0.322510,0.503662,-0.778076,1.595,-2.870,0.359,31.76
2026-02-12 18:16:20.935,272.800,0.322998,0.505127,-0.776855,1.824,-2.786,0.305,31.90
2026-02-12 18:16:21.035,272.900,0.323486,0.510010,-0.778564,1.435,-2.656,0.351,31.66
2026-02-12 18:16:21.135,273.000,0.318848,0.508789,-0.787354,1.573,-2.748,0.206,31.76
2026-02-12 18:16:21.235,273.100,0.321045,0.507568,-0.784912,1.634,-2.809,0.588,31.51
2026-02-12 18:16:21.335,273.200,0.324707,0.502686,-0.777588,1.802,-2.710,0.076,31.36
2026-02-12 18:16:21.435,273.300,0.316650,0.503662,-0.781982,1.649,-2.687,0.282,31.71
2026-02-12 18:16:21.535,273.400,0.320557,0.506836,-0.777344,1.282,-2.588,0.305,31.51
2026-02-12 18:16:21.635,273.500,0.322266,0.507324,-0.785400,1.504,-2.649,0.405,31.51
2026-02-12 18:16:21.735,273.600,0.321289,0.509521,-0.780762,1.359,-2.809,-0.099,31.71
2026-02-12 18:16:21.835,273.700,0.318848,0.505615,-0.777100,1.855,-2.557,-0.061,31.46
2026-02-12 18:16:21.935,273.800,0.323242,0.508057,-0.779053,1.649,-3.084,0.099,31.56
2026-02-12 18:16:22.035,273.900,0.324707,0.507080,-0.781982,1.496,-2.863,0.412,31.51
2026-02-12 18:16:22.135,274.000,0.321045,0.508057,-0.783691,1.924,-2.908,0.069,31.56
2026-02-12 18:16:22.235,274.100,0.323486,0.509033,-0.781738,1.893,-2.916,0.038,31.76
2026-02-12 18:16:22.335,274.200,0.319824,0.509766,-0.778076,1.924,-2.870,0.160,31.71
2026-02-12 18:16:22.435,274.300,0.319580,0.509766,-0.775391,1.695,-3.015,0.405,31.51
2026-02-12 18:16:22.535,274.400,0.322021,0.500488,-0.786865,1.702,-2.824,0.198,31.85
2026-02-12 18:16:22.635,274.500,0.321045,0.503174,-0.784668,1.702,-2.618,0.412,31.36
2026-02-12 18:16:22.735,274.600,0.322021,0.502197,-0.779297,1.588,-2.885,0.313,32.05
2026-02-12 18:16:22.835,274.700,0.322266,0.506592,-0.775391,1.618,-2.992,0.298,31.51
2026-02-12 18:16:22.935,274.800,0.319824,0.506104,-0.784912,1.763,-2.924,0.374,31.32
2026-02-12 18:16:23.035,274.900,0.321777,0.510010,-0.776611,1.634,-2.733,0.046,31.76
2026-02-12 18:16:23.135,275.000,0.322021,0.504395,-0.788086,1.802,-3.130,0.229,31.51
2026-02-12 18:16:23.235,275.100,0.323486,0.509277,-0.779541,1.718,-2.855,0.076,31.76
2026-02-12 18:16:23.335,275.200,0.322266,0.505371,-0.776123,1.855,-2.863,0.061,31.85
2026-02-12 18:16:23.435,275.300,0.320312,0.506836,-0.781006,1.679,-2.832,0.313,31.36
2026-02-12 18:16:23.535,275.400,0.320557,0.506104,-0.779297,1.618,-2.840,0.298,31.51
2026-02-12 18:16:23.635,275.500,0.320068,0.508057,-0.780029,1.351,-2.840,0.473,31.66
2026-02-12 18:16:23.735,275.600,0.322021,0.508545,-0.782959,1.756,-2.863,0.237,31.56
2026-02-12 18:16:23.835,275.700,0.320068,0.505371,-0.783447,1.687,-3.053,0.214,31.66
2026-02-12 18:16:23.935,275.800,0.324707,0.510742,-0.777344,1.977,-3.115,0.534,31.76
2026-02-12 18:16:24.035,275.900,0.321289,0.505859,-0.781982,1.725,-2.718,0.107,31.56
2026-02-12 18:16:24.135,276.000,0.321045,0.506348,-0.778809,1.702,-2.840,0.076,31.51
2026-02-12 18:16:24.235,276.100,0.323975,0.509033,-0.777344,2.031,-3.076,-0.015,31.66
2026-02-12 18:16:24.335,276.200,0.318359,0.507812,-0.774170,1.618,-2.580,0.107,31.71
2026-02-12 18:16:24.435,276.300,0.319824,0.508789,-0.780762,1.863,-2.985,0.260,31.51
2026-02-12 18:16:24.535,276.400,0.322754,0.506592,-0.783936,1.939,-2.718,0.473,31.71
2026-02-12 18:16:24.635,276.500,0.320557,0.506104,-0.784180,1.656,-2.656,0.351,31.36
2026-02-12 18:16:24.735,276.600,0.323730,0.508057,-0.775391,1.603,-3.008,0.405,31.71
2026-02-12 18:16:24.835,276.700,0.320801,0.508057,-0.779541,1.794,-2.832,0.290,31.51
2026-02-12 18:16:24.935,276.800,0.321289,0.505371,-0.784668,1.519,-2.901,0.389,31.90
2026-02-12 18:16:25.035,276.900,0.323242,0.504639,-0.778809,1.595,-2.588,0.420,31.66
2026-02-12 18:16:25.135,277.000,0.320801,0.507324,-0.785889,1.733,-2.763,0.382,31.56
2026-02-12 18:16:25.235,277.100,0.322754,0.506592,-0.776855,1.565,-2.748,0.130,31.56
2026-02-12 18:16:25.335,277.200,0.325439,0.505615,-0.778320,1.718,-2.931,0.351,31.76
2026-02-12 18:16:25.435,277.300,0.320312,0.506836,-0.771729,1.687,-2.817,-0.046,31.71
2026-02-12 18:16:25.535,277.400,0.320312,0.504150,-0.775391,1.725,-3.107,0.458,31.71
2026-02-12 18:16:25.635,277.500,0.322998,0.509521,-0.781494,1.733,-2.947,0.298,31.51
2026-02-12 18:16:25.735,277.600,0.321289,0.505859,-0.775879,1.580,-2.756,0.191,31.51
2026-02-12 18:16:25.835,277.700,0.322998,0.508545,-0.777344,1.855,-2.924,0.443,31.56
2026-02-12 18:16:25.935,277.800,0.319336,0.508789,-0.779053,1.595,-2.786,0.237,31.90
2026-02-12 18:16:26.035,277.900,0.321777,0.504883,-0.777588,1.656,-2.870,0.550,31.76
2026-02-12 18:16:26.135,278.000,0.319580,0.508301,-0.775879,1.733,-2.771,0.374,31.66
2026-02-12 18:16:26.235,278.100,0.321289,0.505127,-0.785645,1.771,-2.756,0.504,31.66
2026-02-12 18:16:26.335,278.200,0.320801,0.505127,-0.778564,1.855,-2.885,0.389,31.51
2026-02-12 18:16:26.435,278.300,0.325439,0.506836,-0.780762,1.603,-2.802,-0.023,31.76
2026-02-12 18:16:26.535,278.400,0.320312,0.507812,-0.783447,1.557,-2.939,0.359,31.51
2026-02-12 18:16:26.635,278.500,0.324463,0.505859,-0.772705,1.969,-2.992,0.427,31.76
2026-02-12 18:16:26.735,278.600,0.318115,0.507324,-0.780029,1.672,-2.863,0.221,32.00
2026-02-12 18:16:26.835,278.700,0.324707,0.507080,-0.780762,1.901,-2.756,0.198,31.66
2026-02-12 18:16:26.935,278.800,0.322998,0.507324,-0.778320,1.832,-3.008,0.511,32.05
2026-02-12 18:16:27.035,278.900,0.319336,0.507080,-0.772949,1.595,-3.031,0.405,31.71
2026-02-12 18:16:27.135,279.000,0.321533,0.509521,-0.779053,1.893,-2.908,0.389,31.71
2026-02-12 18:16:27.235,279.100,0.320068,0.506104,-0.779053,1.580,-2.969,0.344,31.85
2026-02-12 18:16:27.335,279.200,0.321045,0.508301,-0.781738,1.763,-2.763,0.221,31.66
2026-02-12 18:16:27.435,279.300,0.322754,0.507812,-0.784668,1.748,-2.710,0.496,31.51
2026-02-12 18:16:27.535,279.400,0.322998,0.507568,-0.779785,2.008,-2.992,0.221,31.51
2026-02-12 18:16:27.635,279.500,0.321533,0.505859,-0.784668,1.748,-2.992,0.023,31.71
2026-02-12 18:16:27.735,279.600,0.322266,0.504883,-0.772949,1.740,-2.931,0.450,31.66
2026-02-12 18:16:27.835,279.700,0.323975,0.506104,-0.779785,1.641,-2.863,0.115,31.51
2026-02-12 18:16:27.935,279.800,0.323975,0.505127,-0.781006,1.405,-3.015,0.374,31.71
2026-02-12 18:16:28.035,279.900,0.318604,0.510254,-0.782715,1.702,-2.847,0.237,31.46
2026-02-12 18:16:28.135,280.000,0.322998,0.505371,-0.776611,1.672,-3.031,0.191,31.32
2026-02-12 18:16:28.235,280.100,0.322998,0.509521,-0.781006,1.542,-3.023,0.298,31.46
2026-02-12 18:16:28.335,280.200,0.316895,0.508301,-0.778564,1.794,-2.977,0.305,31.56
2026-02-12 18:16:28.435,280.300,0.319824,0.506348,-0.783936,1.756,-3.221,0.397,31.66
2026-02-12 18:16:28.535,280.400,0.321045,0.508789,-0.779785,1.611,-2.794,0.084,31.71
2026-02-12 18:16:28.635,280.500,0.322021,0.508545,-0.784912,1.695,-2.771,0.443,31.51
2026-02-12 18:16:28.735,280.600,0.318115,0.505859,-0.779541,1.771,-2.878,0.527,31.71
2026-02-12 18:16:28.835,280.700,0.322021,0.506592,-0.779297,1.634,-2.908,0.191,31.56
2026-02-12 18:16:28.935,280.800,0.324707,0.507324,-0.781006,1.649,-2.840,0.359,31.56
2026-02-12 18:16:29.035,280.900,0.318604,0.502686,-0.776855,1.924,-2.687,0.351,31.56
2026-02-12 18:16:29.135,281.000,0.325439,0.507324,-0.776611,1.626,-2.908,0.260,31.76
2026-02-12 18:16:29.235,281.100,0.319336,0.505859,-0.777344,1.603,-2.863,0.412,31.66
2026-02-12 18:16:29.335,281.200,0.321777,0.508301,-0.783691,1.756,-2.786,0.344,31.71
2026-02-12 18:16:29.435,281.300,0.319092,0.504150,-0.777588,1.832,-2.824,-0.015,31.66
2026-02-12 18:16:29.535,281.400,0.322021,0.502930,-0.786133,1.496,-2.878,0.374,31.51
2026-02-12 18:16:29.635,281.500,0.319824,0.507812,-0.781006,1.550,-2.794,0.183,31.76
2026-02-12 18:16:29.735,281.600,0.322998,0.508789,-0.785156,1.565,-3.008,0.466,31.76
2026-02-12 18:16:29.835,281.700,0.322021,0.506836,-0.779785,1.962,-2.679,0.198,31.66
2026-02-12 18:16:29.935,281.800,0.321045,0.509521,-0.783936,1.947,-2.931,0.298,31.51
2026-02-12 18:16:30.035,281.900,0.321533,0.507080,-0.780273,1.771,-2.702,0.122,31.51
2026-02-12 18:16:30.135,282.000,0.322266,0.507812,-0.774170,1.763,-2.908,0.145,31.66
2026-02-12 18:16:30.235,282.100,0.322998,0.505859,-0.783447,1.771,-2.855,0.496,31.56
2026-02-12 18:16:30.335,282.200,0.322754,0.504150,-0.780762,1.718,-2.824,0.550,31.71
2026-02-12 18:16:30.435,282.300,0.323730,0.506104,-0.776611,1.847,-2.710,0.267,31.66
2026-02-12 18:16:30.535,282.400,0.322510,0.507080,-0.778320,1.695,-2.672,0.145,31.36
2026-02-12 18:16:30.635,282.500,0.322754,0.507080,-0.778320,1.679,-2.748,0.382,31.36
2026-02-12 18:16:30.735,282.600,0.322998,0.504395,-0.781250,1.603,-2.794,0.527,31.56
2026-02-12 18:16:30.835,282.700,0.319580,0.504395,-0.772217,1.695,-2.725,0.122,31.66
2026-02-12 18:16:30.935,282.800,0.322510,0.504395,-0.779053,1.641,-2.786,0.420,31.66
2026-02-12 18:16:31.035,282.900,0.323730,0.504150,-0.780762,1.679,-2.855,0.389,31.66
2026-02-12 18:16:31.135,283.000,0.321045,0.509277,-0.777588,1.618,-2.771,0.313,31.36
2026-02-12 18:16:31.235,283.100,0.323975,0.509521,-0.781006,1.679,-2.679,0.611,31.76
2026-02-12 18:16:31.335,283.200,0.319336,0.506836,-0.779785,1.702,-2.763,0.534,31.51
2026-02-12 18:16:31.435,283.300,0.321289,0.507324,-0.783203,1.718,-2.916,0.198,31.66
2026-02-12 18:16:31.535,283.400,0.324463,0.506348,-0.776123,1.702,-2.832,0.313,32.00
2026-02-12 18:16:31.635,283.500,0.322021,0.504883,-0.781982,1.893,-2.916,0.282,31.51
2026-02-12 18:16:31.735,283.600,0.322266,0.504639,-0.773926,1.710,-2.863,0.191,31.71
2026-02-12 18:16:31.835,283.700,0.321533,0.504395,-0.779053,1.809,-2.672,0.084,31.76
2026-02-12 18:16:31.935,283.800,0.322754,0.507080,-0.782959,1.588,-2.725,0.221,31.56
2026-02-12 18:16:32.035,283.900,0.320312,0.505615,-0.782471,1.885,-2.786,0.160,31.51
2026-02-12 18:16:32.135,284.000,0.325195,0.505615,-0.777344,1.557,-2.794,0.221,31.36
2026-02-12 18:16:32.235,284.100,0.317383,0.507812,-0.778320,1.779,-3.084,0.282,31.56
2026-02-12 18:16:32.335,284.200,0.323242,0.506348,-0.779541,1.962,-2.947,0.298,31.66
2026-02-12 18:16:32.435,284.300,0.322998,0.506836,-0.774414,1.779,-2.740,0.298,31.51
2026-02-12 18:16:32.535,284.400,0.318604,0.508301,-0.775391,1.618,-2.794,0.061,31.66
2026-02-12 18:16:32.635,284.500,0.318359,0.506592,-0.779053,1.771,-2.893,0.282,31.56
2026-02-12 18:16:32.735,284.600,0.319824,0.509521,-0.779053,1.756,-2.840,0.344,31.66
2026-02-12 18:16:32.835,284.700,0.319824,0.508789,-0.775879,1.771,-2.649,0.076,31.56
2026-02-12 18:16:32.935,284.800,0.320068,0.507324,-0.779297,1.756,-2.740,0.298,31.66
2026-02-12 18:16:33.035,284.900,0.322998,0.500244,-0.781006,1.588,-2.908,0.427,31.56
2026-02-12 18:16:33.135,285.000,0.320801,0.503906,-0.781006,1.809,-2.702,0.183,31.51
2026-02-12 18:16:33.235,285.100,0.315918,0.509766,-0.782471,1.817,-2.947,0.221,31.71
2026-02-12 18:16:33.335,285.200,0.321289,0.505371,-0.780029,1.481,-2.916,0.244,31.51
2026-02-12 18:16:33.435,285.300,0.321289,0.508789,-0.770996,1.580,-2.672,0.305,31.66
2026-02-12 18:16:33.535,285.400,0.317627,0.504395,-0.777344,1.618,-3.008,0.183,31.66
2026-02-12 18:16:33.635,285.500,0.320557,0.508545,-0.780029,1.733,-2.702,0.221,31.51
2026-02-12 18:16:33.735,285.600,0.323242,0.508301,-0.780273,1.710,-3.092,0.221,31.76
2026-02-12 18:16:33.835,285.700,0.322998,0.505127,-0.773926,1.870,-2.679,0.275,31.51
2026-02-12 18:16:33.935,285.800,0.322021,0.506104,-0.781250,1.786,-2.847,0.344,31.76
2026-02-12 18:16:34.035,285.900,0.322266,0.506592,-0.773193,1.786,-2.924,0.198,31.76
2026-02-12 18:16:34.135,286.000,0.319092,0.507080,-0.775391,1.863,-2.924,0.092,31.71
2026-02-12 18:16:34.235,286.100,0.323975,0.508301,-0.780518,1.672,-2.756,0.176,31.56
2026-02-12 18:16:34.335,286.200,0.318115,0.506592,-0.778809,1.763,-2.817,0.313,31.36
2026-02-12 18:16:34.435,286.300,0.318115,0.505127,-0.779785,1.344,-2.756,0.298,31.66
2026-02-12 18:16:34.535,286.400,0.322510,0.506836,-0.781982,1.649,-2.794,0.069,31.36
2026-02-12 18:16:34.635,286.500,0.320068,0.505371,-0.775391,1.542,-3.122,0.038,31.51
2026-02-12 18:16:34.735,286.600,0.321045,0.505859,-0.785889,1.786,-2.947,0.206,31.71
2026-02-12 18:16:34.835,286.700,0.319092,0.507568,-0.776611,1.763,-2.748,0.076,31.66
2026-02-12 18:16:34.935,286.800,0.318359,0.510254,-0.778809,1.672,-2.840,0.405,31.71
2026-02-12 18:16:35.035,286.900,0.321289,0.506104,-0.781250,1.603,-2.786,0.145,31.56
2026-02-12 18:16:35.135,287.000,0.319336,0.506348,-0.780273,1.672,-2.802,0.344,31.51
2026-02-12 18:16:35.235,287.100,0.323486,0.508301,-0.781738,1.725,-2.802,0.244,31.76
2026-02-12 18:16:35.335,287.200,0.321777,0.504883,-0.778564,1.618,-2.947,0.191,31.71
2026-02-12 18:16:35.435,287.300,0.319092,0.509766,-0.773926,1.947,-2.802,0.420,31.36
2026-02-12 18:16:35.535,287.400,0.320557,0.503906,-0.780029,1.992,-3.038,0.183,31.36
2026-02-12 18:16:35.635,287.500,0.321533,0.506348,-0.775879,1.656,-2.740,0.275,31.66
2026-02-12 18:16:35.735,287.600,0.321289,0.510010,-0.783691,1.634,-2.649,0.305,31.66
2026-02-12 18:16:35.835,287.700,0.321777,0.506348,-0.775391,1.656,-2.718,0.191,31.56
2026-02-12 18:16:35.935,287.800,0.319824,0.505615,-0.781250,1.664,-2.565,0.473,31.71
2026-02-12 18:16:36.035,287.900,0.323730,0.506104,-0.782471,1.710,-2.702,0.397,31.66
2026-02-12 18:16:36.135,288.000,0.322266,0.505859,-0.775635,2.000,-2.924,0.344,31.51
2026-02-12 18:16:36.235,288.100,0.319824,0.506836,-0.775146,1.809,-2.695,0.405,31.66
2026-02-12 18:16:36.335,288.200,0.320801,0.505371,-0.780029,1.779,-2.855,0.351,31.66
2026-02-12 18:16:36.435,288.300,0.322998,0.506348,-0.775635,1.718,-2.939,0.214,31.46
2026-02-12 18:16:36.535,288.400,0.317871,0.507324,-0.784424,1.740,-2.817,0.267,31.36
2026-02-12 18:16:36.635,288.500,0.323730,0.503174,-0.775879,1.702,-2.710,0.450,31.71
2026-02-12 18:16:36.735,288.600,0.322266,0.503662,-0.778809,1.794,-2.802,0.237,31.85
2026-02-12 18:16:36.835,288.700,0.322021,0.503662,-0.781250,1.740,-2.870,-0.092,31.66
2026-02-12 18:16:36.935,288.800,0.322754,0.505127,-0.782227,1.687,-2.588,0.000,31.66
2026-02-12 18:16:37.035,288.900,0.321045,0.504639,-0.778564,1.802,-2.725,0.290,31.85
2026-02-12 18:16:37.135,289.000,0.322998,0.508789,-0.778320,1.763,-2.702,0.244,31.51
2026-02-12 18:16:37.235,289.100,0.322998,0.506348,-0.784424,1.595,-2.969,0.435,31.66
2026-02-12 18:16:37.335,289.200,0.319824,0.505371,-0.780029,1.595,-2.664,0.412,31.66
2026-02-12 18:16:37.435,289.300,0.319824,0.508545,-0.779541,1.527,-2.634,0.229,31.46
2026-02-12 18:16:37.535,289.400,0.323730,0.506836,-0.784424,1.809,-2.863,0.229,31.71
2026-02-12 18:16:37.635,289.500,0.320312,0.504639,-0.784180,1.725,-2.977,0.229,31.66
2026-02-12 18:16:37.735,289.600,0.317871,0.502930,-0.776855,1.641,-3.023,0.298,31.46
2026-02-12 18:16:37.835,289.700,0.322266,0.508789,-0.778809,1.603,-2.931,0.550,31.76
2026-02-12 18:16:37.935,289.800,0.319824,0.504883,-0.784668,1.580,-2.573,0.214,31.76
2026-02-12 18:16:38.035,289.900,0.316650,0.504395,-0.782959,1.489,-2.802,0.191,31.51
2026-02-12 18:16:38.135,290.000,0.323242,0.507812,-0.779053,1.725,-2.565,0.290,31.56
2026-02-12 18:16:38.235,290.100,0.322998,0.509033,-0.782959,1.718,-2.672,0.298,31.71
2026-02-12 18:16:38.335,290.200,0.322021,0.504639,-0.787598,1.527,-2.962,0.183,31.51
2026-02-12 18:16:38.435,290.300,0.325684,0.508545,-0.778320,1.885,-2.855,0.275,31.76
2026-02-12 18:16:38.535,290.400,0.323242,0.507812,-0.781738,1.832,-2.573,0.260,31.66
2026-02-12 18:16:38.635,290.500,0.324707,0.506104,-0.786133,1.702,-2.840,0.527,31.66
2026-02-12 18:16:38.735,290.600,0.321045,0.507568,-0.784668,1.679,-2.748,0.221,31.66
2026-02-12 18:16:38.835,290.700,0.322021,0.507812,-0.779297,1.870,-2.893,0.389,31.90
2026-02-12 18:16:38.935,290.800,0.323975,0.507080,-0.778809,1.664,-2.756,0.046,31.66
2026-02-12 18:16:39.035,290.900,0.321777,0.508789,-0.777588,1.565,-2.748,0.107,31.76
2026-02-12 18:16:39.135,291.000,0.321533,0.503174,-0.777832,1.626,-2.710,0.229,31.46
2026-02-12 18:16:39.235,291.100,0.323486,0.505371,-0.775391,1.672,-2.740,0.427,31.56
2026-02-12 18:16:39.335,291.200,0.318115,0.509277,-0.779785,1.931,-3.008,0.237,31.71
2026-02-12 18:16:39.435,291.300,0.319580,0.507812,-0.780762,1.603,-2.824,0.290,31.66
2026-02-12 18:16:39.535,291.400,0.318604,0.507324,-0.778564,1.786,-2.832,0.458,31.71
2026-02-12 18:16:39.635,291.500,0.318848,0.509766,-0.781006,1.763,-2.885,0.450,31.90
2026-02-12 18:16:39.735,291.600,0.322510,0.510010,-0.776611,1.519,-2.893,0.267,31.85
2026-02-12 18:16:39.835,291.700,0.320312,0.506348,-0.779541,1.664,-2.840,0.618,31.51
2026-02-12 18:16:39.935,291.800,0.319336,0.510010,-0.777832,1.809,-2.992,0.359,31.76
2026-02-12 18:16:40.035,291.900,0.321533,0.506836,-0.784912,1.748,-2.985,0.130,31.76
2026-02-12 18:16:40.135,292.000,0.322510,0.509033,-0.780029,1.718,-2.656,0.183,31.36
2026-02-12 18:16:40.235,292.100,0.325195,0.510010,-0.780518,1.702,-3.061,0.290,31.46
2026-02-12 18:16:40.335,292.200,0.321533,0.503418,-0.785889,1.443,-2.969,0.344,32.00
2026-02-12 18:16:40.435,292.300,0.320557,0.508789,-0.782471,1.679,-2.756,0.153,31.66
2026-02-12 18:16:40.535,292.400,0.321533,0.507324,-0.784424,1.573,-2.817,0.397,31.66
2026-02-12 18:16:40.635,292.500,0.322998,0.502930,-0.778809,1.885,-2.672,0.305,31.76
2026-02-12 18:16:40.735,292.600,0.322998,0.508301,-0.776367,1.412,-2.908,0.191,31.76
2026-02-12 18:16:40.835,292.700,0.319824,0.505859,-0.776123,1.786,-3.046,0.511,31.71
2026-02-12 18:16:40.935,292.800,0.319092,0.507324,-0.779541,1.542,-2.901,0.374,31.71
2026-02-12 18:16:41.035,292.900,0.321777,0.509521,-0.777344,2.015,-3.046,0.244,31.66
2026-02-12 18:16:41.135,293.000,0.321533,0.507324,-0.780518,1.534,-2.855,0.634,31.51
2026-02-12 18:16:41.235,293.100,0.318604,0.507324,-0.775146,1.664,-2.458,0.374,31.66
2026-02-12 18:16:41.335,293.200,0.319824,0.506348,-0.776855,1.740,-2.817,0.198,31.51
2026-02-12 18:16:41.435,293.300,0.322998,0.504395,-0.781006,1.725,-2.870,0.252,31.76
2026-02-12 18:16:41.535,293.400,0.319336,0.504883,-0.777588,1.695,-3.008,0.420,31.76
2026-02-12 18:16:41.635,293.500,0.321533,0.512939,-0.776611,1.817,-2.626,0.275,31.71
2026-02-12 18:16:41.735,293.600,0.318115,0.506592,-0.783447,1.740,-3.023,0.130,31.51
2026-02-12 18:16:41.835,293.700,0.319336,0.508789,-0.774658,1.679,-2.939,0.053,31.56
2026-02-12 18:16:41.935,293.800,0.320801,0.509033,-0.776855,1.557,-2.924,0.389,31.71
2026-02-12 18:16:42.035,293.900,0.320312,0.508057,-0.784912,1.450,-2.695,0.282,31.66
2026-02-12 18:16:42.135,294.000,0.320312,0.508057,-0.773682,1.603,-2.908,0.366,31.66
2026-02-12 18:16:42.235,294.100,0.323242,0.506836,-0.783936,1.573,-2.969,0.221,31.56
2026-02-12 18:16:42.335,294.200,0.320068,0.505859,-0.780029,1.443,-2.885,-0.023,31.76
2026-02-12 18:16:42.435,294.300,0.321045,0.504639,-0.776855,1.817,-3.031,0.229,31.66
2026-02-12 18:16:42.535,294.400,0.319580,0.507568,-0.782471,1.725,-3.099,0.412,31.56
2026-02-12 18:16:42.635,294.500,0.322754,0.503174,-0.777588,1.771,-3.008,0.366,31.22
2026-02-12 18:16:42.735,294.600,0.322510,0.505859,-0.776367,1.611,-2.885,0.366,32.00
2026-02-12 18:16:42.835,294.700,0.319336,0.506836,-0.781250,1.649,-2.908,0.115,31.71
2026-02-12 18:16:42.935,294.800,0.319580,0.502441,-0.779785,1.641,-2.908,0.176,31.51
2026-02-12 18:16:43.035,294.900,0.318359,0.506104,-0.780762,1.603,-2.954,0.435,31.56
2026-02-12 18:16:43.135,295.000,0.320068,0.505859,-0.783447,1.359,-2.687,-0.137,31.51
2026-02-12 18:16:43.235,295.100,0.318115,0.509766,-0.780029,1.702,-2.992,0.198,31.76
2026-02-12 18:16:43.335,295.200,0.323486,0.505615,-0.778076,1.664,-3.053,0.389,31.76
2026-02-12 18:16:43.435,295.300,0.321289,0.507812,-0.783447,1.649,-2.893,0.069,31.51
2026-02-12 18:16:43.535,295.400,0.320312,0.507812,-0.779785,1.771,-2.878,0.206,31.46
2026-02-12 18:16:43.635,295.500,0.316650,0.505127,-0.780762,2.053,-2.947,0.519,31.56
2026-02-12 18:16:43.735,295.600,0.319336,0.507568,-0.776123,1.664,-2.870,0.290,31.51
2026-02-12 18:16:43.835,295.700,0.322998,0.508057,-0.777344,1.519,-3.008,0.260,31.36
2026-02-12 18:16:43.935,295.800,0.322754,0.509277,-0.781006,1.802,-2.901,0.221,31.85
2026-02-12 18:16:44.035,295.900,0.325439,0.507324,-0.777344,1.802,-2.863,0.496,31.36
2026-02-12 18:16:44.135,296.000,0.321777,0.506836,-0.778809,1.763,-2.901,0.183,31.32
2026-02-12 18:16:44.235,296.100,0.321289,0.505371,-0.776855,1.863,-2.794,0.748,31.76
2026-02-12 18:16:44.335,296.200,0.323730,0.506104,-0.780518,1.687,-2.870,0.374,31.66
2026-02-12 18:16:44.435,296.300,0.322266,0.505859,-0.787109,1.664,-2.908,0.305,31.66
2026-02-12 18:16:44.535,296.400,0.320068,0.509277,-0.779053,1.618,-2.802,0.244,31.71
2026-02-12 18:16:44.635,296.500,0.324219,0.506836,-0.771973,1.580,-2.733,0.038,31.66
2026-02-12 18:16:44.735,296.600,0.321533,0.509277,-0.776611,1.519,-2.893,0.565,31.76
2026-02-12 18:16:44.835,296.700,0.322021,0.509033,-0.780029,1.695,-2.664,0.237,31.46
2026-02-12 18:16:44.935,296.800,0.321045,0.507324,-0.778564,1.458,-2.626,0.473,31.71
2026-02-12 18:16:45.035,296.900,0.320312,0.506104,-0.777344,1.802,-3.031,0.298,31.71
2026-02-12 18:16:45.135,297.000,0.317871,0.504395,-0.773926,1.885,-2.977,-0.046,31.51
2026-02-12 18:16:45.235,297.100,0.322998,0.508545,-0.776855,1.718,-2.817,0.511,31.66
2026-02-12 18:16:45.335,297.200,0.320557,0.506592,-0.773926,1.733,-2.641,0.153,31.71
2026-02-12 18:16:45.435,297.300,0.318115,0.506592,-0.779541,1.534,-2.786,0.260,31.71
2026-02-12 18:16:45.535,297.400,0.324951,0.505371,-0.773438,1.489,-2.733,0.290,31.51
2026-02-12 18:16:45.635,297.500,0.322021,0.504639,-0.774658,1.748,-2.840,0.489,31.71
2026-02-12 18:16:45.735,297.600,0.322998,0.507812,-0.774902,1.511,-2.809,0.405,31.51
2026-02-12 18:16:45.835,297.700,0.318359,0.506836,-0.783936,1.687,-2.931,0.359,31.51
2026-02-12 18:16:45.935,297.800,0.320801,0.508545,-0.780762,1.771,-2.618,0.305,31.76
2026-02-12 18:16:46.035,297.900,0.319824,0.507324,-0.780518,1.573,-3.084,0.519,31.66
2026-02-12 18:16:46.135,298.000,0.323242,0.509277,-0.785889,1.855,-2.901,0.336,31.71
2026-02-12 18:16:46.235,298.100,0.319092,0.505615,-0.788086,1.435,-2.756,0.397,31.71
2026-02-12 18:16:46.335,298.200,0.316650,0.508057,-0.779785,1.664,-2.939,0.420,31.66
2026-02-12 18:16:46.435,298.300,0.319092,0.508301,-0.775635,1.656,-2.809,0.252,31.71
2026-02-12 18:16:46.535,298.400,0.322998,0.505127,-0.777832,1.534,-2.725,0.374,31.66
2026-02-12 18:16:46.635,298.500,0.318604,0.509033,-0.781982,1.817,-2.695,0.214,31.76
2026-02-12 18:16:46.735,298.600,0.321777,0.503174,-0.789062,1.740,-2.656,0.542,31.71
2026-02-12 18:16:46.835,298.700,0.324951,0.508545,-0.782959,1.725,-2.733,0.359,31.66
2026-02-12 18:16:46.935,298.800,0.322510,0.502686,-0.779297,1.656,-3.092,0.183,31.76
2026-02-12 18:16:47.035,298.900,0.322998,0.500977,-0.780518,2.031,-2.824,0.160,31.76
2026-02-12 18:16:47.135,299.000,0.318848,0.505371,-0.779541,1.656,-2.664,0.595,31.66
2026-02-12 18:16:47.235,299.100,0.318359,0.507080,-0.777100,1.664,-2.580,0.389,31.56
2026-02-12 18:16:47.335,299.200,0.320557,0.504883,-0.775879,1.641,-2.885,0.008,31.51
2026-02-12 18:16:47.435,299.300,0.320557,0.505859,-0.777832,1.695,-2.954,0.450,31.66
2026-02-12 18:16:47.535,299.400,0.322754,0.505127,-0.780273,1.573,-2.954,0.122,31.51
2026-02-12 18:16:47.635,299.500,0.321777,0.507324,-0.778076,1.725,-3.008,0.298,31.71
2026-02-12 18:16:47.735,299.600,0.320312,0.504395,-0.776611,1.786,-2.901,0.092,31.76
2026-02-12 18:16:47.835,299.700,0.323730,0.509521,-0.777832,1.847,-2.893,0.290,31.66
2026-02-12 18:16:47.935,299.800,0.323975,0.509277,-0.775879,1.802,-3.008,0.122,31.71
2026-02-12 18:16:48.035,299.900,0.321533,0.503662,-0.778564,1.870,-2.802,0.061,31.85
2026-02-12 18:16:48.135,300.000,0.322510,0.504883,-0.777344,1.786,-3.000,0.519,31.51
2026-02-12 18:16:48.235,300.100,0.324951,0.504395,-0.786133,1.870,-3.069,-0.008,31.56
2026-02-12 18:16:48.335,300.200,0.318848,0.505859,-0.781494,1.687,-2.893,0.443,31.51
2026-02-12 18:16:48.435,300.300,0.320801,0.508789,-0.783691,1.588,-2.824,0.076,31.76
2026-02-12 18:16:48.535,300.400,0.322754,0.506592,-0.775879,1.740,-2.542,0.328,31.56
2026-02-12 18:16:48.635,300.500,0.320557,0.506592,-0.774902,1.687,-3.069,0.214,31.51
2026-02-12 18:16:48.735,300.600,0.321533,0.507812,-0.775146,1.611,-2.947,0.206,31.46
2026-02-12 18:16:48.835,300.700,0.320312,0.507080,-0.783447,1.809,-2.702,0.275,31.51
2026-02-12 18:16:48.935,300.800,0.319580,0.505371,-0.777100,1.687,-2.794,0.237,31.66
2026-02-12 18:16:49.035,300.900,0.323730,0.507568,-0.777588,1.634,-2.733,0.382,31.51
2026-02-12 18:16:49.135,301.000,0.323975,0.504883,-0.787109,1.611,-2.832,0.305,31.76
2026-02-12 18:16:49.235,301.100,0.325684,0.506104,-0.780273,1.847,-2.550,0.008,31.76
2026-02-12 18:16:49.335,301.200,0.323486,0.503174,-0.776855,1.870,-2.603,-0.076,31.56
2026-02-12 18:16:49.435,301.300,0.318115,0.507080,-0.777588,1.504,-2.794,0.107,31.66
2026-02-12 18:16:49.535,301.400,0.319824,0.505371,-0.779541,1.740,-2.779,0.023,31.76
2026-02-12 18:16:49.635,301.500,0.319824,0.501221,-0.783936,1.626,-2.802,0.328,31.66
2026-02-12 18:16:49.735,301.600,0.323486,0.509277,-0.778809,1.855,-2.527,0.344,31.76
2026-02-12 18:16:49.835,301.700,0.322021,0.504639,-0.774414,1.511,-2.939,0.176,31.66
2026-02-12 18:16:49.935,301.800,0.322998,0.506836,-0.787842,1.756,-2.725,0.290,31.66
2026-02-12 18:16:50.035,301.900,0.323242,0.508545,-0.776855,1.573,-2.855,0.198,31.51
2026-02-12 18:16:50.135,302.000,0.320557,0.505615,-0.781738,1.702,-3.053,0.405,31.76
2026-02-12 18:16:50.235,302.100,0.322021,0.506592,-0.776855,1.649,-2.985,0.298,31.66
2026-02-12 18:16:50.335,302.200,0.317627,0.504639,-0.784668,1.817,-2.687,0.183,31.66
2026-02-12 18:16:50.435,302.300,0.319336,0.505371,-0.783936,1.771,-2.649,0.374,31.71
2026-02-12 18:16:50.535,302.400,0.326416,0.505615,-0.781006,1.656,-2.870,0.160,31.66
2026-02-12 18:16:50.635,302.500,0.319580,0.509277,-0.776855,1.817,-2.779,0.328,31.66
2026-02-12 18:16:50.735,302.600,0.322998,0.506348,-0.780762,1.618,-2.695,0.420,31.76
2026-02-12 18:16:50.835,302.700,0.319580,0.503906,-0.778320,1.863,-2.908,0.046,31.66
2026-02-12 18:16:50.935,302.800,0.321777,0.506836,-0.778564,1.641,-3.038,0.282,31.66
2026-02-12 18:16:51.035,302.900,0.321289,0.506592,-0.783203,1.893,-2.878,0.397,31.71
2026-02-12 18:16:51.135,303.000,0.317627,0.507324,-0.778076,1.519,-2.710,0.260,31.51
2026-02-12 18:16:51.235,303.100,0.322754,0.503662,-0.781250,1.611,-2.756,0.466,31.36
2026-02-12 18:16:51.335,303.200,0.322754,0.505859,-0.780518,1.870,-2.863,0.031,31.51
2026-02-12 18:16:51.435,303.300,0.324219,0.505859,-0.783691,1.710,-2.534,0.260,31.51
2026-02-12 18:16:51.535,303.400,0.318604,0.507080,-0.779053,1.611,-2.817,0.229,31.66
2026-02-12 18:16:51.635,303.500,0.320068,0.502441,-0.783691,1.733,-2.824,0.282,31.66
2026-02-12 18:16:51.735,303.600,0.317627,0.504883,-0.775879,1.893,-2.969,0.053,31.85
2026-02-12 18:16:51.835,303.700,0.321777,0.508301,-0.778564,1.573,-2.977,0.282,31.66
2026-02-12 18:16:51.935,303.800,0.321289,0.505615,-0.784668,1.626,-2.817,0.427,31.51
2026-02-12 18:16:52.035,303.900,0.321533,0.504639,-0.777344,1.863,-2.847,0.298,31.51
2026-02-12 18:16:52.135,304.000,0.321777,0.506348,-0.780029,1.725,-2.786,0.130,31.56
2026-02-12 18:16:52.235,304.100,0.323486,0.509521,-0.782715,1.702,-3.031,0.496,31.66
2026-02-12 18:16:52.335,304.200,0.322266,0.506104,-0.776611,1.412,-2.870,0.412,31.32
2026-02-12 18:16:52.435,304.300,0.325439,0.505859,-0.783691,1.702,-2.931,0.382,31.51
2026-02-12 18:16:52.535,304.400,0.320312,0.506836,-0.776123,1.908,-2.931,0.176,31.36
2026-02-12 18:16:52.635,304.500,0.320801,0.503418,-0.782227,1.802,-2.809,0.115,31.36
2026-02-12 18:16:52.735,304.600,0.320312,0.509521,-0.777344,1.588,-2.992,0.305,31.46
2026-02-12 18:16:52.835,304.700,0.318115,0.504883,-0.778076,1.756,-2.924,0.046,31.71
2026-02-12 18:16:52.935,304.800,0.324951,0.505371,-0.779541,1.603,-2.885,0.076,31.76
2026-02-12 18:16:53.035,304.900,0.320312,0.507324,-0.777100,1.656,-2.679,0.122,31.51
2026-02-12 18:16:53.135,305.000,0.321777,0.506104,-0.778076,1.977,-2.802,0.351,31.51
2026-02-12 18:16:53.235,305.100,0.320312,0.508301,-0.779053,1.740,-2.824,0.275,31.51
2026-02-12 18:16:53.335,305.200,0.320557,0.507812,-0.776367,1.588,-2.931,-0.076,31.56
2026-02-12 18:16:53.435,305.300,0.319336,0.506104,-0.778076,1.817,-2.779,0.229,31.71
2026-02-12 18:16:53.535,305.400,0.320068,0.506104,-0.776123,1.779,-2.885,0.420,31.90
2026-02-12 18:16:53.635,305.500,0.321045,0.505371,-0.784180,1.603,-2.992,0.282,31.76
2026-02-12 18:16:53.735,305.600,0.325195,0.503174,-0.781738,1.893,-2.992,0.137,31.51
2026-02-12 18:16:53.835,305.700,0.318848,0.507568,-0.785889,1.916,-2.832,0.260,31.71
2026-02-12 18:16:53.935,305.800,0.322266,0.507080,-0.779785,1.443,-2.847,0.420,31.66
2026-02-12 18:16:54.035,305.900,0.323242,0.507812,-0.782715,1.832,-3.000,0.435,31.66
2026-02-12 18:16:54.135,306.000,0.321533,0.510986,-0.777588,1.817,-2.626,0.397,31.46
2026-02-12 18:16:54.235,306.100,0.321045,0.508301,-0.785400,1.817,-2.672,0.160,31.51
2026-02-12 18:16:54.335,306.200,0.321777,0.507080,-0.781738,1.626,-2.916,0.481,31.66
2026-02-12 18:16:54.435,306.300,0.322754,0.506104,-0.782959,1.710,-2.618,-0.092,31.51
2026-02-12 18:16:54.535,306.400,0.322266,0.505371,-0.775146,1.893,-2.931,0.191,31.71
2026-02-12 18:16:54.635,306.500,0.322021,0.507080,-0.780518,1.855,-2.847,0.198,31.66
2026-02-12 18:16:54.735,306.600,0.323242,0.506348,-0.785156,1.969,-2.527,0.076,31.85
2026-02-12 18:16:54.835,306.700,0.324219,0.508545,-0.780762,1.893,-2.939,0.137,31.76
2026-02-12 18:16:54.935,306.800,0.321045,0.507324,-0.783447,1.511,-2.840,0.382,31.56
2026-02-12 18:16:55.035,306.900,0.321289,0.505859,-0.783936,1.511,-2.702,0.267,31.51
2026-02-12 18:16:55.135,307.000,0.321289,0.506104,-0.783203,1.763,-3.000,0.252,31.85
2026-02-12 18:16:55.235,307.100,0.322998,0.507080,-0.777100,1.580,-2.931,0.420,31.66
2026-02-12 18:16:55.335,307.200,0.323242,0.509521,-0.787354,1.565,-3.061,0.290,31.32
2026-02-12 18:16:55.435,307.300,0.317871,0.508789,-0.780518,1.985,-3.023,0.099,31.46
2026-02-12 18:16:55.535,307.400,0.322266,0.505371,-0.778076,1.878,-2.931,0.176,31.66
2026-02-12 18:16:55.635,307.500,0.319092,0.507080,-0.775391,1.992,-3.137,0.336,31.66
2026-02-12 18:16:55.735,307.600,0.322266,0.507324,-0.776611,1.527,-2.901,0.160,31.66
2026-02-12 18:16:55.835,307.700,0.322266,0.508789,-0.778564,1.740,-2.786,0.046,31.66
2026-02-12 18:16:55.935,307.800,0.321289,0.507080,-0.782471,1.573,-2.687,0.481,31.51
2026-02-12 18:16:56.035,307.900,0.321533,0.503662,-0.786133,1.756,-2.573,0.260,31.66
2026-02-12 18:16:56.135,308.000,0.320801,0.503662,-0.781250,1.702,-2.916,0.397,31.56
2026-02-12 18:16:56.235,308.100,0.320801,0.505371,-0.778564,1.870,-2.969,0.046,31.56
2026-02-12 18:16:56.335,308.200,0.323730,0.508057,-0.777588,1.542,-3.069,0.420,31.90
2026-02-12 18:16:56.435,308.300,0.318115,0.505859,-0.771484,1.733,-2.878,0.290,31.51
2026-02-12 18:16:56.535,308.400,0.322754,0.507324,-0.779785,1.786,-3.061,0.214,31.76
2026-02-12 18:16:56.635,308.500,0.323242,0.508545,-0.783447,1.656,-2.901,0.427,31.76
2026-02-12 18:16:56.735,308.600,0.324219,0.505859,-0.778076,1.466,-2.664,0.130,31.85
2026-02-12 18:16:56.835,308.700,0.321533,0.505859,-0.783203,1.863,-2.672,0.290,31.71
2026-02-12 18:16:56.935,308.800,0.318115,0.507568,-0.779053,1.763,-2.947,0.397,31.56
2026-02-12 18:16:57.035,308.900,0.322998,0.507812,-0.778320,1.656,-3.115,0.153,31.71
2026-02-12 18:16:57.135,309.000,0.320801,0.506104,-0.778809,1.962,-2.931,0.359,31.66
2026-02-12 18:16:57.235,309.100,0.322510,0.506348,-0.782715,1.870,-2.695,0.359,31.76
2026-02-12 18:16:57.335,309.200,0.318604,0.505371,-0.774170,1.565,-2.695,0.221,31.51
2026-02-12 18:16:57.435,309.300,0.322266,0.508545,-0.782959,1.710,-2.733,0.229,31.76
2026-02-12 18:16:57.535,309.400,0.320557,0.506836,-0.777344,1.748,-2.756,0.252,31.66
2026-02-12 18:16:57.635,309.500,0.322021,0.507568,-0.775879,1.771,-2.763,0.092,31.66
2026-02-12 18:16:57.735,309.600,0.322510,0.506836,-0.786377,1.733,-2.847,-0.099,31.36
2026-02-12 18:16:57.835,309.700,0.325195,0.506836,-0.775146,1.595,-2.634,0.099,31.66
2026-02-12 18:16:57.935,309.800,0.319824,0.507812,-0.781982,1.511,-2.725,0.122,31.51
2026-02-12 18:16:58.035,309.900,0.321045,0.506104,-0.782471,1.695,-2.908,0.359,31.56
2026-02-12 18:16:58.135,310.000,0.318604,0.505615,-0.779297,1.725,-2.794,0.107,31.66
2026-02-12 18:16:58.235,310.100,0.319336,0.507812,-0.783203,1.611,-2.779,0.481,31.36
2026-02-12 18:16:58.335,310.200,0.322021,0.509521,-0.775635,1.710,-2.924,0.473,31.36
2026-02-12 18:16:58.435,310.300,0.320801,0.504883,-0.783203,1.740,-3.038,0.076,31.71
2026-02-12 18:16:58.535,310.400,0.322510,0.507324,-0.783203,1.595,-2.985,0.420,31.71
2026-02-12 18:16:58.635,310.500,0.321533,0.505127,-0.782471,1.718,-2.947,0.206,31.51
2026-02-12 18:16:58.735,310.600,0.321289,0.506836,-0.782959,1.771,-3.038,0.252,31.76
2026-02-12 18:16:58.835,310.700,0.323242,0.508057,-0.775635,1.496,-2.595,0.466,31.71
2026-02-12 18:16:58.935,310.800,0.320557,0.504639,-0.780518,1.710,-2.885,0.031,31.71
2026-02-12 18:16:59.035,310.900,0.323242,0.508545,-0.783203,1.718,-2.863,0.275,31.66
2026-02-12 18:16:59.135,311.000,0.320312,0.505859,-0.779785,1.992,-2.695,0.092,31.66
2026-02-12 18:16:59.235,311.100,0.321533,0.506836,-0.776611,1.618,-2.947,-0.183,31.66
2026-02-12 18:16:59.335,311.200,0.323730,0.499756,-0.782715,1.550,-2.847,0.359,31.51
2026-02-12 18:16:59.435,311.300,0.319092,0.506104,-0.779297,1.878,-2.802,0.260,31.56
2026-02-12 18:16:59.535,311.400,0.324707,0.502686,-0.780518,1.863,-3.069,0.252,31.66
2026-02-12 18:16:59.635,311.500,0.322998,0.506104,-0.782471,2.046,-2.687,0.618,31.32
2026-02-12 18:16:59.735,311.600,0.322021,0.507080,-0.782471,1.382,-2.840,0.298,31.76
2026-02-12 18:16:59.835,311.700,0.321045,0.505859,-0.783936,1.695,-2.939,0.504,31.76
2026-02-12 18:16:59.935,311.800,0.320312,0.507812,-0.780762,1.626,-2.679,0.076,31.71
2026-02-12 18:17:00.035,311.900,0.322998,0.510010,-0.780762,1.672,-2.985,0.214,31.71
2026-02-12 18:17:00.135,312.000,0.318848,0.506592,-0.781738,1.687,-2.588,0.221,31.56
2026-02-12 18:17:00.235,312.100,0.320801,0.510010,-0.780518,1.878,-2.664,0.260,31.66
2026-02-12 18:17:00.335,312.200,0.319092,0.506836,-0.780273,1.885,-2.679,0.130,31.76
2026-02-12 18:17:00.435,312.300,0.319336,0.507568,-0.782959,1.794,-2.992,0.237,31.36
2026-02-12 18:17:00.535,312.400,0.318359,0.506836,-0.778809,1.794,-2.756,0.450,31.71
2026-02-12 18:17:00.635,312.500,0.320801,0.505615,-0.777832,1.573,-2.695,0.206,31.90
2026-02-12 18:17:00.735,312.600,0.322021,0.503906,-0.779785,1.649,-2.969,0.298,31.66
2026-02-12 18:17:00.835,312.700,0.320068,0.510010,-0.781494,1.725,-2.878,0.405,31.46
2026-02-12 18:17:00.935,312.800,0.318604,0.503174,-0.780518,1.771,-2.939,0.115,31.66
2026-02-12 18:17:01.035,312.900,0.321777,0.501709,-0.781250,1.847,-2.863,0.267,31.36
2026-02-12 18:17:01.135,313.000,0.322021,0.503174,-0.775391,1.695,-2.969,0.382,31.56
2026-02-12 18:17:01.235,313.100,0.321289,0.504150,-0.782471,1.527,-3.031,0.328,31.71
2026-02-12 18:17:01.335,313.200,0.321045,0.506104,-0.778320,1.649,-2.977,0.084,31.76
2026-02-12 18:17:01.435,313.300,0.320557,0.509766,-0.779297,1.901,-2.649,0.298,31.51
2026-02-12 18:17:01.535,313.400,0.323242,0.504639,-0.776611,1.740,-2.870,0.435,31.66
2026-02-12 18:17:01.635,313.500,0.316162,0.506836,-0.781738,1.618,-2.863,0.145,31.66
2026-02-12 18:17:01.735,313.600,0.322754,0.509033,-0.774902,1.550,-2.901,0.366,31.71
2026-02-12 18:17:01.835,313.700,0.322754,0.503906,-0.775146,1.588,-2.786,0.244,31.56
2026-02-12 18:17:01.935,313.800,0.320068,0.509521,-0.781006,1.496,-2.992,0.191,31.66
2026-02-12 18:17:02.035,313.900,0.323242,0.504150,-0.778564,1.824,-2.992,0.397,31.76
2026-02-12 18:17:02.135,314.000,0.320312,0.507324,-0.779541,1.656,-2.847,0.489,31.71
2026-02-12 18:17:02.235,314.100,0.321533,0.504883,-0.780518,1.603,-2.977,0.267,31.51
2026-02-12 18:17:02.335,314.200,0.322754,0.510498,-0.775391,1.786,-2.931,0.290,31.51
2026-02-12 18:17:02.435,314.300,0.321045,0.506348,-0.778320,1.641,-2.794,-0.038,31.36
2026-02-12 18:17:02.535,314.400,0.319092,0.504395,-0.781006,1.695,-2.954,0.122,31.46
2026-02-12 18:17:02.635,314.500,0.319092,0.506348,-0.782227,1.534,-3.038,0.496,31.71
2026-02-12 18:17:02.735,314.600,0.322754,0.506836,-0.779053,1.748,-2.832,0.198,31.56
2026-02-12 18:17:02.835,314.700,0.321045,0.507324,-0.779785,1.718,-2.748,0.618,31.56
2026-02-12 18:17:02.935,314.800,0.321777,0.508545,-0.781250,1.603,-3.053,0.305,31.85
2026-02-12 18:17:03.035,314.900,0.319580,0.505127,-0.775391,1.779,-2.870,0.290,31.66
2026-02-12 18:17:03.135,315.000,0.322998,0.506592,-0.778076,1.763,-2.855,0.237,31.66
2026-02-12 18:17:03.235,315.100,0.317871,0.503906,-0.781494,1.603,-2.939,0.359,31.76
2026-02-12 18:17:03.335,315.200,0.321533,0.507080,-0.787842,1.702,-2.695,0.137,31.71
2026-02-12 18:17:03.435,315.300,0.320557,0.508789,-0.779541,1.794,-2.901,0.458,31.46
2026-02-12 18:17:03.535,315.400,0.318848,0.511475,-0.778809,1.794,-2.740,0.351,31.76
2026-02-12 18:17:03.635,315.500,0.321777,0.507324,-0.782715,1.763,-2.695,0.328,31.71
2026-02-12 18:17:03.735,315.600,0.323975,0.506592,-0.782471,1.634,-2.702,0.191,31.85
2026-02-12 18:17:03.835,315.700,0.322510,0.506836,-0.777832,1.695,-2.817,0.290,31.46
2026-02-12 18:17:03.935,315.800,0.322754,0.505859,-0.784424,1.672,-2.954,0.611,31.56
2026-02-12 18:17:04.035,315.900,0.319092,0.508545,-0.779053,1.573,-2.718,0.244,31.51
2026-02-12 18:17:04.135,316.000,0.320557,0.506592,-0.781006,1.634,-2.870,0.527,31.56
2026-02-12 18:17:04.235,316.100,0.322998,0.503662,-0.786621,1.565,-2.947,0.137,31.76
2026-02-12 18:17:04.335,316.200,0.320801,0.503174,-0.776367,1.527,-2.595,0.443,31.56
2026-02-12 18:17:04.435,316.300,0.323975,0.509033,-0.781494,1.824,-2.824,0.252,31.66
2026-02-12 18:17:04.535,316.400,0.322021,0.504395,-0.780518,1.718,-2.763,0.084,31.76
2026-02-12 18:17:04.635,316.500,0.322266,0.507080,-0.779785,1.489,-2.626,0.405,31.85
2026-02-12 18:17:04.735,316.600,0.317871,0.509277,-0.780518,1.611,-2.740,0.107,31.56
2026-02-12 18:17:04.835,316.700,0.323242,0.503174,-0.778564,1.847,-2.656,0.130,31.71
2026-02-12 18:17:04.935,316.800,0.321289,0.507324,-0.779785,1.794,-2.824,0.122,31.56
2026-02-12 18:17:05.035,316.900,0.317627,0.506104,-0.775635,1.794,-2.740,0.115,31.51
2026-02-12 18:17:05.135,317.000,0.320557,0.504639,-0.779053,1.802,-2.519,0.176,31.66
2026-02-12 18:17:05.235,317.100,0.322266,0.504639,-0.779785,1.664,-2.779,0.267,31.66
2026-02-12 18:17:05.335,317.200,0.320312,0.506592,-0.778320,1.786,-2.634,0.084,31.66
2026-02-12 18:17:05.435,317.300,0.319336,0.505371,-0.776855,1.939,-2.863,0.321,31.46
2026-02-12 18:17:05.535,317.400,0.320801,0.509277,-0.782959,1.710,-2.664,0.351,31.51
2026-02-12 18:17:05.635,317.500,0.325439,0.506348,-0.780273,1.626,-2.824,0.374,31.76
2026-02-12 18:17:05.735,317.600,0.316895,0.503906,-0.781982,1.885,-2.832,0.198,31.56
2026-02-12 18:17:05.835,317.700,0.321045,0.505615,-0.781494,1.931,-3.176,0.229,31.36
2026-02-12 18:17:05.935,317.800,0.319092,0.510498,-0.781494,1.969,-2.863,0.511,31.56
2026-02-12 18:17:06.035,317.900,0.322266,0.505859,-0.777100,1.893,-2.817,0.282,31.66
2026-02-12 18:17:06.135,318.000,0.319336,0.509277,-0.779541,1.450,-2.863,0.130,31.36
2026-02-12 18:17:06.235,318.100,0.318848,0.509766,-0.785400,1.611,-2.733,0.427,31.32
2026-02-12 18:17:06.335,318.200,0.321045,0.503906,-0.780518,1.756,-2.817,0.275,31.66
2026-02-12 18:17:06.435,318.300,0.320068,0.508057,-0.779785,1.443,-2.771,0.397,31.66
2026-02-12 18:17:06.535,318.400,0.321533,0.502686,-0.781738,1.748,-2.885,0.344,31.66
2026-02-12 18:17:06.635,318.500,0.321289,0.504883,-0.783691,1.527,-3.000,0.221,31.71
2026-02-12 18:17:06.735,318.600,0.323730,0.506836,-0.780273,1.466,-2.870,0.420,31.71
2026-02-12 18:17:06.835,318.700,0.321777,0.505371,-0.782959,1.748,-2.618,-0.130,31.66
2026-02-12 18:17:06.935,318.800,0.320068,0.506592,-0.780518,2.076,-3.084,0.214,31.66
2026-02-12 18:17:07.035,318.900,0.322266,0.506836,-0.779297,1.603,-2.840,0.435,31.56
2026-02-12 18:17:07.135,319.000,0.320068,0.507324,-0.774902,1.824,-2.908,0.489,31.71
2026-02-12 18:17:07.235,319.100,0.325684,0.508545,-0.775879,1.725,-2.634,0.214,31.66
2026-02-12 18:17:07.335,319.200,0.321533,0.503418,-0.780762,1.672,-2.786,0.275,31.66
2026-02-12 18:17:07.435,319.300,0.320801,0.508545,-0.778564,1.656,-2.756,0.313,31.71
2026-02-12 18:17:07.535,319.400,0.323242,0.507080,-0.781250,1.679,-3.099,0.382,31.71
2026-02-12 18:17:07.635,319.500,0.320557,0.506104,-0.776611,1.573,-2.809,0.282,31.51
2026-02-12 18:17:07.735,319.600,0.323242,0.508789,-0.777588,1.931,-2.870,0.366,31.36
2026-02-12 18:17:07.835,319.700,0.317139,0.506592,-0.776855,1.695,-2.527,-0.008,31.66
2026-02-12 18:17:07.935,319.800,0.323242,0.508301,-0.781494,1.687,-2.840,0.282,31.51
2026-02-12 18:17:08.035,319.900,0.321289,0.507568,-0.787354,1.817,-2.695,0.275,31.90
2026-02-12 18:17:08.135,320.000,0.324463,0.502930,-0.781006,1.641,-2.985,0.237,31.66
2026-02-12 18:17:08.235,320.100,0.323486,0.505127,-0.780029,1.397,-2.687,-0.046,31.51
2026-02-12 18:17:08.335,320.200,0.324463,0.507812,-0.777344,1.733,-2.710,0.015,31.71
2026-02-12 18:17:08.435,320.300,0.318115,0.507080,-0.775879,1.733,-3.031,0.122,31.76
2026-02-12 18:17:08.535,320.400,0.319580,0.504395,-0.786133,1.725,-2.763,0.420,31.56
2026-02-12 18:17:08.635,320.500,0.319092,0.507812,-0.777832,1.863,-2.847,0.168,31.51
2026-02-12 18:17:08.735,320.600,0.322021,0.510498,-0.783203,1.885,-2.679,0.321,31.66
2026-02-12 18:17:08.835,320.700,0.317139,0.505371,-0.776855,1.626,-2.893,0.260,31.36
2026-02-12 18:17:08.935,320.800,0.317383,0.503418,-0.781738,1.595,-2.817,0.382,31.66
2026-02-12 18:17:09.035,320.900,0.318359,0.510254,-0.779053,1.771,-2.634,0.137,31.46
2026-02-12 18:17:09.135,321.000,0.320557,0.508301,-0.780518,1.580,-2.985,0.466,31.66
2026-02-12 18:17:09.235,321.100,0.319336,0.508057,-0.777100,1.634,-2.901,0.366,31.32
2026-02-12 18:17:09.335,321.200,0.321777,0.504150,-0.786621,1.511,-2.809,0.328,32.00
2026-02-12 18:17:09.435,321.300,0.322754,0.504639,-0.783936,1.901,-2.916,0.053,31.51
2026-02-12 18:17:09.535,321.400,0.322021,0.504150,-0.786377,1.420,-2.740,0.321,31.90
2026-02-12 18:17:09.635,321.500,0.320557,0.505615,-0.774414,1.695,-2.908,0.008,31.66
2026-02-12 18:17:09.735,321.600,0.320557,0.504395,-0.772705,1.656,-2.885,0.221,31.85
2026-02-12 18:17:09.835,321.700,0.323242,0.507812,-0.777100,1.527,-2.656,0.443,31.46
2026-02-12 18:17:09.935,321.800,0.321289,0.511230,-0.778809,1.702,-2.672,0.084,31.71
2026-02-12 18:17:10.035,321.900,0.320557,0.503174,-0.776611,1.908,-2.863,0.344,31.66
2026-02-12 18:17:10.135,322.000,0.323730,0.506104,-0.782959,1.885,-2.947,0.351,31.22
2026-02-12 18:17:10.235,322.100,0.320801,0.509033,-0.780273,1.702,-2.931,-0.015,31.36
2026-02-12 18:17:10.335,322.200,0.317383,0.505127,-0.781494,1.603,-2.733,0.344,31.66
2026-02-12 18:17:10.435,322.300,0.321045,0.503906,-0.780029,1.550,-2.824,0.344,31.51
2026-02-12 18:17:10.535,322.400,0.315186,0.503662,-0.781982,1.603,-2.832,0.290,31.90
2026-02-12 18:17:10.635,322.500,0.318359,0.507812,-0.786621,1.626,-2.725,0.092,31.85
2026-02-12 18:17:10.735,322.600,0.321533,0.505371,-0.779785,1.664,-3.023,-0.046,31.46
2026-02-12 18:17:10.835,322.700,0.322754,0.505127,-0.780029,1.634,-2.779,0.000,31.56
2026-02-12 18:17:10.935,322.800,0.320068,0.507812,-0.779297,1.687,-2.863,0.336,31.66
2026-02-12 18:17:11.035,322.900,0.318604,0.507324,-0.784912,1.901,-2.702,0.221,31.56
2026-02-12 18:17:11.135,323.000,0.320312,0.506104,-0.783936,1.794,-2.855,0.481,31.36
2026-02-12 18:17:11.235,323.100,0.319824,0.509521,-0.784424,1.740,-2.985,0.313,31.51
2026-02-12 18:17:11.335,323.200,0.324219,0.506836,-0.782227,1.832,-2.786,0.435,31.85
2026-02-12 18:17:11.435,323.300,0.320557,0.502197,-0.779297,1.481,-2.733,0.130,31.71
2026-02-12 18:17:11.535,323.400,0.320801,0.504883,-0.777100,1.649,-2.977,0.198,31.76
2026-02-12 18:17:11.635,323.500,0.323242,0.507080,-0.781250,1.916,-2.954,0.198,31.76
2026-02-12 18:17:11.735,323.600,0.320312,0.507812,-0.782959,1.573,-2.656,0.282,31.71
2026-02-12 18:17:11.835,323.700,0.319336,0.506104,-0.776611,1.710,-2.725,0.092,31.66
2026-02-12 18:17:11.935,323.800,0.318359,0.504395,-0.778320,1.595,-2.985,0.397,31.71
2026-02-12 18:17:12.035,323.900,0.320801,0.507568,-0.780518,1.656,-2.916,0.473,31.36
2026-02-12 18:17:12.135,324.000,0.320801,0.503174,-0.781250,1.511,-2.817,0.351,31.66
2026-02-12 18:17:12.235,324.100,0.326660,0.507568,-0.781494,1.656,-2.794,0.145,31.51
2026-02-12 18:17:12.335,324.200,0.323242,0.505371,-0.774902,1.496,-3.046,0.145,31.71
2026-02-12 18:17:12.435,324.300,0.321533,0.507568,-0.782715,1.573,-2.870,0.244,31.71
2026-02-12 18:17:12.535,324.400,0.321045,0.510742,-0.778320,1.954,-2.885,0.366,31.66
2026-02-12 18:17:12.635,324.500,0.319580,0.508545,-0.781738,1.542,-2.466,0.130,31.76
2026-02-12 18:17:12.735,324.600,0.322021,0.506348,-0.780273,1.710,-3.076,0.282,31.66
2026-02-12 18:17:12.835,324.700,0.323486,0.504883,-0.778809,1.802,-2.977,0.313,31.66
2026-02-12 18:17:12.935,324.800,0.324707,0.507080,-0.781982,1.649,-2.802,0.130,31.66
2026-02-12 18:17:13.035,324.900,0.321777,0.507324,-0.780029,1.672,-2.824,0.298,31.46
2026-02-12 18:17:13.135,325.000,0.321533,0.507812,-0.774170,1.832,-2.840,0.427,31.71
2026-02-12 18:17:13.235,325.100,0.322998,0.506836,-0.776367,1.870,-2.740,0.275,31.85
2026-02-12 18:17:13.335,325.200,0.322754,0.506104,-0.780029,1.550,-2.672,0.076,31.56
2026-02-12 18:17:13.435,325.300,0.316162,0.509033,-0.780029,1.550,-3.168,0.359,31.71
2026-02-12 18:17:13.535,325.400,0.325195,0.505859,-0.774414,1.550,-2.618,0.282,31.66
2026-02-12 18:17:13.635,325.500,0.321533,0.506592,-0.781494,1.695,-2.969,0.191,31.76
2026-02-12 18:17:13.735,325.600,0.324951,0.508057,-0.773193,1.664,-2.672,0.122,31.66
2026-02-12 18:17:13.835,325.700,0.316162,0.505127,-0.778320,1.679,-3.053,0.344,31.51
2026-02-12 18:17:13.935,325.800,0.321289,0.509766,-0.781738,1.656,-2.870,0.397,31.76
2026-02-12 18:17:14.035,325.900,0.322510,0.505615,-0.781250,1.656,-2.763,0.145,31.66
2026-02-12 18:17:14.135,326.000,0.322266,0.509033,-0.777832,1.519,-2.870,0.511,31.71
2026-02-12 18:17:14.235,326.100,0.322510,0.507812,-0.775391,1.557,-2.847,0.015,31.32
2026-02-12 18:17:14.335,326.200,0.321289,0.507324,-0.781250,1.672,-2.908,0.412,31.71
2026-02-12 18:17:14.435,326.300,0.318604,0.503662,-0.777832,1.763,-2.603,0.351,31.32
2026-02-12 18:17:14.535,326.400,0.319580,0.510254,-0.774414,1.802,-2.855,0.374,31.51
2026-02-12 18:17:14.635,326.500,0.321289,0.506836,-0.779053,1.725,-2.863,0.221,31.71
2026-02-12 18:17:14.735,326.600,0.320557,0.508301,-0.785156,1.603,-2.840,0.328,31.76
2026-02-12 18:17:14.835,326.700,0.322510,0.508545,-0.785156,1.679,-2.634,0.420,31.51
2026-02-12 18:17:14.935,326.800,0.320801,0.504883,-0.777100,1.641,-3.084,-0.038,31.51
2026-02-12 18:17:15.035,326.900,0.317871,0.506836,-0.780273,1.710,-2.870,0.214,31.71
2026-02-12 18:17:15.135,327.000,0.322998,0.505127,-0.781006,1.534,-2.969,0.557,31.71
2026-02-12 18:17:15.235,327.100,0.321777,0.508301,-0.776611,1.618,-2.832,0.405,31.66
2026-02-12 18:17:15.335,327.200,0.317871,0.505859,-0.776367,1.702,-2.817,0.489,31.76
2026-02-12 18:17:15.435,327.300,0.320801,0.505371,-0.782227,1.740,-3.038,0.130,31.46
2026-02-12 18:17:15.535,327.400,0.320312,0.508789,-0.784668,1.634,-2.985,0.336,31.76
2026-02-12 18:17:15.635,327.500,0.321045,0.504883,-0.781982,1.878,-2.832,0.305,31.76
2026-02-12 18:17:15.735,327.600,0.322266,0.503174,-0.781250,1.763,-2.740,0.458,31.51
2026-02-12 18:17:15.835,327.700,0.317383,0.506592,-0.777100,1.664,-2.809,0.382,31.51
2026-02-12 18:17:15.935,327.800,0.324219,0.504883,-0.780762,1.656,-2.954,0.435,31.76
2026-02-12 18:17:16.035,327.900,0.321289,0.506592,-0.780762,1.458,-2.931,0.061,31.85
2026-02-12 18:17:16.135,328.000,0.319092,0.505859,-0.778320,1.695,-2.435,0.168,31.51
2026-02-12 18:17:16.235,328.100,0.319580,0.509766,-0.779785,1.931,-2.939,0.244,31.56
2026-02-12 18:17:16.335,328.200,0.313965,0.505371,-0.781250,1.718,-2.672,0.481,31.66
2026-02-12 18:17:16.435,328.300,0.320068,0.505859,-0.781006,1.695,-2.939,0.198,31.76
2026-02-12 18:17:16.535,328.400,0.323975,0.505615,-0.779297,1.740,-2.847,0.252,31.36
2026-02-12 18:17:16.635,328.500,0.319092,0.506592,-0.780029,1.962,-2.931,0.458,31.56
2026-02-12 18:17:16.735,328.600,0.323486,0.505859,-0.782471,1.771,-2.893,0.466,31.66
2026-02-12 18:17:16.835,328.700,0.324219,0.505859,-0.781250,1.840,-2.847,0.427,31.66
2026-02-12 18:17:16.935,328.800,0.321289,0.507812,-0.778320,1.878,-2.817,0.351,31.56
2026-02-12 18:17:17.035,328.900,0.320801,0.507324,-0.777588,1.664,-2.794,0.389,31.56
2026-02-12 18:17:17.135,329.000,0.322021,0.503906,-0.775391,1.939,-2.756,0.427,31.51
2026-02-12 18:17:17.235,329.100,0.319580,0.508545,-0.781738,1.855,-3.038,0.198,31.51
2026-02-12 18:17:17.335,329.200,0.317627,0.510010,-0.782227,1.794,-2.802,0.237,31.51
2026-02-12 18:17:17.435,329.300,0.319336,0.505371,-0.779785,2.038,-2.893,0.046,31.51
2026-02-12 18:17:17.535,329.400,0.320801,0.509521,-0.782959,1.840,-3.084,0.511,31.71
2026-02-12 18:17:17.635,329.500,0.320068,0.505371,-0.779541,1.847,-2.580,0.305,31.71
2026-02-12 18:17:17.735,329.600,0.320557,0.505371,-0.781738,1.626,-2.733,0.458,31.66
2026-02-12 18:17:17.835,329.700,0.318115,0.508545,-0.778320,1.702,-2.878,0.519,31.66
2026-02-12 18:17:17.935,329.800,0.318604,0.508301,-0.778320,1.672,-2.817,0.397,31.66
2026-02-12 18:17:18.035,329.900,0.319092,0.506592,-0.779785,1.527,-2.817,0.198,31.71
2026-02-12 18:17:18.135,330.000,0.323975,0.505859,-0.783447,1.893,-2.893,0.221,31.36
2026-02-12 18:17:18.235,330.100,0.318604,0.509033,-0.775391,1.603,-2.992,0.076,31.51
2026-02-12 18:17:18.335,330.200,0.318604,0.510254,-0.789062,1.611,-2.924,0.382,31.46
2026-02-12 18:17:18.435,330.300,0.322754,0.505859,-0.774170,1.702,-2.893,0.122,31.76
2026-02-12 18:17:18.535,330.400,0.321289,0.507568,-0.778320,1.878,-2.947,0.229,31.56
2026-02-12 18:17:18.635,330.500,0.321777,0.508545,-0.784424,1.275,-2.939,0.366,31.36
2026-02-12 18:17:18.735,330.600,0.319824,0.508301,-0.784912,1.901,-2.954,0.015,31.51
2026-02-12 18:17:18.835,330.700,0.319580,0.508057,-0.783691,1.840,-2.947,0.160,31.76
2026-02-12 18:17:18.935,330.800,0.320557,0.506348,-0.783936,1.702,-3.000,0.214,31.51
2026-02-12 18:17:19.035,330.900,0.318604,0.504150,-0.778564,1.748,-2.672,0.519,31.76
2026-02-12 18:17:19.135,331.000,0.320801,0.507324,-0.780029,1.977,-3.099,0.160,31.51
2026-02-12 18:17:19.235,331.100,0.323486,0.510498,-0.778564,1.733,-2.847,0.107,31.36
2026-02-12 18:17:19.335,331.200,0.322510,0.507324,-0.780029,1.786,-2.809,0.290,31.46
2026-02-12 18:17:19.435,331.300,0.320801,0.510254,-0.785400,1.863,-2.809,0.206,31.51
2026-02-12 18:17:19.535,331.400,0.319336,0.506104,-0.779297,1.618,-2.580,-0.076,31.51
2026-02-12 18:17:19.635,331.500,0.325195,0.510742,-0.782959,1.763,-2.802,0.092,31.66
2026-02-12 18:17:19.735,331.600,0.320068,0.503174,-0.773438,1.672,-2.962,0.206,31.71
2026-02-12 18:17:19.835,331.700,0.319336,0.507324,-0.777588,1.870,-2.824,0.008,31.66
2026-02-12 18:17:19.935,331.800,0.323730,0.504395,-0.782227,1.634,-2.840,0.214,31.51
2026-02-12 18:17:20.035,331.900,0.319336,0.509277,-0.780273,1.748,-2.550,0.389,31.76
2026-02-12 18:17:20.135,332.000,0.317383,0.504639,-0.780029,1.725,-2.588,0.458,31.56
2026-02-12 18:17:20.235,332.100,0.322998,0.507568,-0.783936,1.366,-2.672,0.267,31.32
2026-02-12 18:17:20.335,332.200,0.316406,0.507080,-0.778320,1.710,-2.992,0.092,31.51
2026-02-12 18:17:20.435,332.300,0.321289,0.508057,-0.780273,1.779,-2.863,0.214,31.76
2026-02-12 18:17:20.535,332.400,0.322021,0.511475,-0.779785,1.687,-2.885,0.313,31.66
2026-02-12 18:17:20.635,332.500,0.320801,0.509277,-0.773193,1.656,-3.061,0.282,31.76
2026-02-12 18:17:20.735,332.600,0.318604,0.507080,-0.780029,1.420,-2.924,0.519,31.66
2026-02-12 18:17:20.835,332.700,0.319824,0.510254,-0.781982,1.542,-3.061,0.115,31.46
2026-02-12 18:17:20.935,332.800,0.320801,0.507568,-0.783936,1.733,-2.863,0.237,31.51
2026-02-12 18:17:21.035,332.900,0.320557,0.505127,-0.778320,1.542,-2.824,0.198,31.66
2026-02-12 18:17:21.135,333.000,0.321777,0.507812,-0.781982,1.710,-2.947,0.359,31.46
2026-02-12 18:17:21.235,333.100,0.319092,0.505615,-0.781494,1.618,-2.931,0.313,31.71
2026-02-12 18:17:21.335,333.200,0.318115,0.506836,-0.779541,1.626,-2.580,-0.061,31.46
2026-02-12 18:17:21.435,333.300,0.319580,0.508301,-0.779053,1.763,-2.863,0.351,31.46
2026-02-12 18:17:21.535,333.400,0.322266,0.503662,-0.781006,1.641,-2.664,0.427,31.66
2026-02-12 18:17:21.635,333.500,0.318604,0.502686,-0.782959,1.824,-2.985,0.229,31.51
2026-02-12 18:17:21.735,333.600,0.319336,0.509766,-0.779297,1.504,-2.534,0.046,31.66
2026-02-12 18:17:21.835,333.700,0.322998,0.506104,-0.780518,1.748,-2.893,0.603,31.71
2026-02-12 18:17:21.935,333.800,0.324463,0.505127,-0.779297,1.817,-3.099,0.382,31.56
2026-02-12 18:17:22.035,333.900,0.320801,0.509766,-0.787598,1.656,-2.931,0.061,31.71
2026-02-12 18:17:22.135,334.000,0.320312,0.506592,-0.773682,1.588,-3.076,0.374,31.71
2026-02-12 18:17:22.235,334.100,0.319824,0.506104,-0.774414,1.740,-2.962,0.321,31.66
2026-02-12 18:17:22.335,334.200,0.324219,0.504150,-0.779785,1.511,-3.015,-0.046,31.90
2026-02-12 18:17:22.435,334.300,0.322266,0.507812,-0.779297,1.481,-2.931,0.221,31.66
2026-02-12 18:17:22.535,334.400,0.322754,0.505127,-0.779297,1.611,-3.008,-0.076,31.46
2026-02-12 18:17:22.635,334.500,0.319336,0.507812,-0.781006,1.611,-2.504,0.137,31.51
2026-02-12 18:17:22.735,334.600,0.317627,0.508057,-0.778809,1.580,-2.939,0.237,31.51
2026-02-12 18:17:22.835,334.700,0.319580,0.505615,-0.781006,1.740,-2.664,0.389,31.66
2026-02-12 18:17:22.935,334.800,0.320312,0.502930,-0.778809,1.618,-2.725,0.298,31.76
2026-02-12 18:17:23.035,334.900,0.317383,0.505127,-0.779053,1.809,-2.870,0.260,31.51
2026-02-12 18:17:23.135,335.000,0.319824,0.505615,-0.781738,1.588,-2.634,0.443,31.85
2026-02-12 18:17:23.235,335.100,0.324463,0.510254,-0.781006,1.908,-3.008,0.237,31.36
2026-02-12 18:17:23.335,335.200,0.323730,0.509766,-0.778320,1.450,-2.756,0.221,31.85
2026-02-12 18:17:23.435,335.300,0.319824,0.506836,-0.782959,1.565,-2.733,0.313,31.71
2026-02-12 18:17:23.535,335.400,0.320068,0.505859,-0.773926,1.748,-2.893,0.412,31.66
2026-02-12 18:17:23.635,335.500,0.322266,0.506592,-0.781494,1.809,-2.893,0.366,31.51
2026-02-12 18:17:23.735,335.600,0.317139,0.506104,-0.788086,1.733,-2.794,0.260,31.66
2026-02-12 18:17:23.835,335.700,0.322021,0.507080,-0.781982,1.695,-2.786,0.359,31.56
2026-02-12 18:17:23.935,335.800,0.321045,0.507324,-0.776367,1.824,-2.885,0.359,31.66
2026-02-12 18:17:24.035,335.900,0.320068,0.505371,-0.781250,1.786,-2.847,0.427,31.76
2026-02-12 18:17:24.135,336.000,0.321289,0.509766,-0.781006,1.786,-2.824,0.366,31.76
2026-02-12 18:17:24.235,336.100,0.322021,0.507568,-0.773682,1.687,-2.924,0.290,31.32
2026-02-12 18:17:24.335,336.200,0.320312,0.504883,-0.782471,1.534,-2.763,0.084,31.85
2026-02-12 18:17:24.435,336.300,0.321045,0.509033,-0.782715,1.656,-2.939,0.183,31.71
2026-02-12 18:17:24.535,336.400,0.320801,0.507080,-0.776611,1.656,-2.885,0.351,31.51
2026-02-12 18:17:24.635,336.500,0.319092,0.506348,-0.781494,1.626,-2.870,0.550,31.71
2026-02-12 18:17:24.735,336.600,0.321045,0.506104,-0.777344,1.626,-2.878,0.366,31.71
2026-02-12 18:17:24.835,336.700,0.319092,0.507812,-0.780518,1.725,-2.916,0.191,31.71
2026-02-12 18:17:24.935,336.800,0.321533,0.508545,-0.778076,1.618,-2.954,0.130,31.71
2026-02-12 18:17:25.035,336.900,0.324951,0.506592,-0.778809,1.679,-2.702,0.542,31.51
2026-02-12 18:17:25.135,337.000,0.319580,0.509277,-0.778320,1.824,-3.000,0.282,31.76
2026-02-12 18:17:25.235,337.100,0.321045,0.507080,-0.773438,1.695,-2.962,0.298,31.90
2026-02-12 18:17:25.335,337.200,0.321289,0.508057,-0.779297,1.626,-2.718,0.405,31.71
2026-02-12 18:17:25.435,337.300,0.321777,0.505127,-0.778809,1.855,-2.748,0.443,31.56
2026-02-12 18:17:25.535,337.400,0.322998,0.503418,-0.779785,1.450,-2.740,0.122,31.51
2026-02-12 18:17:25.635,337.500,0.323975,0.506104,-0.781494,1.733,-2.985,0.252,31.71
2026-02-12 18:17:25.735,337.600,0.322754,0.505859,-0.777100,1.565,-2.626,0.527,31.46
2026-02-12 18:17:25.835,337.700,0.318604,0.506836,-0.781006,1.947,-2.527,0.756,31.36
2026-02-12 18:17:25.935,337.800,0.321045,0.502686,-0.779053,1.672,-3.099,0.359,31.51
2026-02-12 18:17:26.035,337.900,0.322021,0.506104,-0.778076,1.580,-3.023,0.183,31.51
2026-02-12 18:17:26.135,338.000,0.318848,0.505859,-0.780029,1.748,-2.695,0.008,31.66
2026-02-12 18:17:26.235,338.100,0.322754,0.503174,-0.775146,1.725,-2.939,-0.153,31.51
2026-02-12 18:17:26.335,338.200,0.323242,0.505127,-0.780518,1.786,-2.992,0.382,31.56
2026-02-12 18:17:26.435,338.300,0.317627,0.506348,-0.779785,1.710,-2.695,0.260,31.66
2026-02-12 18:17:26.535,338.400,0.318604,0.506348,-0.775391,1.718,-2.740,0.153,31.51
2026-02-12 18:17:26.635,338.500,0.325684,0.505371,-0.779053,1.863,-2.809,0.489,31.36
2026-02-12 18:17:26.735,338.600,0.318115,0.508301,-0.776855,1.664,-2.969,0.527,31.71
2026-02-12 18:17:26.835,338.700,0.321045,0.508057,-0.775635,1.885,-2.962,-0.053,31.51
2026-02-12 18:17:26.935,338.800,0.324951,0.505859,-0.774170,1.710,-2.824,0.069,31.71
2026-02-12 18:17:27.035,338.900,0.322266,0.502197,-0.777100,1.618,-2.687,0.374,31.66
2026-02-12 18:17:27.135,339.000,0.321045,0.509521,-0.777100,1.809,-2.992,0.260,31.66
2026-02-12 18:17:27.235,339.100,0.318359,0.506348,-0.774902,1.664,-2.542,0.366,31.66
2026-02-12 18:17:27.335,339.200,0.319336,0.508301,-0.783936,1.947,-2.740,0.237,31.66
2026-02-12 18:17:27.435,339.300,0.319092,0.504883,-0.780273,1.649,-2.863,0.176,31.56
2026-02-12 18:17:27.535,339.400,0.323730,0.504395,-0.777100,1.649,-2.863,0.336,31.66
2026-02-12 18:17:27.635,339.500,0.322510,0.507080,-0.778809,1.466,-2.962,0.069,31.46
2026-02-12 18:17:27.735,339.600,0.320312,0.504639,-0.784180,1.618,-2.931,0.084,31.71
2026-02-12 18:17:27.835,339.700,0.324219,0.505127,-0.776611,1.748,-3.084,0.153,31.66
2026-02-12 18:17:27.935,339.800,0.323486,0.502686,-0.781250,1.794,-2.779,0.214,31.76
2026-02-12 18:17:28.035,339.900,0.323242,0.504883,-0.778564,1.290,-2.855,0.229,31.46
2026-02-12 18:17:28.135,340.000,0.321777,0.507812,-0.784912,1.786,-2.863,0.458,31.66
2026-02-12 18:17:28.235,340.100,0.323242,0.508545,-0.777588,1.634,-2.733,0.336,31.56
2026-02-12 18:17:28.335,340.200,0.320801,0.507080,-0.783691,1.634,-2.802,0.359,31.36
2026-02-12 18:17:28.435,340.300,0.321533,0.507324,-0.780518,1.519,-2.695,0.252,31.56
2026-02-12 18:17:28.535,340.400,0.322754,0.505859,-0.783936,1.534,-2.557,0.435,31.56
2026-02-12 18:17:28.635,340.500,0.320557,0.509277,-0.779541,1.794,-2.939,0.313,31.76
2026-02-12 18:17:28.735,340.600,0.323730,0.509033,-0.778564,1.733,-2.855,0.336,31.66
2026-02-12 18:17:28.835,340.700,0.319580,0.505615,-0.781250,1.588,-2.511,0.076,31.76
2026-02-12 18:17:28.935,340.800,0.321533,0.507568,-0.775635,1.779,-2.824,0.015,31.76
2026-02-12 18:17:29.035,340.900,0.324219,0.504639,-0.781738,1.565,-2.725,0.328,31.71
2026-02-12 18:17:29.135,341.000,0.318115,0.510254,-0.781006,1.458,-3.008,0.107,31.46
2026-02-12 18:17:29.235,341.100,0.322266,0.504883,-0.785156,1.931,-2.916,0.198,31.51
2026-02-12 18:17:29.335,341.200,0.323975,0.505615,-0.778076,1.954,-2.924,0.427,31.71
2026-02-12 18:17:29.435,341.300,0.319824,0.509521,-0.783447,2.000,-2.656,0.275,31.66
2026-02-12 18:17:29.535,341.400,0.321533,0.507812,-0.778809,1.763,-2.580,0.000,31.36
2026-02-12 18:17:29.635,341.500,0.323486,0.503662,-0.786377,1.786,-2.847,0.481,31.51
2026-02-12 18:17:29.735,341.600,0.322754,0.505615,-0.786621,1.664,-3.160,0.267,31.76
2026-02-12 18:17:29.835,341.700,0.318359,0.505615,-0.776123,1.771,-2.870,0.435,31.51
2026-02-12 18:17:29.935,341.800,0.321045,0.508789,-0.779297,2.099,-2.969,0.168,31.56
2026-02-12 18:17:30.035,341.900,0.321289,0.503662,-0.773926,1.710,-2.893,0.107,31.51
2026-02-12 18:17:30.135,342.000,0.324707,0.505615,-0.783447,1.649,-2.695,0.168,31.51
2026-02-12 18:17:30.235,342.100,0.320068,0.507568,-0.776855,1.809,-2.809,0.267,31.46
2026-02-12 18:17:30.335,342.200,0.319824,0.503906,-0.780518,1.626,-2.718,0.359,31.76
2026-02-12 18:17:30.435,342.300,0.321533,0.507812,-0.773926,1.847,-2.908,0.176,31.56
2026-02-12 18:17:30.535,342.400,0.320068,0.504639,-0.781982,1.618,-2.931,0.176,31.71
2026-02-12 18:17:30.635,342.500,0.320557,0.508301,-0.779541,1.702,-3.092,0.405,31.76
2026-02-12 18:17:30.735,342.600,0.323242,0.508545,-0.778809,1.740,-2.855,0.397,31.56
2026-02-12 18:17:30.835,342.700,0.319092,0.506104,-0.780273,1.634,-2.725,0.328,31.66
2026-02-12 18:17:30.935,342.800,0.325684,0.504883,-0.781006,1.794,-3.023,0.374,31.51
2026-02-12 18:17:31.035,342.900,0.321777,0.506104,-0.777588,1.557,-2.786,0.115,31.66
2026-02-12 18:17:31.135,343.000,0.320557,0.507812,-0.785889,1.618,-2.634,0.565,31.76
2026-02-12 18:17:31.235,343.100,0.317139,0.509521,-0.781738,1.718,-3.107,0.427,31.71
2026-02-12 18:17:31.335,343.200,0.322754,0.505127,-0.783936,1.504,-2.824,0.076,31.71
2026-02-12 18:17:31.435,343.300,0.321045,0.506348,-0.781982,1.481,-2.855,0.328,31.71
2026-02-12 18:17:31.535,343.400,0.317627,0.506592,-0.786377,1.656,-2.924,0.076,31.51
2026-02-12 18:17:31.635,343.500,0.322021,0.506836,-0.772949,1.885,-2.779,0.221,31.66
2026-02-12 18:17:31.735,343.600,0.317627,0.503906,-0.776367,1.725,-2.756,0.374,31.66
2026-02-12 18:17:31.835,343.700,0.320068,0.505615,-0.780029,1.527,-2.855,0.473,31.51
2026-02-12 18:17:31.935,343.800,0.318604,0.504639,-0.768555,1.687,-2.954,0.504,31.51
2026-02-12 18:17:32.035,343.900,0.319336,0.507080,-0.778809,1.748,-2.824,0.107,31.76
2026-02-12 18:17:32.135,344.000,0.320312,0.508057,-0.782471,1.817,-2.840,0.092,31.66
2026-02-12 18:17:32.235,344.100,0.325684,0.505615,-0.775879,1.763,-2.534,0.053,31.76
2026-02-12 18:17:32.335,344.200,0.320312,0.505371,-0.776123,1.656,-2.611,0.084,31.66
2026-02-12 18:17:32.435,344.300,0.322021,0.509033,-0.781494,1.405,-3.008,0.420,31.66
2026-02-12 18:17:32.535,344.400,0.318848,0.507812,-0.782471,1.573,-2.641,0.160,31.76
2026-02-12 18:17:32.635,344.500,0.319824,0.506836,-0.777832,1.542,-2.718,0.122,31.71
2026-02-12 18:17:32.735,344.600,0.318604,0.508545,-0.779053,1.863,-2.504,0.305,31.71
2026-02-12 18:17:32.835,344.700,0.319092,0.505859,-0.780273,1.992,-2.908,0.603,31.71
2026-02-12 18:17:32.935,344.800,0.322754,0.510010,-0.776367,1.618,-2.626,0.206,31.85
2026-02-12 18:17:33.035,344.900,0.324219,0.506592,-0.775146,1.725,-2.718,0.595,31.71
2026-02-12 18:17:33.135,345.000,0.324219,0.507568,-0.785156,1.641,-2.580,0.183,31.71
2026-02-12 18:17:33.235,345.100,0.321045,0.504395,-0.775391,1.618,-2.763,0.359,31.71
2026-02-12 18:17:33.335,345.200,0.319092,0.505859,-0.781738,1.802,-2.794,0.145,31.66
2026-02-12 18:17:33.435,345.300,0.321533,0.508057,-0.774170,1.672,-2.779,0.092,31.51
2026-02-12 18:17:33.535,345.400,0.320801,0.505615,-0.785400,1.779,-3.153,0.275,31.51
2026-02-12 18:17:33.635,345.500,0.321533,0.503418,-0.781494,1.664,-2.664,0.183,31.51
2026-02-12 18:17:33.735,345.600,0.319824,0.505615,-0.781738,1.527,-2.931,0.504,31.51
2026-02-12 18:17:33.835,345.700,0.320068,0.507324,-0.779541,1.786,-2.718,0.351,31.46
2026-02-12 18:17:33.935,345.800,0.319092,0.508301,-0.775879,1.702,-3.015,0.527,31.51
2026-02-12 18:17:34.035,345.900,0.320557,0.505859,-0.782715,1.626,-2.939,0.435,31.66
2026-02-12 18:17:34.135,346.000,0.322266,0.510010,-0.781738,1.771,-2.931,0.405,31.66
2026-02-12 18:17:34.235,346.100,0.318359,0.506348,-0.785156,1.672,-2.893,0.275,31.46
2026-02-12 18:17:34.335,346.200,0.319824,0.507080,-0.781494,1.718,-2.504,0.496,31.71
2026-02-12 18:17:34.435,346.300,0.321045,0.505615,-0.782959,1.702,-2.756,0.145,31.76
2026-02-12 18:17:34.535,346.400,0.320557,0.509033,-0.778809,1.496,-2.672,0.061,31.56
2026-02-12 18:17:34.635,346.500,0.321777,0.503174,-0.771973,1.863,-3.038,0.221,31.46
2026-02-12 18:17:34.735,346.600,0.319092,0.504883,-0.780762,1.817,-2.977,0.359,31.71
2026-02-12 18:17:34.835,346.700,0.322510,0.505615,-0.782227,1.855,-2.763,0.351,31.51
2026-02-12 18:17:34.935,346.800,0.323242,0.507568,-0.778076,1.649,-2.527,0.321,31.76
2026-02-12 18:17:35.035,346.900,0.317871,0.506348,-0.775879,1.756,-2.595,0.527,31.46
2026-02-12 18:17:35.135,347.000,0.319336,0.508545,-0.777344,1.824,-2.832,0.321,31.66
2026-02-12 18:17:35.235,347.100,0.317871,0.507324,-0.773682,2.008,-2.931,0.435,31.51
2026-02-12 18:17:35.335,347.200,0.316406,0.503174,-0.780518,1.702,-2.725,0.504,31.56
2026-02-12 18:17:35.435,347.300,0.321777,0.505127,-0.782471,1.664,-2.656,0.145,31.71
2026-02-12 18:17:35.535,347.400,0.319824,0.506592,-0.781006,1.595,-2.893,0.359,31.51
2026-02-12 18:17:35.635,347.500,0.322266,0.508301,-0.779541,1.855,-2.687,0.183,31.71
2026-02-12 18:17:35.735,347.600,0.319824,0.504639,-0.778564,1.603,-2.893,0.427,31.76
2026-02-12 18:17:35.835,347.700,0.320068,0.507568,-0.780273,1.962,-3.076,0.130,31.56
2026-02-12 18:17:35.935,347.800,0.323242,0.506348,-0.779053,1.695,-2.634,0.565,31.66
2026-02-12 18:17:36.035,347.900,0.319580,0.507812,-0.779053,1.542,-2.634,0.244,31.66
2026-02-12 18:17:36.135,348.000,0.318848,0.504395,-0.777832,1.687,-2.885,0.214,31.66
2026-02-12 18:17:36.235,348.100,0.321777,0.509277,-0.780029,1.809,-2.817,0.260,31.46
2026-02-12 18:17:36.335,348.200,0.319580,0.507812,-0.776611,1.771,-2.786,0.145,31.51
2026-02-12 18:17:36.435,348.300,0.319092,0.508545,-0.781250,1.649,-2.802,0.237,31.76
2026-02-12 18:17:36.535,348.400,0.319580,0.507568,-0.779541,1.794,-2.885,0.282,31.51
2026-02-12 18:17:36.635,348.500,0.322998,0.507812,-0.774414,1.634,-2.855,0.611,31.71
2026-02-12 18:17:36.735,348.600,0.322754,0.506104,-0.786865,1.824,-2.802,-0.023,31.46
2026-02-12 18:17:36.835,348.700,0.321533,0.503906,-0.777832,1.702,-2.702,0.321,31.51
2026-02-12 18:17:36.935,348.800,0.319092,0.510254,-0.781006,1.786,-2.763,0.115,31.71
2026-02-12 18:17:37.035,348.900,0.319580,0.507812,-0.773193,1.725,-2.656,0.397,31.76
2026-02-12 18:17:37.135,349.000,0.317139,0.503662,-0.785400,1.733,-2.832,0.466,31.51
2026-02-12 18:17:37.235,349.100,0.322510,0.505371,-0.778809,1.679,-3.046,0.183,31.51
2026-02-12 18:17:37.335,349.200,0.318848,0.504150,-0.778564,1.824,-2.878,0.160,31.51
2026-02-12 18:17:37.435,349.300,0.322266,0.508301,-0.773193,1.855,-2.916,-0.023,31.71
2026-02-12 18:17:37.535,349.400,0.320801,0.505859,-0.780029,1.733,-2.588,0.214,31.56
2026-02-12 18:17:37.635,349.500,0.321289,0.509521,-0.779053,1.557,-2.809,0.115,31.46
2026-02-12 18:17:37.735,349.600,0.318115,0.506348,-0.778320,1.519,-2.794,0.481,31.71
2026-02-12 18:17:37.835,349.700,0.322998,0.507568,-0.778564,1.679,-2.710,0.267,31.76
2026-02-12 18:17:37.935,349.800,0.321777,0.506104,-0.782959,1.588,-2.618,0.183,31.46
2026-02-12 18:17:38.035,349.900,0.320801,0.505127,-0.785400,1.542,-3.008,0.008,31.71
2026-02-12 18:17:38.135,350.000,0.321289,0.505859,-0.783691,1.595,-2.634,0.168,31.71
2026-02-12 18:17:38.235,350.100,0.326416,0.504395,-0.784912,2.000,-2.969,0.122,31.66
2026-02-12 18:17:38.335,350.200,0.322998,0.506104,-0.773193,1.565,-3.046,0.267,31.76
2026-02-12 18:17:38.435,350.300,0.321777,0.505127,-0.781738,1.847,-2.641,0.305,31.71
2026-02-12 18:17:38.535,350.400,0.317871,0.511230,-0.782227,2.122,-2.794,0.397,31.56
2026-02-12 18:17:38.635,350.500,0.318115,0.508301,-0.775146,1.649,-2.832,0.489,31.66
2026-02-12 18:17:38.735,350.600,0.321777,0.508789,-0.784668,1.626,-2.840,0.168,31.66
2026-02-12 18:17:38.835,350.700,0.323486,0.502930,-0.776123,1.672,-2.573,0.336,31.66
2026-02-12 18:17:38.935,350.800,0.321289,0.503662,-0.789062,1.878,-2.634,0.351,31.56
2026-02-12 18:17:39.035,350.900,0.319336,0.506592,-0.783447,1.611,-2.656,0.328,31.66
2026-02-12 18:17:39.135,351.000,0.321533,0.505127,-0.780029,2.046,-2.603,0.183,31.51
2026-02-12 18:17:39.235,351.100,0.320312,0.507568,-0.778564,1.626,-3.084,0.206,31.71
2026-02-12 18:17:39.335,351.200,0.320557,0.505859,-0.777588,1.779,-2.908,0.267,31.66
2026-02-12 18:17:39.435,351.300,0.318848,0.509766,-0.779297,1.740,-2.863,0.229,31.56
2026-02-12 18:17:39.535,351.400,0.319092,0.507568,-0.776367,1.786,-2.840,0.160,31.71
2026-02-12 18:17:39.635,351.500,0.320312,0.507812,-0.777100,2.000,-3.008,0.107,31.71
2026-02-12 18:17:39.735,351.600,0.321533,0.502686,-0.778320,1.397,-2.794,0.191,31.56
2026-02-12 18:17:39.835,351.700,0.315918,0.501465,-0.776123,1.733,-3.092,0.519,31.66
2026-02-12 18:17:39.935,351.800,0.315674,0.504395,-0.782715,1.618,-2.893,0.351,31.46
2026-02-12 18:17:40.035,351.900,0.320801,0.508789,-0.783691,1.618,-3.076,0.588,31.46
2026-02-12 18:17:40.135,352.000,0.320312,0.506836,-0.783203,1.618,-2.786,0.344,31.56
2026-02-12 18:17:40.235,352.100,0.320312,0.507080,-0.783936,1.710,-2.916,-0.038,31.71
2026-02-12 18:17:40.335,352.200,0.317383,0.507812,-0.778564,1.733,-2.794,0.107,31.51
2026-02-12 18:17:40.435,352.300,0.319824,0.509033,-0.780762,1.527,-2.878,0.130,31.71
2026-02-12 18:17:40.535,352.400,0.320801,0.509766,-0.785400,1.756,-2.771,0.336,31.51
2026-02-12 18:17:40.635,352.500,0.323975,0.504883,-0.780029,1.802,-2.672,-0.084,31.46
2026-02-12 18:17:40.735,352.600,0.321045,0.507080,-0.779541,1.748,-2.840,0.206,31.51
2026-02-12 18:17:40.835,352.700,0.318848,0.504883,-0.778564,1.725,-2.985,0.237,31.56
2026-02-12 18:17:40.935,352.800,0.321777,0.507324,-0.777832,1.840,-2.840,0.305,31.66
2026-02-12 18:17:41.035,352.900,0.321777,0.504639,-0.774902,1.718,-3.038,0.145,31.51
2026-02-12 18:17:41.135,353.000,0.322998,0.505859,-0.777588,1.695,-3.290,0.176,31.66
2026-02-12 18:17:41.235,353.100,0.320312,0.504639,-0.779785,1.611,-2.924,0.389,31.51
2026-02-12 18:17:41.335,353.200,0.324707,0.507568,-0.776855,1.916,-2.954,0.420,31.76
2026-02-12 18:17:41.435,353.300,0.320557,0.504639,-0.789795,1.901,-3.008,0.221,31.66
2026-02-12 18:17:41.535,353.400,0.318604,0.506348,-0.780518,1.763,-3.008,0.221,32.05
2026-02-12 18:17:41.635,353.500,0.317139,0.511963,-0.775146,1.664,-2.855,0.115,31.56
2026-02-12 18:17:41.735,353.600,0.319336,0.505859,-0.780518,1.550,-2.947,0.336,31.46
2026-02-12 18:17:41.835,353.700,0.315430,0.506592,-0.783447,1.473,-2.695,0.160,31.66
2026-02-12 18:17:41.935,353.800,0.319336,0.503418,-0.781006,1.656,-2.878,0.183,31.51
2026-02-12 18:17:42.035,353.900,0.321777,0.507568,-0.780518,1.702,-2.885,0.191,31.56
2026-02-12 18:17:42.135,354.000,0.317627,0.507080,-0.778809,1.649,-3.008,0.275,31.51
2026-02-12 18:17:42.235,354.100,0.322266,0.508057,-0.780518,1.649,-2.794,0.603,31.56
2026-02-12 18:17:42.335,354.200,0.322510,0.502686,-0.780029,1.496,-2.954,0.496,31.56
2026-02-12 18:17:42.435,354.300,0.322021,0.508789,-0.781250,1.473,-2.702,0.542,31.71
2026-02-12 18:17:42.535,354.400,0.318115,0.507324,-0.780518,1.664,-2.580,0.382,31.51
2026-02-12 18:17:42.635,354.500,0.318359,0.506836,-0.785645,1.618,-2.702,0.076,31.56
2026-02-12 18:17:42.735,354.600,0.320557,0.504639,-0.781982,1.794,-2.595,0.183,31.56
2026-02-12 18:17:42.835,354.700,0.318604,0.509521,-0.782227,1.756,-2.687,0.061,31.71
2026-02-12 18:17:42.935,354.800,0.314941,0.508057,-0.785156,1.802,-3.023,0.580,31.66
2026-02-12 18:17:43.035,354.900,0.325684,0.506836,-0.780518,1.565,-3.076,0.397,31.66
2026-02-12 18:17:43.135,355.000,0.320068,0.503906,-0.779053,1.939,-2.870,0.511,31.56
2026-02-12 18:17:43.235,355.100,0.318115,0.508545,-0.779053,1.534,-2.763,0.550,31.85
2026-02-12 18:17:43.335,355.200,0.324463,0.507568,-0.781494,1.817,-2.954,0.603,31.66
2026-02-12 18:17:43.435,355.300,0.322998,0.509033,-0.777832,1.641,-3.061,0.504,31.56
2026-02-12 18:17:43.535,355.400,0.320312,0.504639,-0.784912,1.641,-2.786,0.237,31.56
2026-02-12 18:17:43.635,355.500,0.321045,0.503906,-0.779053,1.359,-2.779,0.176,31.51
2026-02-12 18:17:43.735,355.600,0.323242,0.501221,-0.773926,1.763,-2.916,0.206,31.51
2026-02-12 18:17:43.835,355.700,0.319824,0.505615,-0.785156,1.817,-2.824,0.321,31.66
2026-02-12 18:17:43.935,355.800,0.322266,0.505371,-0.777832,1.710,-2.870,0.260,31.51
2026-02-12 18:17:44.035,355.900,0.322998,0.509766,-0.782471,1.679,-2.908,0.221,31.71
2026-02-12 18:17:44.135,356.000,0.320557,0.505859,-0.770996,1.740,-2.771,0.137,31.71
2026-02-12 18:17:44.235,356.100,0.323486,0.504150,-0.782715,1.634,-2.939,0.076,31.66
2026-02-12 18:17:44.335,356.200,0.318848,0.506836,-0.774658,1.649,-3.023,0.443,31.71
2026-02-12 18:17:44.435,356.300,0.323242,0.508057,-0.778564,1.809,-2.779,0.153,31.66
2026-02-12 18:17:44.535,356.400,0.320312,0.511230,-0.773193,1.863,-2.847,0.389,31.66
2026-02-12 18:17:44.635,356.500,0.321045,0.505859,-0.779053,1.550,-2.916,0.260,31.51
2026-02-12 18:17:44.735,356.600,0.321289,0.506348,-0.776855,1.870,-3.137,0.481,31.56
2026-02-12 18:17:44.835,356.700,0.318115,0.504883,-0.779541,1.794,-2.969,0.282,31.71
2026-02-12 18:17:44.935,356.800,0.318848,0.507812,-0.779785,1.840,-2.473,0.260,31.36
2026-02-12 18:17:45.035,356.900,0.322266,0.506836,-0.782227,1.748,-2.794,0.176,31.66
2026-02-12 18:17:45.135,357.000,0.323242,0.508057,-0.775146,1.718,-2.878,0.527,31.71
2026-02-12 18:17:45.235,357.100,0.322510,0.506592,-0.778809,1.756,-3.015,0.229,31.51
2026-02-12 18:17:45.335,357.200,0.322510,0.510254,-0.779785,1.756,-3.015,0.282,31.17
2026-02-12 18:17:45.435,357.300,0.322754,0.503662,-0.776367,1.901,-3.015,0.397,31.71
2026-02-12 18:17:45.535,357.400,0.317627,0.504395,-0.781494,1.786,-2.710,0.435,31.71
2026-02-12 18:17:45.635,357.500,0.326904,0.503662,-0.776611,1.710,-2.550,-0.008,31.76
2026-02-12 18:17:45.735,357.600,0.318604,0.506836,-0.778809,1.672,-2.748,0.275,31.56
2026-02-12 18:17:45.835,357.700,0.320068,0.505615,-0.782715,1.878,-3.015,0.427,31.56
2026-02-12 18:17:45.935,357.800,0.319336,0.507324,-0.779541,1.565,-2.687,0.153,31.71
2026-02-12 18:17:46.035,357.900,0.319092,0.508545,-0.786133,2.168,-2.878,0.313,31.76
2026-02-12 18:17:46.135,358.000,0.323975,0.505615,-0.782471,1.901,-3.282,0.336,31.66
2026-02-12 18:17:46.235,358.100,0.323730,0.504150,-0.780029,1.702,-2.939,0.389,31.85
2026-02-12 18:17:46.335,358.200,0.321777,0.508545,-0.780762,1.794,-2.878,0.382,31.66
2026-02-12 18:17:46.435,358.300,0.320801,0.506592,-0.776855,1.725,-3.000,0.466,31.51
2026-02-12 18:17:46.535,358.400,0.319336,0.506104,-0.779785,1.534,-2.603,0.344,31.76
2026-02-12 18:17:46.635,358.500,0.316895,0.506836,-0.782227,1.298,-2.939,0.321,31.85
2026-02-12 18:17:46.735,358.600,0.321533,0.508301,-0.778076,1.756,-2.763,0.267,31.36
2026-02-12 18:17:46.835,358.700,0.318115,0.504639,-0.775146,1.534,-2.916,0.115,31.66
2026-02-12 18:17:46.935,358.800,0.321533,0.503906,-0.784668,1.847,-2.985,0.198,31.76
2026-02-12 18:17:47.035,358.900,0.320801,0.504883,-0.780029,1.618,-3.084,0.153,31.51
2026-02-12 18:17:47.135,359.000,0.325928,0.506348,-0.781250,1.565,-2.824,0.504,31.76
2026-02-12 18:17:47.235,359.100,0.322021,0.507568,-0.775146,1.786,-2.954,0.305,31.46
2026-02-12 18:17:47.335,359.200,0.316895,0.509277,-0.779053,1.420,-2.779,0.252,31.66
2026-02-12 18:17:47.435,359.300,0.319580,0.505615,-0.775635,1.771,-2.832,0.298,31.02
2026-02-12 18:17:47.535,359.400,0.317871,0.506592,-0.783936,1.763,-2.847,0.489,31.76
2026-02-12 18:17:47.635,359.500,0.321289,0.505371,-0.776855,1.664,-2.710,0.130,31.56
2026-02-12 18:17:47.735,359.600,0.321289,0.505859,-0.775146,1.595,-2.985,0.336,31.51
2026-02-12 18:17:47.835,359.700,0.319824,0.505127,-0.778076,1.595,-2.985,0.443,31.22
2026-02-12 18:17:47.935,359.800,0.319092,0.505371,-0.780029,1.664,-2.855,0.237,31.66
2026-02-12 18:17:48.035,359.900,0.320801,0.504883,-0.781982,1.687,-2.855,0.260,31.66
2026-02-12 18:17:48.135,360.000,0.323486,0.506348,-0.777100,1.595,-2.847,0.260,31.71
2026-02-12 18:17:48.235,360.100,0.321289,0.509277,-0.778809,1.763,-3.008,0.519,31.46
2026-02-12 18:17:48.335,360.200,0.320312,0.510986,-0.777588,1.565,-2.992,0.191,31.66
2026-02-12 18:17:48.435,360.300,0.318848,0.507324,-0.783691,1.748,-2.649,0.397,31.46
2026-02-12 18:17:48.535,360.400,0.321289,0.506592,-0.779297,2.015,-3.084,0.153,31.36
2026-02-12 18:17:48.635,360.500,0.316406,0.510742,-0.778076,1.901,-2.969,0.267,31.46
2026-02-12 18:17:48.735,360.600,0.324219,0.507080,-0.781738,1.794,-2.710,0.183,31.66
2026-02-12 18:17:48.835,360.700,0.320801,0.510498,-0.780762,1.603,-2.863,0.008,31.71
2026-02-12 18:17:48.935,360.800,0.321533,0.504150,-0.781982,1.824,-2.779,0.130,31.51
2026-02-12 18:17:49.035,360.900,0.323975,0.505859,-0.777832,1.412,-2.763,0.298,31.56
2026-02-12 18:17:49.135,361.000,0.317871,0.505371,-0.778320,1.985,-2.824,0.290,31.66
2026-02-12 18:17:49.235,361.100,0.318848,0.507324,-0.779785,1.656,-3.031,0.466,31.56
2026-02-12 18:17:49.335,361.200,0.319336,0.509277,-0.780762,1.550,-2.634,0.588,31.36
2026-02-12 18:17:49.435,361.300,0.320557,0.508301,-0.778809,1.756,-2.824,0.252,31.66
2026-02-12 18:17:49.535,361.400,0.321289,0.507812,-0.780029,1.718,-2.847,0.557,31.71
2026-02-12 18:17:49.635,361.500,0.319092,0.508301,-0.784912,1.847,-2.771,0.099,31.66
2026-02-12 18:17:49.735,361.600,0.317139,0.508789,-0.775146,1.649,-2.756,0.130,31.51
2026-02-12 18:17:49.835,361.700,0.319336,0.510498,-0.783691,1.656,-2.885,0.168,31.51
2026-02-12 18:17:49.935,361.800,0.319336,0.506836,-0.780518,1.763,-2.916,0.328,31.66
2026-02-12 18:17:50.035,361.900,0.320557,0.507568,-0.776611,1.916,-2.847,0.076,31.76
2026-02-12 18:17:50.135,362.000,0.321289,0.505127,-0.779053,1.893,-2.740,0.496,31.51
2026-02-12 18:17:50.235,362.100,0.325684,0.506592,-0.784424,1.618,-3.107,0.008,31.76
2026-02-12 18:17:50.335,362.200,0.320068,0.506836,-0.779541,1.817,-2.718,0.565,31.66
2026-02-12 18:17:50.435,362.300,0.319336,0.508545,-0.777344,1.603,-2.969,0.244,31.51
2026-02-12 18:17:50.535,362.400,0.322754,0.507324,-0.774170,1.725,-2.809,0.321,31.76
2026-02-12 18:17:50.635,362.500,0.320312,0.502441,-0.780762,1.527,-2.786,-0.053,31.66
2026-02-12 18:17:50.735,362.600,0.322266,0.505371,-0.779053,1.794,-3.023,0.458,31.51
2026-02-12 18:17:50.835,362.700,0.315674,0.504639,-0.784424,1.664,-2.908,0.267,31.71
2026-02-12 18:17:50.935,362.800,0.322021,0.506836,-0.781250,1.695,-2.962,0.595,31.76
2026-02-12 18:17:51.035,362.900,0.321045,0.508789,-0.782715,1.779,-2.840,0.298,31.51
2026-02-12 18:17:51.135,363.000,0.320068,0.508789,-0.779541,1.718,-2.725,0.557,31.66
2026-02-12 18:17:51.235,363.100,0.316650,0.506836,-0.774902,1.832,-2.931,0.229,31.51
2026-02-12 18:17:51.335,363.200,0.319336,0.508057,-0.780518,1.733,-2.855,0.275,31.71
2026-02-12 18:17:51.435,363.300,0.323730,0.504395,-0.781006,1.931,-2.824,0.298,31.66
2026-02-12 18:17:51.535,363.400,0.319092,0.509521,-0.788818,1.473,-2.725,0.252,31.71
2026-02-12 18:17:51.635,363.500,0.323486,0.508057,-0.782471,1.450,-2.809,0.244,31.56
2026-02-12 18:17:51.735,363.600,0.321533,0.508545,-0.775635,1.710,-2.840,0.130,31.66
2026-02-12 18:17:51.835,363.700,0.317139,0.508789,-0.782471,1.664,-2.893,0.389,31.51
2026-02-12 18:17:51.935,363.800,0.318848,0.504150,-0.779297,1.779,-3.015,0.328,31.66
2026-02-12 18:17:52.035,363.900,0.318359,0.504639,-0.781738,1.649,-2.802,0.282,31.56
2026-02-12 18:17:52.135,364.000,0.318848,0.509277,-0.777344,1.626,-3.000,0.718,31.66
2026-02-12 18:17:52.235,364.100,0.320801,0.510254,-0.776367,1.863,-2.634,0.046,31.66
2026-02-12 18:17:52.335,364.200,0.320801,0.504883,-0.780762,1.878,-2.939,0.481,31.71
2026-02-12 18:17:52.435,364.300,0.322510,0.505615,-0.779541,1.435,-2.786,0.298,31.76
2026-02-12 18:17:52.535,364.400,0.320557,0.506348,-0.779785,1.656,-2.985,0.405,31.66
2026-02-12 18:17:52.635,364.500,0.317871,0.507324,-0.783203,1.664,-2.840,0.198,31.51
2026-02-12 18:17:52.735,364.600,0.317627,0.509033,-0.781982,1.672,-2.664,0.336,31.66
2026-02-12 18:17:52.835,364.700,0.322510,0.504395,-0.778320,1.649,-2.863,0.221,31.71
2026-02-12 18:17:52.935,364.800,0.322754,0.504639,-0.776855,1.725,-2.947,0.573,31.51
2026-02-12 18:17:53.035,364.900,0.320557,0.507812,-0.777344,1.771,-2.687,0.191,31.66
2026-02-12 18:17:53.135,365.000,0.319092,0.506836,-0.781982,1.641,-2.802,0.313,31.71
2026-02-12 18:17:53.235,365.100,0.321045,0.504883,-0.780762,1.817,-2.786,0.328,31.66
2026-02-12 18:17:53.335,365.200,0.322510,0.507080,-0.787842,1.870,-2.809,0.145,31.56
2026-02-12 18:17:53.435,365.300,0.320801,0.504883,-0.779053,1.855,-2.748,0.153,31.36
2026-02-12 18:17:53.535,365.400,0.321777,0.507568,-0.774414,1.771,-3.099,0.389,31.66
2026-02-12 18:17:53.635,365.500,0.322754,0.504883,-0.774902,1.924,-2.626,0.366,31.66
2026-02-12 18:17:53.735,365.600,0.324463,0.505859,-0.780762,1.817,-2.885,0.618,31.76
2026-02-12 18:17:53.835,365.700,0.322510,0.508301,-0.775146,1.626,-3.176,0.366,31.71
2026-02-12 18:17:53.935,365.800,0.319092,0.505371,-0.779785,1.794,-2.847,0.244,31.76
2026-02-12 18:17:54.035,365.900,0.321777,0.504395,-0.774658,1.534,-2.863,0.198,31.66
2026-02-12 18:17:54.135,366.000,0.324219,0.510254,-0.782471,1.626,-2.809,0.221,31.71
2026-02-12 18:17:54.235,366.100,0.321533,0.501709,-0.783936,1.656,-2.603,0.473,31.46
2026-02-12 18:17:54.335,366.200,0.322021,0.504639,-0.777832,1.786,-2.595,0.290,31.56
2026-02-12 18:17:54.435,366.300,0.320557,0.505859,-0.779541,1.710,-2.885,0.221,31.51
2026-02-12 18:17:54.535,366.400,0.326416,0.504150,-0.780273,1.794,-3.092,0.046,31.66
2026-02-12 18:17:54.635,366.500,0.320068,0.504150,-0.784424,1.817,-2.947,0.344,31.76
2026-02-12 18:17:54.735,366.600,0.319092,0.508057,-0.784668,1.634,-2.786,0.237,31.66
2026-02-12 18:17:54.835,366.700,0.317139,0.506104,-0.777100,1.664,-2.763,0.366,31.46
2026-02-12 18:17:54.935,366.800,0.320312,0.503662,-0.783203,1.771,-2.779,0.489,31.66
2026-02-12 18:17:55.035,366.900,0.319580,0.504395,-0.780762,1.893,-2.870,0.374,31.51
2026-02-12 18:17:55.135,367.000,0.323730,0.504395,-0.780029,1.786,-3.061,0.313,31.56
2026-02-12 18:17:55.235,367.100,0.321533,0.504883,-0.781494,1.595,-2.977,0.206,31.66
2026-02-12 18:17:55.335,367.200,0.321289,0.508545,-0.779297,1.832,-2.878,0.183,31.71
2026-02-12 18:17:55.435,367.300,0.321045,0.506104,-0.772949,1.840,-2.733,-0.023,31.46
2026-02-12 18:17:55.535,367.400,0.322510,0.504883,-0.779053,1.969,-2.817,0.458,31.76
2026-02-12 18:17:55.635,367.500,0.319336,0.506348,-0.780518,1.710,-2.916,0.511,31.46
2026-02-12 18:17:55.735,367.600,0.320801,0.503906,-0.775146,1.908,-2.733,0.366,31.71
2026-02-12 18:17:55.835,367.700,0.320801,0.507324,-0.779785,1.511,-2.786,0.214,31.46
2026-02-12 18:17:55.935,367.800,0.318848,0.510986,-0.781982,1.740,-2.794,0.069,31.56
2026-02-12 18:17:56.035,367.900,0.318115,0.504883,-0.778564,1.969,-2.924,0.076,31.66
2026-02-12 18:17:56.135,368.000,0.323975,0.505371,-0.783203,1.855,-2.840,0.229,31.36
2026-02-12 18:17:56.235,368.100,0.319092,0.506348,-0.779785,1.748,-2.756,0.382,31.76
2026-02-12 18:17:56.335,368.200,0.320312,0.505859,-0.775879,1.710,-2.832,0.214,31.66
2026-02-12 18:17:56.435,368.300,0.320312,0.508301,-0.782959,1.885,-2.824,0.344,31.66
2026-02-12 18:17:56.535,368.400,0.324951,0.508545,-0.782715,1.809,-3.015,0.153,31.51
2026-02-12 18:17:56.635,368.500,0.319824,0.506104,-0.774902,1.786,-2.863,0.221,31.66
2026-02-12 18:17:56.735,368.600,0.321533,0.506836,-0.776611,1.756,-2.870,0.122,31.66
2026-02-12 18:17:56.835,368.700,0.323975,0.506348,-0.774170,1.710,-2.672,0.435,31.46
2026-02-12 18:17:56.935,368.800,0.319092,0.505859,-0.779541,1.450,-2.878,-0.069,31.71
2026-02-12 18:17:57.035,368.900,0.320801,0.507324,-0.781982,1.847,-2.786,0.359,31.66
2026-02-12 18:17:57.135,369.000,0.319092,0.505127,-0.782471,1.756,-2.809,0.023,31.51
2026-02-12 18:17:57.235,369.100,0.322754,0.503906,-0.781250,1.832,-2.924,0.366,31.46
2026-02-12 18:17:57.335,369.200,0.319580,0.504150,-0.779541,1.542,-2.611,0.229,31.56
2026-02-12 18:17:57.435,369.300,0.320801,0.506836,-0.781982,1.809,-2.901,0.252,31.71
2026-02-12 18:17:57.535,369.400,0.321777,0.501953,-0.775879,1.626,-2.832,0.351,31.71
2026-02-12 18:17:57.635,369.500,0.319092,0.509033,-0.776123,1.565,-2.901,0.366,31.71
2026-02-12 18:17:57.735,369.600,0.321045,0.505127,-0.782715,1.649,-2.924,0.260,31.71
2026-02-12 18:17:57.835,369.700,0.321533,0.509033,-0.778320,1.656,-2.756,0.450,31.71
2026-02-12 18:17:57.935,369.800,0.322021,0.505371,-0.783203,1.634,-2.794,0.229,31.46
2026-02-12 18:17:58.035,369.900,0.324707,0.506104,-0.783447,1.969,-2.947,0.420,32.00
2026-02-12 18:17:58.135,370.000,0.318604,0.508057,-0.777344,1.695,-2.664,-0.176,31.51
2026-02-12 18:17:58.235,370.100,0.322266,0.506348,-0.784424,1.718,-2.656,-0.015,31.36
2026-02-12 18:17:58.335,370.200,0.320557,0.505859,-0.785889,1.733,-3.015,0.351,31.51
2026-02-12 18:17:58.435,370.300,0.320312,0.505859,-0.777832,1.695,-2.794,0.336,31.71
2026-02-12 18:17:58.535,370.400,0.324707,0.504883,-0.780762,1.565,-2.725,0.458,31.76
2026-02-12 18:17:58.635,370.500,0.320557,0.505615,-0.779297,1.901,-2.672,0.260,31.66
2026-02-12 18:17:58.735,370.600,0.320312,0.507324,-0.781738,1.832,-2.733,0.145,31.71
2026-02-12 18:17:58.835,370.700,0.317627,0.510254,-0.784912,1.832,-2.802,0.344,31.71
2026-02-12 18:17:58.935,370.800,0.321045,0.506104,-0.776855,1.855,-2.756,0.137,31.51
2026-02-12 18:17:59.035,370.900,0.321777,0.509033,-0.786377,1.534,-3.069,0.000,31.36
2026-02-12 18:17:59.135,371.000,0.322266,0.504883,-0.780518,1.725,-2.710,0.275,31.71
2026-02-12 18:17:59.235,371.100,0.320801,0.502441,-0.778564,1.756,-2.939,0.298,31.51
2026-02-12 18:17:59.335,371.200,0.317383,0.510010,-0.780762,1.664,-2.840,0.183,31.71
2026-02-12 18:17:59.435,371.300,0.320068,0.503906,-0.779297,2.084,-2.802,0.214,31.71
2026-02-12 18:17:59.535,371.400,0.324707,0.507324,-0.780762,2.023,-2.656,0.260,31.71
2026-02-12 18:17:59.635,371.500,0.321045,0.509033,-0.780273,1.634,-2.641,0.244,31.51
2026-02-12 18:17:59.735,371.600,0.321289,0.505127,-0.778809,1.595,-3.000,0.420,31.66
2026-02-12 18:17:59.835,371.700,0.321289,0.508789,-0.781494,1.641,-2.733,0.191,31.76
2026-02-12 18:17:59.935,371.800,0.317627,0.504639,-0.775391,1.527,-2.672,0.473,31.71
2026-02-12 18:18:00.035,371.900,0.318359,0.506836,-0.780762,1.481,-2.763,0.252,31.46
2026-02-12 18:18:00.135,372.000,0.317139,0.506592,-0.780762,1.802,-2.748,0.160,31.51
2026-02-12 18:18:00.235,372.100,0.318115,0.509277,-0.775146,1.748,-2.740,0.214,31.46
2026-02-12 18:18:00.335,372.200,0.317139,0.504639,-0.780273,1.756,-3.000,0.023,31.66
2026-02-12 18:18:00.435,372.300,0.323242,0.504639,-0.780273,1.809,-2.893,0.313,32.00
2026-02-12 18:18:00.535,372.400,0.321777,0.511230,-0.784424,1.626,-2.771,0.023,31.85
2026-02-12 18:18:00.635,372.500,0.320557,0.511230,-0.778564,1.519,-2.954,0.168,31.51
2026-02-12 18:18:00.735,372.600,0.324951,0.510010,-0.781006,1.863,-2.855,0.649,31.76
2026-02-12 18:18:00.835,372.700,0.322754,0.503662,-0.783203,1.748,-2.832,0.115,31.71
2026-02-12 18:18:00.935,372.800,0.321045,0.504639,-0.782471,1.405,-2.931,0.511,31.71
2026-02-12 18:18:01.035,372.900,0.318359,0.507080,-0.773682,1.611,-2.740,0.038,31.56
2026-02-12 18:18:01.135,373.000,0.318115,0.507568,-0.777588,1.847,-2.550,0.427,31.66
2026-02-12 18:18:01.235,373.100,0.320801,0.505615,-0.779053,1.588,-3.130,0.275,31.90
2026-02-12 18:18:01.335,373.200,0.320557,0.507568,-0.777832,1.916,-2.802,0.511,31.36
2026-02-12 18:18:01.435,373.300,0.318359,0.507324,-0.775879,1.786,-2.763,0.397,31.56
2026-02-12 18:18:01.535,373.400,0.322266,0.506104,-0.783447,1.733,-2.931,0.687,31.46
2026-02-12 18:18:01.635,373.500,0.321289,0.508057,-0.781738,1.710,-2.832,0.351,31.76
2026-02-12 18:18:01.735,373.600,0.322266,0.507080,-0.778320,1.870,-2.702,0.061,31.71
2026-02-12 18:18:01.835,373.700,0.320312,0.507324,-0.776611,1.725,-2.992,0.565,31.71
2026-02-12 18:18:01.935,373.800,0.320557,0.505127,-0.781738,1.924,-2.756,0.176,31.85
2026-02-12 18:18:02.035,373.900,0.324463,0.506104,-0.777832,1.656,-2.725,0.237,31.66
2026-02-12 18:18:02.135,374.000,0.317139,0.507324,-0.776123,1.702,-3.092,0.206,31.71
2026-02-12 18:18:02.235,374.100,0.319336,0.507324,-0.776367,1.840,-2.832,0.275,31.85
2026-02-12 18:18:02.335,374.200,0.323730,0.505615,-0.777344,1.679,-2.947,0.252,31.51
2026-02-12 18:18:02.435,374.300,0.324219,0.506348,-0.783203,1.870,-2.878,0.130,31.66
2026-02-12 18:18:02.535,374.400,0.320801,0.505615,-0.783447,1.443,-2.756,0.313,31.71
2026-02-12 18:18:02.635,374.500,0.317383,0.508789,-0.781982,1.511,-2.740,0.328,31.71
2026-02-12 18:18:02.735,374.600,0.318848,0.507812,-0.777344,1.748,-2.954,0.206,31.66
2026-02-12 18:18:02.835,374.700,0.322998,0.505371,-0.777588,1.618,-2.832,0.504,31.76
2026-02-12 18:18:02.935,374.800,0.319336,0.507080,-0.780762,1.718,-3.015,0.687,31.56
2026-02-12 18:18:03.035,374.900,0.317627,0.507080,-0.780518,1.794,-2.863,0.092,31.66
2026-02-12 18:18:03.135,375.000,0.319336,0.506592,-0.784424,1.565,-2.916,0.405,31.56
2026-02-12 18:18:03.235,375.100,0.319336,0.504639,-0.783203,1.603,-3.000,0.328,31.46
2026-02-12 18:18:03.335,375.200,0.318115,0.505371,-0.780762,1.855,-2.962,0.252,31.71
2026-02-12 18:18:03.435,375.300,0.323486,0.506836,-0.784912,1.756,-2.794,0.244,31.66
2026-02-12 18:18:03.535,375.400,0.323486,0.507324,-0.780518,1.618,-2.901,0.511,31.51
2026-02-12 18:18:03.635,375.500,0.320557,0.507324,-0.780273,1.626,-2.809,0.435,31.56
2026-02-12 18:18:03.735,375.600,0.320801,0.508545,-0.780273,1.603,-2.954,0.168,31.71
2026-02-12 18:18:03.835,375.700,0.318848,0.508545,-0.782959,1.931,-3.008,0.427,31.76
2026-02-12 18:18:03.935,375.800,0.322266,0.505371,-0.776855,1.725,-2.931,0.282,31.66
2026-02-12 18:18:04.035,375.900,0.318848,0.504150,-0.780518,1.847,-2.855,0.557,31.66
2026-02-12 18:18:04.135,376.000,0.318359,0.509033,-0.781250,1.710,-2.924,0.153,31.66
2026-02-12 18:18:04.235,376.100,0.319336,0.506104,-0.782959,1.580,-2.832,0.359,31.76
2026-02-12 18:18:04.335,376.200,0.319580,0.505615,-0.779785,1.855,-3.000,0.405,31.90
2026-02-12 18:18:04.435,376.300,0.321289,0.503906,-0.783447,1.885,-2.916,0.160,31.66
2026-02-12 18:18:04.535,376.400,0.324219,0.506104,-0.782471,1.595,-2.748,0.458,31.66
2026-02-12 18:18:04.635,376.500,0.319336,0.510010,-0.779785,1.740,-2.748,0.267,31.71
2026-02-12 18:18:04.735,376.600,0.320557,0.511230,-0.779297,1.763,-2.756,0.435,31.66
2026-02-12 18:18:04.835,376.700,0.316650,0.508789,-0.782227,1.962,-2.969,0.130,31.51
2026-02-12 18:18:04.935,376.800,0.316650,0.504883,-0.776123,1.939,-3.099,0.092,31.71
2026-02-12 18:18:05.035,376.900,0.319580,0.507812,-0.782959,1.840,-2.748,0.237,31.66
2026-02-12 18:18:05.135,377.000,0.324219,0.508789,-0.784912,1.718,-2.802,0.115,31.71
2026-02-12 18:18:05.235,377.100,0.319580,0.507812,-0.786377,1.939,-2.824,0.511,31.66
2026-02-12 18:18:05.335,377.200,0.321777,0.505127,-0.782227,1.527,-2.893,0.198,31.90
2026-02-12 18:18:05.435,377.300,0.320801,0.503906,-0.781006,1.687,-2.962,0.313,31.76
2026-02-12 18:18:05.535,377.400,0.323486,0.505127,-0.779785,1.748,-3.084,0.206,31.46
2026-02-12 18:18:05.635,377.500,0.317139,0.511719,-0.780273,1.832,-2.748,0.198,31.51
2026-02-12 18:18:05.735,377.600,0.321289,0.510742,-0.780273,1.565,-2.817,0.321,31.76
2026-02-12 18:18:05.835,377.700,0.318115,0.508057,-0.779541,1.672,-2.947,0.298,31.71
2026-02-12 18:18:05.935,377.800,0.323975,0.507568,-0.779541,1.931,-2.992,0.206,31.76
2026-02-12 18:18:06.035,377.900,0.321777,0.506836,-0.780273,1.939,-2.985,0.176,31.71
2026-02-12 18:18:06.135,378.000,0.319336,0.505371,-0.784668,1.756,-2.931,0.191,31.51
2026-02-12 18:18:06.235,378.100,0.319336,0.504883,-0.779785,1.679,-2.573,0.344,31.56
2026-02-12 18:18:06.335,378.200,0.319336,0.506104,-0.785645,1.840,-3.305,0.282,31.71
2026-02-12 18:18:06.435,378.300,0.316406,0.504639,-0.780518,1.634,-2.565,0.198,31.90
2026-02-12 18:18:06.535,378.400,0.321533,0.510010,-0.778809,1.664,-2.855,0.168,31.76
2026-02-12 18:18:06.635,378.500,0.318848,0.505859,-0.774414,1.779,-3.130,0.313,31.51
2026-02-12 18:18:06.735,378.600,0.318604,0.508057,-0.782227,1.809,-2.885,0.321,31.66
2026-02-12 18:18:06.835,378.700,0.319580,0.505859,-0.781006,1.702,-2.634,0.389,31.85
2026-02-12 18:18:06.935,378.800,0.317627,0.505615,-0.779785,1.885,-2.885,0.252,31.76
2026-02-12 18:18:07.035,378.900,0.320557,0.508545,-0.784668,1.550,-2.695,0.229,31.90
2026-02-12 18:18:07.135,379.000,0.319580,0.508545,-0.778809,1.710,-2.672,0.282,31.90
2026-02-12 18:18:07.235,379.100,0.319092,0.505859,-0.777100,1.710,-2.824,0.298,31.76
2026-02-12 18:18:07.335,379.200,0.317383,0.504883,-0.781494,1.595,-2.817,0.595,31.46
2026-02-12 18:18:07.435,379.300,0.319824,0.504883,-0.777588,1.695,-2.840,0.191,31.66
2026-02-12 18:18:07.535,379.400,0.323730,0.507324,-0.778564,1.763,-2.847,0.160,31.76
2026-02-12 18:18:07.635,379.500,0.322266,0.507812,-0.782471,1.664,-2.794,0.290,31.71
2026-02-12 18:18:07.735,379.600,0.318359,0.505615,-0.781250,1.901,-2.840,0.412,31.85
2026-02-12 18:18:07.835,379.700,0.319580,0.510498,-0.778320,1.634,-2.733,0.244,31.71
2026-02-12 18:18:07.935,379.800,0.313965,0.507812,-0.778076,1.618,-2.878,0.275,31.71
2026-02-12 18:18:08.035,379.900,0.323242,0.507324,-0.779785,1.756,-2.992,-0.031,31.76
2026-02-12 18:18:08.135,380.000,0.319824,0.508545,-0.779785,1.870,-2.473,0.076,31.71
2026-02-12 18:18:08.235,380.100,0.323730,0.508545,-0.778076,1.710,-2.817,0.290,31.56
2026-02-12 18:18:08.335,380.200,0.319580,0.509277,-0.781494,1.794,-2.748,0.290,31.36
2026-02-12 18:18:08.435,380.300,0.319824,0.505859,-0.779297,1.756,-2.954,0.160,31.85
2026-02-12 18:18:08.535,380.400,0.318848,0.507324,-0.787354,1.779,-2.725,0.366,31.51
2026-02-12 18:18:08.635,380.500,0.320801,0.509521,-0.776367,1.473,-2.870,0.099,31.76
2026-02-12 18:18:08.735,380.600,0.321533,0.507812,-0.782471,1.473,-2.618,0.321,31.76
2026-02-12 18:18:08.835,380.700,0.321533,0.506104,-0.784912,1.794,-2.695,0.130,31.56
2026-02-12 18:18:08.935,380.800,0.318604,0.504150,-0.779297,1.580,-2.962,0.244,31.76
2026-02-12 18:18:09.035,380.900,0.319580,0.504150,-0.779541,1.725,-2.954,0.084,31.76
2026-02-12 18:18:09.135,381.000,0.320801,0.507568,-0.781006,1.718,-2.878,0.260,31.66
2026-02-12 18:18:09.235,381.100,0.320801,0.509033,-0.782715,1.611,-3.252,0.191,31.71
2026-02-12 18:18:09.335,381.200,0.318848,0.501709,-0.782227,1.763,-2.977,0.168,32.00
2026-02-12 18:18:09.435,381.300,0.319336,0.508301,-0.775635,1.817,-2.565,0.084,31.66
2026-02-12 18:18:09.535,381.400,0.318604,0.503174,-0.778320,1.824,-2.832,0.466,31.46
2026-02-12 18:18:09.635,381.500,0.319824,0.506592,-0.778320,1.511,-2.939,0.267,31.85
2026-02-12 18:18:09.735,381.600,0.320312,0.504395,-0.785400,1.893,-2.649,0.389,31.76
2026-02-12 18:18:09.835,381.700,0.321289,0.503662,-0.779785,1.603,-3.038,0.382,31.66
2026-02-12 18:18:09.935,381.800,0.318604,0.508301,-0.785156,1.641,-2.771,0.244,31.76
2026-02-12 18:18:10.035,381.900,0.319580,0.506104,-0.785400,1.519,-2.740,0.160,31.51
2026-02-12 18:18:10.135,382.000,0.321777,0.508789,-0.778809,1.473,-2.779,0.267,31.76
2026-02-12 18:18:10.235,382.100,0.322754,0.505615,-0.786377,1.702,-3.084,0.336,31.71
2026-02-12 18:18:10.335,382.200,0.319580,0.504883,-0.781006,1.603,-2.756,0.115,31.66
2026-02-12 18:18:10.435,382.300,0.319336,0.504639,-0.783203,1.786,-2.855,0.290,31.71
2026-02-12 18:18:10.535,382.400,0.319092,0.506348,-0.785400,1.954,-2.977,0.275,31.71
2026-02-12 18:18:10.635,382.500,0.320068,0.503906,-0.781738,1.870,-2.855,0.237,31.66
2026-02-12 18:18:10.735,382.600,0.322510,0.508789,-0.777344,1.756,-2.969,0.290,31.71
2026-02-12 18:18:10.835,382.700,0.324951,0.508057,-0.777832,1.573,-3.115,0.389,31.71
2026-02-12 18:18:10.935,382.800,0.324463,0.509521,-0.771729,1.710,-3.061,0.305,31.71
2026-02-12 18:18:11.035,382.900,0.319580,0.505371,-0.782959,1.847,-2.817,0.374,31.66
2026-02-12 18:18:11.135,383.000,0.319580,0.507080,-0.781494,1.679,-3.076,0.527,31.51
2026-02-12 18:18:11.235,383.100,0.317627,0.505127,-0.777344,1.534,-2.870,-0.015,31.71
2026-02-12 18:18:11.335,383.200,0.319092,0.509277,-0.780762,1.611,-2.748,0.550,31.66
2026-02-12 18:18:11.435,383.300,0.322510,0.508789,-0.780273,1.557,-2.794,0.359,31.71
2026-02-12 18:18:11.535,383.400,0.318115,0.511475,-0.780029,1.557,-2.443,0.473,31.66
2026-02-12 18:18:11.635,383.500,0.320801,0.502441,-0.786133,1.687,-2.802,0.519,31.71
2026-02-12 18:18:11.735,383.600,0.321289,0.506104,-0.785156,1.618,-2.710,0.397,31.71
2026-02-12 18:18:11.835,383.700,0.322510,0.503418,-0.781982,1.649,-3.092,0.244,31.85
2026-02-12 18:18:11.935,383.800,0.319824,0.502930,-0.775391,1.710,-2.870,0.328,31.66
2026-02-12 18:18:12.035,383.900,0.318848,0.506592,-0.781982,1.542,-3.031,0.641,31.66
2026-02-12 18:18:12.135,384.000,0.322510,0.504639,-0.785156,1.916,-2.763,0.389,31.51
2026-02-12 18:18:12.235,384.100,0.316895,0.504150,-0.782959,1.855,-2.779,0.405,31.66
2026-02-12 18:18:12.335,384.200,0.319824,0.504639,-0.780029,1.885,-2.847,0.321,31.66
2026-02-12 18:18:12.435,384.300,0.323730,0.504150,-0.776367,1.397,-2.534,0.260,31.76
2026-02-12 18:18:12.535,384.400,0.322754,0.506348,-0.777588,1.725,-2.718,0.214,31.51
2026-02-12 18:18:12.635,384.500,0.321045,0.503906,-0.776855,1.718,-2.679,0.198,31.66
2026-02-12 18:18:12.735,384.600,0.320557,0.506592,-0.778076,1.573,-3.031,0.130,31.85
2026-02-12 18:18:12.835,384.700,0.319336,0.506592,-0.789307,1.840,-2.809,0.412,31.66
2026-02-12 18:18:12.935,384.800,0.319824,0.505615,-0.781006,1.557,-2.718,0.153,31.71
2026-02-12 18:18:13.035,384.900,0.317627,0.507080,-0.778320,1.802,-2.969,0.405,31.76
2026-02-12 18:18:13.135,385.000,0.318115,0.505615,-0.782715,1.542,-2.733,0.061,31.76
2026-02-12 18:18:13.235,385.100,0.317139,0.506836,-0.780518,1.947,-2.817,0.298,31.56
2026-02-12 18:18:13.335,385.200,0.316895,0.509277,-0.781006,1.466,-2.985,0.191,31.76
2026-02-12 18:18:13.435,385.300,0.320557,0.510254,-0.781982,1.649,-2.672,0.160,31.51
2026-02-12 18:18:13.535,385.400,0.327881,0.508789,-0.780762,1.687,-2.740,0.427,31.90
2026-02-12 18:18:13.635,385.500,0.320312,0.506592,-0.780029,1.740,-2.977,0.466,31.85
2026-02-12 18:18:13.735,385.600,0.319336,0.504150,-0.776367,1.618,-2.710,0.176,31.66
2026-02-12 18:18:13.835,385.700,0.318115,0.502930,-0.779541,1.786,-2.969,0.267,31.51
2026-02-12 18:18:13.935,385.800,0.322021,0.508545,-0.778564,1.824,-3.290,0.115,31.76
2026-02-12 18:18:14.035,385.900,0.319580,0.507812,-0.779297,1.725,-3.069,0.382,31.90
2026-02-12 18:18:14.135,386.000,0.325195,0.508057,-0.783203,1.573,-2.969,0.198,31.76
2026-02-12 18:18:14.235,386.100,0.322754,0.505615,-0.779297,1.740,-2.771,0.237,31.71
2026-02-12 18:18:14.335,386.200,0.321045,0.506104,-0.782471,1.840,-2.977,0.427,31.56
2026-02-12 18:18:14.435,386.300,0.320312,0.504150,-0.780518,1.573,-2.794,0.137,31.71
2026-02-12 18:18:14.535,386.400,0.321045,0.506348,-0.776367,1.817,-2.626,0.557,31.90
2026-02-12 18:18:14.635,386.500,0.321289,0.505371,-0.784180,1.748,-2.802,0.618,31.71
2026-02-12 18:18:14.735,386.600,0.322266,0.506348,-0.783203,1.588,-2.725,0.023,31.76
2026-02-12 18:18:14.835,386.700,0.319336,0.504639,-0.780762,1.718,-3.023,0.443,31.76
2026-02-12 18:18:14.935,386.800,0.322021,0.508301,-0.779297,1.458,-3.107,0.282,31.76
2026-02-12 18:18:15.035,386.900,0.318359,0.508301,-0.780762,1.695,-2.718,0.397,31.76
2026-02-12 18:18:15.135,387.000,0.320068,0.504883,-0.779297,1.855,-2.901,0.412,31.71
2026-02-12 18:18:15.235,387.100,0.321289,0.506104,-0.779297,2.130,-2.992,0.305,31.90
2026-02-12 18:18:15.335,387.200,0.320068,0.506592,-0.780273,1.947,-2.947,0.183,31.76
2026-02-12 18:18:15.435,387.300,0.322510,0.509521,-0.777100,1.947,-2.573,0.260,31.76
2026-02-12 18:18:15.535,387.400,0.322754,0.504883,-0.778076,1.809,-2.916,0.015,31.90
2026-02-12 18:18:15.635,387.500,0.322998,0.508301,-0.777344,1.511,-2.870,0.252,32.00
2026-02-12 18:18:15.735,387.600,0.321289,0.509277,-0.776367,1.634,-2.824,0.214,31.76
2026-02-12 18:18:15.835,387.700,0.322510,0.509766,-0.777832,1.855,-2.916,0.397,31.90
2026-02-12 18:18:15.935,387.800,0.322021,0.498779,-0.779541,1.870,-2.588,0.473,31.66
2026-02-12 18:18:16.035,387.900,0.320068,0.505615,-0.783936,1.725,-3.031,0.458,31.71
2026-02-12 18:18:16.135,388.000,0.321777,0.505127,-0.780029,1.679,-2.947,0.412,31.76
2026-02-12 18:18:16.235,388.100,0.322266,0.506348,-0.780273,1.656,-2.924,0.466,31.71
2026-02-12 18:18:16.335,388.200,0.322266,0.508301,-0.779785,1.580,-2.702,0.130,31.76
2026-02-12 18:18:16.435,388.300,0.319336,0.505615,-0.777344,1.855,-2.908,0.412,31.76
2026-02-12 18:18:16.535,388.400,0.319824,0.508301,-0.776367,1.702,-2.802,0.321,31.66
2026-02-12 18:18:16.635,388.500,0.315430,0.504395,-0.781006,1.687,-3.008,0.389,31.66
2026-02-12 18:18:16.735,388.600,0.321777,0.503906,-0.779297,1.939,-2.939,0.618,31.90
2026-02-12 18:18:16.835,388.700,0.324463,0.505127,-0.784912,1.863,-2.969,0.450,31.76
2026-02-12 18:18:16.935,388.800,0.320801,0.506348,-0.778564,1.595,-2.901,0.260,31.76
2026-02-12 18:18:17.035,388.900,0.319336,0.502930,-0.781250,1.702,-2.710,0.473,31.90
2026-02-12 18:18:17.135,389.000,0.322021,0.508057,-0.780518,1.611,-2.855,0.290,31.66
2026-02-12 18:18:17.235,389.100,0.322998,0.505859,-0.781982,1.748,-2.771,0.527,31.90
2026-02-12 18:18:17.335,389.200,0.320068,0.507568,-0.787354,1.656,-2.840,0.481,31.66
2026-02-12 18:18:17.435,389.300,0.321533,0.508789,-0.780273,1.725,-2.962,0.397,31.71
2026-02-12 18:18:17.535,389.400,0.321533,0.507568,-0.780029,1.672,-2.840,0.145,31.32
2026-02-12 18:18:17.635,389.500,0.319580,0.504639,-0.781738,1.511,-2.908,0.244,31.71
2026-02-12 18:18:17.735,389.600,0.322754,0.505859,-0.783203,1.718,-2.748,0.221,31.85
2026-02-12 18:18:17.835,389.700,0.319580,0.503906,-0.777344,1.756,-2.817,0.405,32.00
2026-02-12 18:18:17.935,389.800,0.322754,0.509277,-0.779053,1.802,-2.954,0.229,31.71
2026-02-12 18:18:18.035,389.900,0.323486,0.500000,-0.778564,1.870,-2.847,0.511,31.76
2026-02-12 18:18:18.135,390.000,0.318359,0.506592,-0.779541,1.969,-2.595,0.275,31.51
2026-02-12 18:18:18.235,390.100,0.321045,0.508545,-0.781982,1.656,-2.817,0.580,31.56
2026-02-12 18:18:18.335,390.200,0.321045,0.509521,-0.773682,1.557,-2.954,0.191,31.56
2026-02-12 18:18:18.435,390.300,0.319824,0.508789,-0.778076,1.832,-2.817,0.237,31.66
2026-02-12 18:18:18.535,390.400,0.323242,0.508789,-0.783936,1.702,-2.947,0.145,31.66
2026-02-12 18:18:18.635,390.500,0.319824,0.505859,-0.776611,1.527,-2.840,0.214,31.85
2026-02-12 18:18:18.735,390.600,0.320557,0.507080,-0.775146,1.504,-3.038,0.168,31.76
2026-02-12 18:18:18.835,390.700,0.318604,0.503906,-0.781006,1.588,-2.634,0.038,31.71
2026-02-12 18:18:18.935,390.800,0.322510,0.505615,-0.778076,1.443,-2.649,0.443,31.76
2026-02-12 18:18:19.035,390.900,0.316406,0.506592,-0.779541,1.847,-2.756,0.176,31.71
2026-02-12 18:18:19.135,391.000,0.319580,0.507324,-0.780518,1.863,-2.687,0.656,31.51
2026-02-12 18:18:19.235,391.100,0.320801,0.503662,-0.784424,1.725,-2.855,0.595,31.76
2026-02-12 18:18:19.335,391.200,0.318848,0.510986,-0.782959,1.947,-2.824,0.168,31.85
2026-02-12 18:18:19.435,391.300,0.322021,0.506836,-0.787598,1.672,-2.901,0.221,31.66
2026-02-12 18:18:19.535,391.400,0.322266,0.506348,-0.781006,1.733,-2.519,0.282,31.71
2026-02-12 18:18:19.635,391.500,0.319824,0.506592,-0.784912,1.809,-2.595,0.206,31.76
2026-02-12 18:18:19.735,391.600,0.318848,0.503418,-0.782959,1.718,-2.664,0.130,31.71
2026-02-12 18:18:19.835,391.700,0.320801,0.507080,-0.776367,1.809,-3.084,0.344,31.66
2026-02-12 18:18:19.935,391.800,0.318848,0.504395,-0.780518,1.740,-2.901,0.366,31.76
2026-02-12 18:18:20.035,391.900,0.319824,0.507080,-0.778076,1.901,-2.870,0.351,31.71
2026-02-12 18:18:20.135,392.000,0.325439,0.509766,-0.785156,1.565,-2.725,0.382,31.76
2026-02-12 18:18:20.235,392.100,0.320801,0.503906,-0.778320,1.863,-2.672,0.137,31.76
2026-02-12 18:18:20.335,392.200,0.319336,0.506104,-0.785156,1.809,-2.947,0.290,31.71
2026-02-12 18:18:20.435,392.300,0.318115,0.505615,-0.781738,1.763,-2.931,0.076,31.76
2026-02-12 18:18:20.535,392.400,0.320068,0.508301,-0.781250,1.802,-2.672,0.282,31.76
2026-02-12 18:18:20.635,392.500,0.319336,0.506104,-0.779297,1.947,-2.985,-0.168,31.85
2026-02-12 18:18:20.735,392.600,0.317627,0.506592,-0.781982,1.595,-2.702,0.107,31.76
2026-02-12 18:18:20.835,392.700,0.316162,0.505859,-0.777100,1.641,-2.885,0.092,31.76
2026-02-12 18:18:20.935,392.800,0.318359,0.502197,-0.781250,1.649,-2.939,0.237,31.66
2026-02-12 18:18:21.035,392.900,0.319092,0.506836,-0.781494,1.985,-2.885,0.214,32.05
2026-02-12 18:18:21.135,393.000,0.322266,0.503174,-0.780518,1.557,-2.901,0.069,31.71
2026-02-12 18:18:21.235,393.100,0.318115,0.508301,-0.789307,1.626,-2.740,0.229,31.85
2026-02-12 18:18:21.335,393.200,0.315918,0.505371,-0.775391,1.496,-2.672,0.321,31.51
2026-02-12 18:18:21.435,393.300,0.322510,0.500488,-0.781250,1.802,-2.641,0.206,31.76
2026-02-12 18:18:21.535,393.400,0.317871,0.508301,-0.784912,1.603,-2.870,0.176,31.56
2026-02-12 18:18:21.635,393.500,0.321533,0.508301,-0.771240,1.863,-2.947,0.115,31.71
2026-02-12 18:18:21.735,393.600,0.321289,0.506348,-0.779053,1.573,-2.672,0.351,32.00
2026-02-12 18:18:21.835,393.700,0.317871,0.509521,-0.781738,1.794,-2.687,0.321,31.90
2026-02-12 18:18:21.935,393.800,0.318848,0.506592,-0.776123,1.641,-3.145,0.389,31.66
2026-02-12 18:18:22.035,393.900,0.318359,0.507324,-0.780762,1.740,-2.756,0.298,31.76
2026-02-12 18:18:22.135,394.000,0.318359,0.506836,-0.774658,1.664,-2.779,0.649,32.00
2026-02-12 18:18:22.235,394.100,0.319336,0.510010,-0.781494,1.672,-2.733,0.336,31.71
2026-02-12 18:18:22.335,394.200,0.323242,0.506348,-0.775879,1.885,-2.840,0.160,31.76
2026-02-12 18:18:22.435,394.300,0.320557,0.507568,-0.782715,1.763,-2.771,0.511,31.71
2026-02-12 18:18:22.535,394.400,0.316406,0.506592,-0.784424,1.519,-2.740,0.298,31.85
2026-02-12 18:18:22.635,394.500,0.319092,0.507080,-0.784912,1.740,-2.511,0.473,31.71
2026-02-12 18:18:22.735,394.600,0.320557,0.506104,-0.776367,1.718,-2.802,0.550,31.85
2026-02-12 18:18:22.835,394.700,0.322998,0.505615,-0.781982,1.542,-2.885,0.397,31.51
2026-02-12 18:18:22.935,394.800,0.324951,0.506592,-0.782227,1.702,-3.023,0.374,31.90
2026-02-12 18:18:23.035,394.900,0.322021,0.507324,-0.789551,1.588,-2.992,0.237,31.76
2026-02-12 18:18:23.135,395.000,0.320801,0.507324,-0.784668,1.733,-2.885,0.458,31.66
2026-02-12 18:18:23.235,395.100,0.322266,0.510986,-0.779541,1.885,-3.038,0.137,31.56
2026-02-12 18:18:23.335,395.200,0.321777,0.504395,-0.782715,1.611,-2.893,0.206,31.51
2026-02-12 18:18:23.435,395.300,0.318848,0.506104,-0.776611,1.710,-3.092,0.427,31.76
2026-02-12 18:18:23.535,395.400,0.320557,0.506348,-0.779053,1.397,-2.748,0.237,31.66
2026-02-12 18:18:23.635,395.500,0.321777,0.507324,-0.772461,1.832,-2.954,0.137,31.71
2026-02-12 18:18:23.735,395.600,0.321289,0.505615,-0.777832,1.901,-3.122,0.069,31.76
2026-02-12 18:18:23.835,395.700,0.321045,0.507812,-0.779297,1.908,-2.771,0.000,31.71
2026-02-12 18:18:23.935,395.800,0.324951,0.504150,-0.781982,1.771,-2.809,0.420,31.76
2026-02-12 18:18:24.035,395.900,0.319092,0.508789,-0.781494,1.824,-2.832,0.305,31.85
2026-02-12 18:18:24.135,396.000,0.320557,0.509033,-0.782959,1.496,-2.802,0.137,32.00
2026-02-12 18:18:24.235,396.100,0.321289,0.510010,-0.774658,1.496,-2.702,0.397,31.76
2026-02-12 18:18:24.335,396.200,0.320557,0.507080,-0.777100,1.725,-2.771,0.198,31.66
2026-02-12 18:18:24.435,396.300,0.319580,0.504395,-0.780762,1.832,-2.969,0.176,31.76
2026-02-12 18:18:24.535,396.400,0.322510,0.507568,-0.777344,1.626,-2.931,0.389,31.71
2026-02-12 18:18:24.635,396.500,0.318115,0.504883,-0.777100,1.794,-2.786,0.153,31.76
2026-02-12 18:18:24.735,396.600,0.320312,0.506836,-0.785889,1.634,-2.870,0.687,31.76
2026-02-12 18:18:24.835,396.700,0.322021,0.509521,-0.779053,1.855,-2.664,0.397,31.85
2026-02-12 18:18:24.935,396.800,0.321777,0.508301,-0.782471,1.786,-2.847,0.405,31.66
2026-02-12 18:18:25.035,396.900,0.322754,0.505371,-0.777100,1.595,-2.733,0.420,31.85
2026-02-12 18:18:25.135,397.000,0.321045,0.506104,-0.775391,1.565,-3.008,0.214,31.51
2026-02-12 18:18:25.235,397.100,0.324707,0.505371,-0.780518,1.519,-2.695,-0.015,31.66
2026-02-12 18:18:25.335,397.200,0.321533,0.503418,-0.775146,1.573,-3.015,0.366,31.51
2026-02-12 18:18:25.435,397.300,0.322754,0.506348,-0.787109,1.695,-2.725,0.412,31.66
2026-02-12 18:18:25.535,397.400,0.317871,0.509766,-0.786133,1.557,-3.008,0.023,31.66
2026-02-12 18:18:25.635,397.500,0.318604,0.502930,-0.781006,1.718,-2.748,0.198,31.76
2026-02-12 18:18:25.735,397.600,0.319092,0.503906,-0.781494,1.534,-2.511,-0.046,32.00
2026-02-12 18:18:25.835,397.700,0.319580,0.507812,-0.781494,1.916,-2.985,0.382,31.66
2026-02-12 18:18:25.935,397.800,0.320557,0.507324,-0.780029,1.794,-2.954,0.298,31.76
2026-02-12 18:18:26.035,397.900,0.320312,0.506592,-0.774902,1.573,-2.725,0.466,32.00
2026-02-12 18:18:26.135,398.000,0.322754,0.509033,-0.784668,1.687,-2.725,0.252,31.66
2026-02-12 18:18:26.235,398.100,0.320312,0.509033,-0.781982,1.679,-2.656,0.290,31.51
2026-02-12 18:18:26.335,398.200,0.319824,0.505371,-0.776855,1.878,-2.824,0.336,31.66
2026-02-12 18:18:26.435,398.300,0.316650,0.505127,-0.785400,1.527,-2.885,0.153,31.66
2026-02-12 18:18:26.535,398.400,0.321533,0.505859,-0.783447,1.496,-2.786,0.412,31.76
2026-02-12 18:18:26.635,398.500,0.318359,0.507568,-0.780273,1.840,-2.885,0.435,32.00
2026-02-12 18:18:26.735,398.600,0.321045,0.508057,-0.782471,1.618,-2.771,0.206,31.71
2026-02-12 18:18:26.835,398.700,0.322998,0.506104,-0.780762,1.687,-2.611,0.366,31.71
2026-02-12 18:18:26.935,398.800,0.320557,0.506836,-0.773926,1.710,-2.855,0.099,31.85
2026-02-12 18:18:27.035,398.900,0.318359,0.507568,-0.782227,1.672,-3.176,0.168,31.85
2026-02-12 18:18:27.135,399.000,0.322266,0.506836,-0.788818,1.771,-2.885,0.130,31.85
2026-02-12 18:18:27.235,399.100,0.322266,0.508057,-0.781982,1.641,-2.779,0.420,31.71
2026-02-12 18:18:27.335,399.200,0.320068,0.505615,-0.782471,1.672,-3.107,0.267,31.71
2026-02-12 18:18:27.435,399.300,0.323242,0.506348,-0.779297,1.527,-2.748,0.275,31.85
2026-02-12 18:18:27.535,399.400,0.318848,0.511963,-0.779541,1.908,-2.817,0.374,31.66
2026-02-12 18:18:27.635,399.500,0.322266,0.503418,-0.785156,1.405,-2.802,0.481,31.76
2026-02-12 18:18:27.735,399.600,0.321289,0.502686,-0.779541,1.649,-2.901,0.183,31.76
2026-02-12 18:18:27.835,399.700,0.320068,0.504150,-0.779785,1.863,-2.573,0.382,31.76
2026-02-12 18:18:27.935,399.800,0.321045,0.505859,-0.776123,1.969,-2.763,0.366,31.85
2026-02-12 18:18:28.035,399.900,0.317871,0.505127,-0.779541,1.565,-2.763,0.084,31.36
2026-02-12 18:18:28.135,400.000,0.323730,0.507812,-0.779541,1.817,-2.802,0.221,31.66
2026-02-12 18:18:28.235,400.100,0.318115,0.511230,-0.779297,1.756,-2.748,0.237,32.05
2026-02-12 18:18:28.335,400.200,0.317139,0.505859,-0.778809,1.672,-2.786,0.145,31.76
2026-02-12 18:18:28.435,400.300,0.316895,0.505371,-0.783691,1.817,-2.809,0.244,32.05
2026-02-12 18:18:28.535,400.400,0.321777,0.506592,-0.780518,1.550,-2.710,0.344,31.66
2026-02-12 18:18:28.635,400.500,0.319092,0.507324,-0.777344,1.710,-3.122,0.145,31.71
2026-02-12 18:18:28.735,400.600,0.320557,0.505371,-0.783691,1.763,-2.916,0.565,31.71
2026-02-12 18:18:28.835,400.700,0.319580,0.508301,-0.782715,1.740,-2.947,0.321,32.00
2026-02-12 18:18:28.935,400.800,0.319092,0.507080,-0.775635,1.443,-3.137,0.489,31.71
2026-02-12 18:18:29.035,400.900,0.316895,0.508545,-0.780762,1.817,-2.756,0.229,31.85
2026-02-12 18:18:29.135,401.000,0.320801,0.505615,-0.784424,1.847,-2.916,0.069,31.46
2026-02-12 18:18:29.235,401.100,0.317139,0.507324,-0.780518,1.763,-2.870,0.282,31.46
2026-02-12 18:18:29.335,401.200,0.317383,0.503418,-0.778564,1.870,-2.832,0.489,31.85
2026-02-12 18:18:29.435,401.300,0.315918,0.502930,-0.783203,1.519,-2.840,0.389,31.66
2026-02-12 18:18:29.535,401.400,0.315186,0.508545,-0.778320,1.725,-3.206,0.359,32.20
2026-02-12 18:18:29.635,401.500,0.320801,0.505615,-0.779541,1.527,-2.939,0.191,32.00
2026-02-12 18:18:29.735,401.600,0.322266,0.504883,-0.781006,1.565,-2.893,0.076,31.51
2026-02-12 18:18:29.835,401.700,0.320557,0.510498,-0.777832,1.748,-2.710,0.397,32.00
2026-02-12 18:18:29.935,401.800,0.321289,0.505615,-0.776123,1.702,-2.992,0.115,32.05
2026-02-12 18:18:30.035,401.900,0.319580,0.507812,-0.781250,1.832,-2.832,0.153,31.56
2026-02-12 18:18:30.135,402.000,0.317139,0.506104,-0.778076,1.824,-2.802,-0.115,31.71
2026-02-12 18:18:30.235,402.100,0.322266,0.509766,-0.782715,1.756,-3.015,0.069,31.71
2026-02-12 18:18:30.335,402.200,0.319336,0.507568,-0.776123,1.557,-3.061,0.214,31.71
2026-02-12 18:18:30.435,402.300,0.322021,0.503906,-0.780762,1.802,-2.847,0.244,31.66
2026-02-12 18:18:30.535,402.400,0.320801,0.504883,-0.773193,1.664,-2.878,0.008,31.71
2026-02-12 18:18:30.635,402.500,0.319092,0.503174,-0.786621,1.626,-2.695,0.237,31.56
2026-02-12 18:18:30.735,402.600,0.320312,0.508301,-0.783447,1.580,-2.664,0.298,31.71
2026-02-12 18:18:30.835,402.700,0.323730,0.504395,-0.775146,1.618,-2.908,0.496,31.76
2026-02-12 18:18:30.935,402.800,0.320312,0.506592,-0.781982,1.504,-2.725,0.290,31.71
2026-02-12 18:18:31.035,402.900,0.323975,0.506592,-0.781494,1.550,-3.046,0.275,31.76
2026-02-12 18:18:31.135,403.000,0.322266,0.507568,-0.782471,1.481,-2.977,0.489,31.76
2026-02-12 18:18:31.235,403.100,0.320068,0.505371,-0.781738,1.687,-2.947,0.466,31.76
2026-02-12 18:18:31.335,403.200,0.318359,0.509033,-0.777832,1.748,-2.748,0.244,31.71
2026-02-12 18:18:31.435,403.300,0.319336,0.506592,-0.778320,1.733,-2.908,0.389,31.76
2026-02-12 18:18:31.535,403.400,0.317627,0.504150,-0.783447,1.649,-2.824,0.244,31.36
2026-02-12 18:18:31.635,403.500,0.322021,0.504639,-0.782471,1.626,-2.977,0.084,31.71
2026-02-12 18:18:31.735,403.600,0.322998,0.508057,-0.783203,1.672,-2.580,0.031,31.85
2026-02-12 18:18:31.835,403.700,0.320801,0.504883,-0.777588,1.855,-2.870,0.420,31.71
2026-02-12 18:18:31.935,403.800,0.319336,0.508057,-0.781494,1.748,-2.664,0.504,31.71
2026-02-12 18:18:32.035,403.900,0.320312,0.508057,-0.781006,1.450,-2.809,0.458,31.85
2026-02-12 18:18:32.135,404.000,0.322266,0.506348,-0.783691,1.641,-2.908,0.176,31.71
2026-02-12 18:18:32.235,404.100,0.325928,0.504395,-0.782471,1.733,-2.916,0.321,31.85
2026-02-12 18:18:32.335,404.200,0.322510,0.508057,-0.780762,1.656,-2.924,0.328,31.76
2026-02-12 18:18:32.435,404.300,0.321777,0.505371,-0.783691,1.656,-2.443,0.313,31.56
2026-02-12 18:18:32.535,404.400,0.319580,0.505859,-0.781250,1.733,-2.954,0.153,31.66
2026-02-12 18:18:32.635,404.500,0.324219,0.505859,-0.781250,1.649,-2.702,0.489,32.10
2026-02-12 18:18:32.735,404.600,0.315918,0.506348,-0.782471,1.519,-2.893,0.084,31.90
2026-02-12 18:18:32.835,404.700,0.318848,0.504150,-0.789795,1.626,-2.870,0.137,31.71
2026-02-12 18:18:32.935,404.800,0.319092,0.508301,-0.784424,1.779,-2.718,0.466,31.71
2026-02-12 18:18:33.035,404.900,0.320068,0.502686,-0.772461,1.641,-2.748,0.267,31.71
2026-02-12 18:18:33.135,405.000,0.318848,0.507568,-0.782959,1.763,-3.000,0.382,31.71
2026-02-12 18:18:33.235,405.100,0.319824,0.506836,-0.782715,1.580,-2.885,0.374,31.85
2026-02-12 18:18:33.335,405.200,0.320557,0.508301,-0.782471,1.809,-2.924,0.221,31.71
2026-02-12 18:18:33.435,405.300,0.319580,0.507080,-0.779053,1.824,-2.786,0.053,31.90
2026-02-12 18:18:33.535,405.400,0.318115,0.503174,-0.778809,1.855,-2.832,0.427,31.66
2026-02-12 18:18:33.635,405.500,0.321777,0.505371,-0.783447,1.634,-2.893,0.321,31.66
2026-02-12 18:18:33.735,405.600,0.317627,0.502686,-0.779053,1.870,-2.931,0.656,31.76
2026-02-12 18:18:33.835,405.700,0.323730,0.506104,-0.777344,1.901,-2.885,0.420,31.76
2026-02-12 18:18:33.935,405.800,0.322510,0.510498,-0.783691,1.672,-2.756,0.099,31.66
2026-02-12 18:18:34.035,405.900,0.319092,0.508057,-0.779541,1.511,-2.771,0.267,31.66
2026-02-12 18:18:34.135,406.000,0.317383,0.504150,-0.787842,1.580,-2.748,0.244,32.00
2026-02-12 18:18:34.235,406.100,0.319092,0.505127,-0.777588,1.733,-2.725,0.069,31.71
2026-02-12 18:18:34.335,406.200,0.321289,0.504639,-0.781494,1.924,-2.878,0.313,31.66
2026-02-12 18:18:34.435,406.300,0.315430,0.506592,-0.779785,1.557,-2.840,0.130,31.85
2026-02-12 18:18:34.535,406.400,0.322021,0.502686,-0.785156,1.947,-2.794,0.298,31.76
2026-02-12 18:18:34.635,406.500,0.317383,0.503662,-0.778809,1.702,-2.695,0.267,31.76
2026-02-12 18:18:34.735,406.600,0.318359,0.501953,-0.781250,1.427,-2.802,0.160,31.90
2026-02-12 18:18:34.835,406.700,0.319336,0.506348,-0.781738,1.817,-2.977,0.153,31.66
2026-02-12 18:18:34.935,406.800,0.322021,0.507812,-0.780029,1.573,-3.046,0.229,31.71
2026-02-12 18:18:35.035,406.900,0.321289,0.508789,-0.784912,1.679,-3.000,0.305,31.66
2026-02-12 18:18:35.135,407.000,0.321289,0.503418,-0.780518,2.099,-2.855,-0.015,31.71
2026-02-12 18:18:35.235,407.100,0.319824,0.509521,-0.779297,1.870,-2.863,0.038,31.85
2026-02-12 18:18:35.335,407.200,0.320801,0.508301,-0.779297,1.679,-2.802,0.214,31.66
2026-02-12 18:18:35.435,407.300,0.320801,0.507324,-0.785645,1.656,-2.573,0.137,31.71
2026-02-12 18:18:35.535,407.400,0.318848,0.507812,-0.782959,1.985,-2.763,0.344,31.56
2026-02-12 18:18:35.635,407.500,0.320801,0.502441,-0.774170,1.626,-2.794,0.275,31.76
2026-02-12 18:18:35.735,407.600,0.321289,0.504883,-0.782227,1.702,-2.802,-0.061,31.71
2026-02-12 18:18:35.835,407.700,0.318604,0.506348,-0.782471,1.870,-2.870,0.397,31.85
2026-02-12 18:18:35.935,407.800,0.320557,0.506836,-0.781738,1.802,-2.832,0.282,31.76
2026-02-12 18:18:36.035,407.900,0.319336,0.508057,-0.778564,1.534,-2.893,0.214,31.46
2026-02-12 18:18:36.135,408.000,0.323975,0.505127,-0.784912,1.649,-2.733,0.336,31.76
2026-02-12 18:18:36.235,408.100,0.320557,0.506592,-0.775879,1.405,-2.832,0.290,31.66
2026-02-12 18:18:36.335,408.200,0.320801,0.508057,-0.778320,1.985,-2.939,0.733,31.71
2026-02-12 18:18:36.435,408.300,0.320312,0.509521,-0.774170,1.779,-2.840,0.267,31.76
2026-02-12 18:18:36.535,408.400,0.318848,0.504395,-0.780762,1.756,-2.878,0.435,31.66
2026-02-12 18:18:36.635,408.500,0.317871,0.507568,-0.780518,1.832,-2.710,0.519,31.90
2026-02-12 18:18:36.735,408.600,0.320557,0.503906,-0.777588,1.611,-2.710,0.282,31.76
2026-02-12 18:18:36.835,408.700,0.318604,0.503418,-0.782227,2.015,-3.275,0.450,31.90
2026-02-12 18:18:36.935,408.800,0.319824,0.509033,-0.778564,1.573,-2.985,0.084,31.56
2026-02-12 18:18:37.035,408.900,0.320801,0.506592,-0.779053,2.008,-2.710,0.466,31.76
2026-02-12 18:18:37.135,409.000,0.319336,0.506104,-0.781494,1.786,-2.832,0.221,31.71
2026-02-12 18:18:37.235,409.100,0.318115,0.507080,-0.780029,1.420,-2.756,0.397,31.76
2026-02-12 18:18:37.335,409.200,0.319580,0.507324,-0.780029,1.679,-2.733,0.252,31.71
2026-02-12 18:18:37.435,409.300,0.319824,0.505127,-0.784424,1.649,-2.969,0.580,31.76
2026-02-12 18:18:37.535,409.400,0.321533,0.511719,-0.782715,1.786,-2.786,0.588,31.66
2026-02-12 18:18:37.635,409.500,0.319824,0.505127,-0.778809,1.611,-2.740,0.267,31.66
2026-02-12 18:18:37.735,409.600,0.319092,0.506348,-0.778809,1.534,-2.870,0.420,31.36
2026-02-12 18:18:37.835,409.700,0.319336,0.505127,-0.777344,1.740,-2.725,0.214,31.76
2026-02-12 18:18:37.935,409.800,0.319824,0.502930,-0.781738,1.817,-2.679,0.443,31.85
2026-02-12 18:18:38.035,409.900,0.325195,0.505371,-0.776611,1.664,-2.870,0.198,31.66
2026-02-12 18:18:38.135,410.000,0.319580,0.506348,-0.783203,1.573,-2.626,0.565,31.85
2026-02-12 18:18:38.235,410.100,0.318604,0.508301,-0.783203,1.855,-2.985,0.153,31.76
2026-02-12 18:18:38.335,410.200,0.318604,0.505615,-0.786377,1.824,-3.000,0.275,31.71
2026-02-12 18:18:38.435,410.300,0.321289,0.507324,-0.784424,1.397,-2.695,0.023,31.66
2026-02-12 18:18:38.535,410.400,0.319092,0.507324,-0.773926,1.702,-2.802,0.206,32.10
2026-02-12 18:18:38.635,410.500,0.322021,0.503662,-0.780273,1.817,-2.649,0.099,31.85
2026-02-12 18:18:38.735,410.600,0.319336,0.508545,-0.781250,1.664,-2.802,0.298,31.51
2026-02-12 18:18:38.835,410.700,0.320068,0.502686,-0.787109,1.618,-2.817,0.366,31.76
2026-02-12 18:18:38.935,410.800,0.320312,0.507812,-0.782471,1.740,-2.763,0.443,31.66
2026-02-12 18:18:39.035,410.900,0.322021,0.506592,-0.781250,1.672,-2.832,0.069,31.76
2026-02-12 18:18:39.135,411.000,0.322266,0.503418,-0.780518,1.748,-2.786,0.344,31.71
2026-02-12 18:18:39.235,411.100,0.320068,0.505615,-0.780029,1.908,-2.870,0.115,31.71
2026-02-12 18:18:39.335,411.200,0.321289,0.511475,-0.779297,1.817,-2.847,0.351,31.85
2026-02-12 18:18:39.435,411.300,0.320557,0.501465,-0.784424,1.565,-2.908,0.313,31.71
2026-02-12 18:18:39.535,411.400,0.323730,0.507568,-0.776611,1.420,-2.763,0.298,31.71
2026-02-12 18:18:39.635,411.500,0.321045,0.505371,-0.779053,1.580,-2.534,0.489,32.05
2026-02-12 18:18:39.735,411.600,0.317627,0.508545,-0.779785,1.969,-3.061,0.626,32.00
2026-02-12 18:18:39.835,411.700,0.316162,0.503906,-0.781982,1.687,-2.740,0.427,31.71
2026-02-12 18:18:39.935,411.800,0.324463,0.504639,-0.781494,1.840,-2.878,0.450,31.66
2026-02-12 18:18:40.035,411.900,0.319580,0.506592,-0.779053,1.901,-2.893,0.267,32.10
2026-02-12 18:18:40.135,412.000,0.318604,0.506836,-0.777344,1.573,-2.832,0.145,31.76
2026-02-12 18:18:40.235,412.100,0.317139,0.507568,-0.781738,1.672,-2.870,0.168,31.76
2026-02-12 18:18:40.335,412.200,0.320068,0.506836,-0.781494,1.634,-2.992,0.496,31.66
2026-02-12 18:18:40.435,412.300,0.319336,0.506592,-0.786377,1.450,-2.939,0.122,32.00
2026-02-12 18:18:40.535,412.400,0.320557,0.502686,-0.781982,1.947,-2.794,0.046,32.00
2026-02-12 18:18:40.635,412.500,0.321045,0.507080,-0.784424,1.626,-2.763,0.374,31.76
2026-02-12 18:18:40.735,412.600,0.320557,0.506348,-0.785400,1.634,-2.588,0.420,31.71
2026-02-12 18:18:40.835,412.700,0.320068,0.511963,-0.781250,1.649,-2.954,0.389,31.71
2026-02-12 18:18:40.935,412.800,0.322266,0.505859,-0.780762,1.763,-2.924,0.229,31.71
2026-02-12 18:18:41.035,412.900,0.319824,0.506348,-0.778076,1.756,-2.595,0.191,31.85
2026-02-12 18:18:41.135,413.000,0.319336,0.505859,-0.782959,1.992,-2.924,0.702,31.85
2026-02-12 18:18:41.235,413.100,0.322021,0.507080,-0.782471,1.588,-2.885,-0.061,31.66
2026-02-12 18:18:41.335,413.200,0.320557,0.507812,-0.784180,1.618,-2.695,0.496,31.71
2026-02-12 18:18:41.435,413.300,0.322266,0.505371,-0.785889,1.702,-2.863,0.137,31.71
2026-02-12 18:18:41.535,413.400,0.318359,0.501465,-0.781738,1.748,-2.969,0.229,32.00
2026-02-12 18:18:41.635,413.500,0.319824,0.502686,-0.779785,1.641,-2.893,-0.038,31.90
2026-02-12 18:18:41.735,413.600,0.317383,0.507080,-0.773682,1.733,-3.031,0.122,31.66
2026-02-12 18:18:41.835,413.700,0.320801,0.502930,-0.785645,1.718,-2.985,0.252,31.76
2026-02-12 18:18:41.935,413.800,0.320557,0.505371,-0.783203,1.740,-3.092,0.328,31.76
2026-02-12 18:18:42.035,413.900,0.318359,0.507812,-0.779541,1.702,-2.771,0.573,31.76
2026-02-12 18:18:42.135,414.000,0.321533,0.507812,-0.780518,1.611,-2.954,0.573,31.85
2026-02-12 18:18:42.235,414.100,0.322998,0.506104,-0.779053,1.496,-2.771,0.412,31.76
2026-02-12 18:18:42.335,414.200,0.324707,0.506592,-0.785156,1.740,-2.954,0.321,31.66
2026-02-12 18:18:42.435,414.300,0.321777,0.503906,-0.778564,1.740,-2.855,0.183,31.85
2026-02-12 18:18:42.535,414.400,0.321533,0.504883,-0.780518,1.565,-2.679,0.053,31.90
2026-02-12 18:18:42.635,414.500,0.319336,0.502930,-0.782959,1.565,-3.069,0.252,32.05
2026-02-12 18:18:42.735,414.600,0.320312,0.505859,-0.778564,1.603,-2.695,0.168,31.76
2026-02-12 18:18:42.835,414.700,0.320312,0.511230,-0.776367,1.534,-2.985,0.092,31.66
2026-02-12 18:18:42.935,414.800,0.321533,0.505859,-0.782959,1.695,-2.786,0.267,31.76
2026-02-12 18:18:43.035,414.900,0.322266,0.508545,-0.780762,1.756,-2.748,0.267,31.90
2026-02-12 18:18:43.135,415.000,0.320801,0.504395,-0.773438,1.534,-2.947,0.458,31.66
2026-02-12 18:18:43.235,415.100,0.322510,0.509277,-0.779297,1.733,-2.832,0.145,31.85
2026-02-12 18:18:43.335,415.200,0.319580,0.504150,-0.777832,1.611,-2.756,0.336,31.76
2026-02-12 18:18:43.435,415.300,0.316162,0.503174,-0.778564,1.656,-2.817,0.130,31.66
2026-02-12 18:18:43.535,415.400,0.317383,0.504150,-0.776611,1.893,-2.977,0.458,31.56
2026-02-12 18:18:43.635,415.500,0.324219,0.509277,-0.783447,1.534,-3.053,0.122,31.76
2026-02-12 18:18:43.735,415.600,0.321777,0.508789,-0.781982,1.427,-2.580,0.183,31.71
2026-02-12 18:18:43.835,415.700,0.318604,0.506348,-0.780029,1.542,-2.962,0.076,31.71
2026-02-12 18:18:43.935,415.800,0.323242,0.509521,-0.778809,1.802,-3.099,0.435,31.90
2026-02-12 18:18:44.035,415.900,0.321289,0.506104,-0.778320,1.672,-2.832,0.443,31.71
2026-02-12 18:18:44.135,416.000,0.321289,0.503906,-0.775635,1.489,-2.626,0.145,31.56
2026-02-12 18:18:44.235,416.100,0.324707,0.506836,-0.778320,1.763,-2.481,0.176,32.00
2026-02-12 18:18:44.335,416.200,0.320068,0.510498,-0.781494,1.534,-2.779,0.183,31.51
2026-02-12 18:18:44.435,416.300,0.318604,0.508789,-0.778320,1.565,-2.702,0.069,31.71
2026-02-12 18:18:44.535,416.400,0.319336,0.507812,-0.785400,1.710,-3.023,0.336,31.76
2026-02-12 18:18:44.635,416.500,0.321289,0.501465,-0.778809,1.527,-2.779,0.405,31.71
2026-02-12 18:18:44.735,416.600,0.322021,0.502930,-0.777588,1.435,-2.550,0.099,31.85
2026-02-12 18:18:44.835,416.700,0.317627,0.506592,-0.780273,1.763,-2.794,0.176,31.71
2026-02-12 18:18:44.935,416.800,0.318115,0.503906,-0.781006,1.725,-2.679,0.214,31.56
2026-02-12 18:18:45.035,416.900,0.319580,0.510254,-0.779785,1.809,-2.664,0.298,31.85
2026-02-12 18:18:45.135,417.000,0.320801,0.508057,-0.777344,1.611,-2.939,0.282,31.90
2026-02-12 18:18:45.235,417.100,0.321289,0.505371,-0.778809,1.840,-2.786,0.321,32.05
2026-02-12 18:18:45.335,417.200,0.320312,0.502686,-0.776123,1.679,-2.710,0.443,31.85
2026-02-12 18:18:45.435,417.300,0.319092,0.507568,-0.780273,1.748,-2.618,0.145,31.71
2026-02-12 18:18:45.535,417.400,0.321777,0.508545,-0.776855,1.527,-2.901,0.107,31.56
2026-02-12 18:18:45.635,417.500,0.320068,0.506104,-0.781494,1.794,-2.702,0.351,31.76
2026-02-12 18:18:45.735,417.600,0.316406,0.504395,-0.784424,1.565,-2.977,0.237,31.71
2026-02-12 18:18:45.835,417.700,0.319580,0.504395,-0.779541,1.893,-3.046,0.504,31.71
2026-02-12 18:18:45.935,417.800,0.319824,0.506592,-0.782227,1.771,-3.183,0.359,31.56
2026-02-12 18:18:46.035,417.900,0.318604,0.504395,-0.783447,1.840,-2.733,0.061,31.85
2026-02-12 18:18:46.135,418.000,0.320068,0.505615,-0.778564,1.634,-2.794,0.626,31.66
2026-02-12 18:18:46.235,418.100,0.322754,0.503662,-0.779785,1.802,-2.947,0.290,31.71
2026-02-12 18:18:46.335,418.200,0.320801,0.505127,-0.781982,1.802,-2.771,0.336,31.90
2026-02-12 18:18:46.435,418.300,0.320312,0.506592,-0.788086,1.611,-2.931,0.374,31.76
2026-02-12 18:18:46.535,418.400,0.320312,0.505127,-0.779785,1.557,-2.893,0.366,31.66
2026-02-12 18:18:46.635,418.500,0.322021,0.507812,-0.782959,1.687,-2.855,0.260,31.76
2026-02-12 18:18:46.735,418.600,0.321777,0.506592,-0.783203,1.786,-2.771,0.366,31.71
2026-02-12 18:18:46.835,418.700,0.315918,0.505371,-0.779785,1.496,-2.641,0.092,31.90
2026-02-12 18:18:46.935,418.800,0.316895,0.506836,-0.786377,1.725,-2.786,0.298,31.66
2026-02-12 18:18:47.035,418.900,0.321289,0.501465,-0.781494,1.626,-2.573,0.275,31.66
2026-02-12 18:18:47.135,419.000,0.318604,0.504883,-0.780273,1.496,-2.672,0.290,31.71
2026-02-12 18:18:47.235,419.100,0.322266,0.507568,-0.779297,1.366,-2.702,0.115,31.76
2026-02-12 18:18:47.335,419.200,0.320312,0.505127,-0.777344,1.588,-2.786,0.145,32.00
2026-02-12 18:18:47.435,419.300,0.319580,0.504639,-0.781738,1.687,-2.878,0.115,31.71
2026-02-12 18:18:47.535,419.400,0.319580,0.506592,-0.780762,1.687,-2.779,0.435,31.51
2026-02-12 18:18:47.635,419.500,0.320312,0.503418,-0.789307,1.763,-3.015,0.344,31.46
2026-02-12 18:18:47.735,419.600,0.320557,0.506104,-0.775635,1.847,-2.718,0.542,31.71
2026-02-12 18:18:47.835,419.700,0.320068,0.502686,-0.783691,1.496,-2.573,0.122,31.76
2026-02-12 18:18:47.935,419.800,0.320068,0.503418,-0.781006,1.603,-2.847,0.328,31.71
2026-02-12 18:18:48.035,419.900,0.318848,0.504639,-0.783447,1.550,-2.725,0.076,31.76
2026-02-12 18:18:48.135,420.000,0.321289,0.504883,-0.780762,1.855,-2.847,0.244,31.76
2026-02-12 18:18:48.235,420.100,0.318359,0.505859,-0.784180,1.840,-2.931,0.244,31.85
2026-02-12 18:18:48.335,420.200,0.320557,0.507080,-0.779785,1.725,-2.901,0.458,31.76
2026-02-12 18:18:48.435,420.300,0.323730,0.506348,-0.775391,1.710,-2.969,0.344,31.71
2026-02-12 18:18:48.535,420.400,0.320557,0.507324,-0.777832,1.817,-2.962,0.214,31.76
2026-02-12 18:18:48.635,420.500,0.321045,0.500977,-0.782471,1.618,-2.779,0.176,31.71
2026-02-12 18:18:48.735,420.600,0.319336,0.506348,-0.776367,1.672,-3.031,0.412,32.00
2026-02-12 18:18:48.835,420.700,0.318848,0.506836,-0.783203,1.718,-2.756,0.076,31.76
2026-02-12 18:18:48.935,420.800,0.316650,0.507324,-0.778564,1.595,-2.672,-0.023,31.66
2026-02-12 18:18:49.035,420.900,0.319824,0.504395,-0.778564,1.733,-3.023,0.244,31.71
2026-02-12 18:18:49.135,421.000,0.319824,0.502197,-0.778564,1.649,-2.756,0.290,31.66
2026-02-12 18:18:49.235,421.100,0.320068,0.504395,-0.782471,1.511,-2.824,0.244,31.76
2026-02-12 18:18:49.335,421.200,0.323486,0.505127,-0.778809,1.534,-2.847,0.237,31.85
2026-02-12 18:18:49.435,421.300,0.320312,0.505615,-0.780029,1.718,-2.809,0.405,32.10
2026-02-12 18:18:49.535,421.400,0.321777,0.507324,-0.780029,1.740,-2.847,0.221,31.85
2026-02-12 18:18:49.635,421.500,0.320801,0.508301,-0.783936,1.656,-2.870,-0.015,31.85
2026-02-12 18:18:49.735,421.600,0.321777,0.503662,-0.773926,1.603,-2.672,0.305,31.71
2026-02-12 18:18:49.835,421.700,0.320312,0.506348,-0.773682,1.519,-2.557,-0.084,31.51
2026-02-12 18:18:49.935,421.800,0.322021,0.507324,-0.776123,1.847,-2.870,0.366,31.76
2026-02-12 18:18:50.035,421.900,0.321777,0.502686,-0.781494,1.710,-2.885,0.061,31.76
2026-02-12 18:18:50.135,422.000,0.321045,0.506592,-0.779297,1.817,-3.053,0.458,31.85
2026-02-12 18:18:50.235,422.100,0.320801,0.505615,-0.778809,1.847,-2.817,0.221,31.76
2026-02-12 18:18:50.335,422.200,0.319336,0.508545,-0.775391,1.893,-3.061,0.290,31.85
2026-02-12 18:18:50.435,422.300,0.319580,0.503906,-0.781006,1.519,-2.580,0.221,32.00
2026-02-12 18:18:50.535,422.400,0.324219,0.505859,-0.778076,1.664,-3.107,0.328,32.10
2026-02-12 18:18:50.635,422.500,0.321777,0.507324,-0.785156,1.748,-2.863,0.466,31.71
2026-02-12 18:18:50.735,422.600,0.321777,0.506836,-0.777344,1.931,-2.954,0.435,31.71
2026-02-12 18:18:50.835,422.700,0.319580,0.505615,-0.784912,1.855,-2.962,0.611,31.85
2026-02-12 18:18:50.935,422.800,0.319824,0.502686,-0.777344,1.710,-3.031,0.191,31.76
2026-02-12 18:18:51.035,422.900,0.321045,0.502930,-0.779297,1.588,-2.908,0.336,31.71
2026-02-12 18:18:51.135,423.000,0.320312,0.511963,-0.787109,1.679,-2.794,0.328,31.76
2026-02-12 18:18:51.235,423.100,0.319580,0.508545,-0.784668,1.786,-2.908,0.267,31.66
2026-02-12 18:18:51.335,423.200,0.319092,0.506348,-0.784424,1.824,-2.840,0.191,31.76
2026-02-12 18:18:51.435,423.300,0.317383,0.506104,-0.787354,1.702,-2.954,0.115,31.85
2026-02-12 18:18:51.535,423.400,0.320312,0.506592,-0.785156,1.573,-2.771,0.550,31.85
2026-02-12 18:18:51.635,423.500,0.318848,0.506104,-0.778320,1.916,-2.794,0.183,31.76
2026-02-12 18:18:51.735,423.600,0.320312,0.506348,-0.781982,1.489,-2.863,0.282,31.76
2026-02-12 18:18:51.835,423.700,0.319092,0.506592,-0.781982,1.718,-2.947,0.244,31.71
2026-02-12 18:18:51.935,423.800,0.317627,0.505859,-0.783691,1.725,-3.160,0.427,31.56
2026-02-12 18:18:52.035,423.900,0.320801,0.505615,-0.776855,1.763,-2.977,0.450,31.76
2026-02-12 18:18:52.135,424.000,0.322266,0.509277,-0.781250,1.672,-2.885,0.130,31.76
2026-02-12 18:18:52.235,424.100,0.315918,0.508789,-0.783447,1.725,-2.847,0.290,31.66
2026-02-12 18:18:52.335,424.200,0.320557,0.512695,-0.781494,1.634,-2.748,0.244,31.76
2026-02-12 18:18:52.435,424.300,0.322266,0.510254,-0.779297,1.664,-2.931,0.145,32.00
2026-02-12 18:18:52.535,424.400,0.318848,0.508057,-0.780762,1.710,-2.763,0.420,31.85
2026-02-12 18:18:52.635,424.500,0.317871,0.510498,-0.776123,1.786,-3.015,0.397,31.66
2026-02-12 18:18:52.735,424.600,0.319336,0.503906,-0.779541,1.985,-3.137,0.183,31.76
2026-02-12 18:18:52.835,424.700,0.319580,0.504150,-0.781006,1.748,-2.893,0.198,31.76
2026-02-12 18:18:52.935,424.800,0.317871,0.507080,-0.779785,1.649,-2.924,0.069,32.00
2026-02-12 18:18:53.035,424.900,0.318359,0.507080,-0.782471,1.656,-2.763,0.466,31.71
2026-02-12 18:18:53.135,425.000,0.323975,0.507324,-0.779541,1.756,-2.916,0.069,31.51
2026-02-12 18:18:53.235,425.100,0.321533,0.506836,-0.780029,1.802,-2.733,0.519,31.85
2026-02-12 18:18:53.335,425.200,0.316162,0.502686,-0.778564,1.603,-3.015,0.473,31.76
2026-02-12 18:18:53.435,425.300,0.316895,0.507568,-0.781738,1.626,-2.947,0.344,31.76
2026-02-12 18:18:53.535,425.400,0.318604,0.505371,-0.780762,1.557,-2.969,0.366,31.76
2026-02-12 18:18:53.635,425.500,0.318115,0.508057,-0.778320,1.794,-2.664,0.267,31.76
2026-02-12 18:18:53.735,425.600,0.319824,0.507324,-0.782471,1.695,-2.878,0.183,31.51
2026-02-12 18:18:53.835,425.700,0.318604,0.507812,-0.782715,1.786,-2.656,0.214,31.76
2026-02-12 18:18:53.935,425.800,0.319580,0.504883,-0.777832,1.595,-2.634,0.466,32.00
2026-02-12 18:18:54.035,425.900,0.319824,0.506836,-0.780273,1.779,-2.809,0.473,31.76
2026-02-12 18:18:54.135,426.000,0.320801,0.509033,-0.777588,1.916,-2.794,0.084,31.66
2026-02-12 18:18:54.235,426.100,0.320312,0.507568,-0.776367,1.740,-2.885,0.214,31.71
2026-02-12 18:18:54.335,426.200,0.317383,0.507324,-0.781250,1.725,-2.771,0.290,31.71
2026-02-12 18:18:54.435,426.300,0.321045,0.504639,-0.782471,1.779,-2.649,0.130,31.85
2026-02-12 18:18:54.535,426.400,0.319092,0.507568,-0.786865,1.756,-2.649,0.260,31.46
2026-02-12 18:18:54.635,426.500,0.321777,0.506104,-0.779541,1.634,-2.779,0.496,31.76
2026-02-12 18:18:54.735,426.600,0.317627,0.503662,-0.780029,1.847,-2.985,0.275,31.76
2026-02-12 18:18:54.835,426.700,0.320312,0.506836,-0.784180,1.748,-3.046,0.252,31.85
2026-02-12 18:18:54.935,426.800,0.322266,0.506836,-0.787109,1.527,-2.947,0.389,31.71
2026-02-12 18:18:55.035,426.900,0.318359,0.507324,-0.778809,1.733,-2.962,0.328,31.90
2026-02-12 18:18:55.135,427.000,0.318604,0.508789,-0.782471,1.824,-2.962,0.260,32.10
2026-02-12 18:18:55.235,427.100,0.322021,0.506104,-0.777344,1.756,-2.992,0.443,31.85
2026-02-12 18:18:55.335,427.200,0.320557,0.508057,-0.780029,1.595,-2.878,-0.069,31.71
2026-02-12 18:18:55.435,427.300,0.322754,0.504639,-0.779297,1.870,-2.855,0.420,31.85
2026-02-12 18:18:55.535,427.400,0.317627,0.506348,-0.779053,1.702,-3.000,0.511,31.85
2026-02-12 18:18:55.635,427.500,0.322266,0.505859,-0.777832,1.870,-2.695,0.328,32.00
2026-02-12 18:18:55.735,427.600,0.318115,0.508545,-0.777344,1.786,-2.840,0.092,31.90
2026-02-12 18:18:55.835,427.700,0.320557,0.501465,-0.776367,1.626,-2.870,0.198,31.76
2026-02-12 18:18:55.935,427.800,0.316406,0.506348,-0.781982,1.802,-2.817,0.053,31.71
2026-02-12 18:18:56.035,427.900,0.320801,0.507080,-0.782959,1.740,-3.015,0.374,31.90
2026-02-12 18:18:56.135,428.000,0.321777,0.505371,-0.783203,1.603,-2.573,0.275,31.76
2026-02-12 18:18:56.235,428.100,0.320068,0.509277,-0.772461,1.542,-3.008,0.443,31.85
2026-02-12 18:18:56.335,428.200,0.319580,0.507812,-0.779785,1.908,-2.779,0.244,31.90
2026-02-12 18:18:56.435,428.300,0.318115,0.507568,-0.780518,1.702,-2.679,0.229,31.66
2026-02-12 18:18:56.535,428.400,0.317627,0.506592,-0.788086,1.557,-2.840,0.191,32.00
2026-02-12 18:18:56.635,428.500,0.322021,0.504639,-0.775879,1.748,-2.855,0.473,31.90
2026-02-12 18:18:56.735,428.600,0.321045,0.506836,-0.778076,1.763,-3.107,0.092,32.05
2026-02-12 18:18:56.835,428.700,0.319336,0.504150,-0.776123,1.687,-3.069,-0.061,31.85
2026-02-12 18:18:56.935,428.800,0.321045,0.505127,-0.776611,1.794,-2.885,0.595,31.90
2026-02-12 18:18:57.035,428.900,0.321533,0.507812,-0.783691,1.542,-2.847,0.237,31.76
2026-02-12 18:18:57.135,429.000,0.321777,0.502930,-0.782227,2.000,-3.069,0.252,31.90
2026-02-12 18:18:57.235,429.100,0.321777,0.506836,-0.775635,1.771,-3.008,-0.023,31.76
2026-02-12 18:18:57.335,429.200,0.318848,0.505371,-0.777588,1.626,-2.885,0.122,32.00
2026-02-12 18:18:57.435,429.300,0.319824,0.505371,-0.781738,1.656,-2.916,0.015,31.66
2026-02-12 18:18:57.535,429.400,0.320068,0.506348,-0.781494,1.672,-2.916,0.191,31.71
2026-02-12 18:18:57.635,429.500,0.321777,0.505127,-0.777588,1.641,-2.901,0.351,31.71
2026-02-12 18:18:57.735,429.600,0.320312,0.504395,-0.781738,1.679,-3.008,0.206,31.76
2026-02-12 18:18:57.835,429.700,0.319580,0.503662,-0.784912,1.817,-2.992,0.382,31.71
2026-02-12 18:18:57.935,429.800,0.320068,0.507812,-0.778809,1.466,-2.908,-0.160,31.76
2026-02-12 18:18:58.035,429.900,0.320557,0.505371,-0.777344,1.847,-2.458,0.328,31.90
2026-02-12 18:18:58.135,430.000,0.316406,0.505615,-0.779053,1.504,-2.832,0.214,32.00
2026-02-12 18:18:58.235,430.100,0.319336,0.508301,-0.778564,1.649,-2.748,0.053,31.85
2026-02-12 18:18:58.335,430.200,0.318115,0.502930,-0.784912,1.771,-2.748,0.076,32.00
2026-02-12 18:18:58.435,430.300,0.319580,0.501953,-0.775391,1.588,-2.840,0.519,31.71
2026-02-12 18:18:58.535,430.400,0.316895,0.507568,-0.781982,1.885,-2.962,0.313,31.90
2026-02-12 18:18:58.635,430.500,0.319824,0.503662,-0.777832,1.794,-2.916,0.382,31.56
2026-02-12 18:18:58.735,430.600,0.315918,0.509766,-0.782959,1.977,-2.740,0.076,31.66
2026-02-12 18:18:58.835,430.700,0.321777,0.506348,-0.775879,1.771,-2.916,0.198,31.76
2026-02-12 18:18:58.935,430.800,0.321777,0.505859,-0.779541,1.527,-2.763,0.435,31.71
2026-02-12 18:18:59.035,430.900,0.318848,0.510010,-0.785400,1.641,-2.786,0.221,31.71
2026-02-12 18:18:59.135,431.000,0.321777,0.506104,-0.782715,1.947,-2.817,0.511,31.71
2026-02-12 18:18:59.235,431.100,0.317139,0.506104,-0.785889,1.924,-2.962,0.206,32.20
2026-02-12 18:18:59.335,431.200,0.317383,0.500732,-0.787109,1.794,-3.092,0.443,32.00
2026-02-12 18:18:59.435,431.300,0.321777,0.505615,-0.785400,1.557,-2.916,0.313,31.71
2026-02-12 18:18:59.535,431.400,0.323242,0.509033,-0.785400,1.664,-2.954,0.267,32.00
2026-02-12 18:18:59.635,431.500,0.320312,0.508545,-0.781250,1.634,-2.870,0.389,32.05
2026-02-12 18:18:59.735,431.600,0.318604,0.510010,-0.780518,1.840,-2.710,0.282,32.05
2026-02-12 18:18:59.835,431.700,0.321289,0.506348,-0.782227,1.870,-2.863,0.198,32.00
2026-02-12 18:18:59.935,431.800,0.324707,0.505615,-0.780029,1.534,-2.847,0.389,31.90
2026-02-12 18:19:00.035,431.900,0.319092,0.506836,-0.780518,1.855,-2.763,0.290,31.76
2026-02-12 18:19:00.135,432.000,0.318359,0.507568,-0.782715,1.824,-2.710,0.382,32.05
2026-02-12 18:19:00.235,432.100,0.316162,0.505371,-0.783447,1.931,-2.977,0.130,32.00
2026-02-12 18:19:00.335,432.200,0.316650,0.507324,-0.778076,1.840,-3.023,0.466,32.00
2026-02-12 18:19:00.435,432.300,0.318848,0.508301,-0.782227,1.695,-2.893,0.237,31.71
2026-02-12 18:19:00.535,432.400,0.317871,0.506836,-0.779541,1.664,-2.977,0.328,31.71
2026-02-12 18:19:00.635,432.500,0.322021,0.510498,-0.783691,2.031,-2.740,0.328,32.00
2026-02-12 18:19:00.735,432.600,0.322998,0.502930,-0.780273,1.359,-2.992,0.565,31.71
2026-02-12 18:19:00.835,432.700,0.315674,0.505615,-0.779297,1.779,-2.809,0.481,31.71
2026-02-12 18:19:00.935,432.800,0.317871,0.506592,-0.783203,1.702,-2.870,0.366,31.85
2026-02-12 18:19:01.035,432.900,0.323486,0.510010,-0.777588,1.649,-2.992,0.252,31.71
2026-02-12 18:19:01.135,433.000,0.321533,0.502197,-0.790039,1.542,-2.847,0.313,31.90
2026-02-12 18:19:01.235,433.100,0.321289,0.506104,-0.779541,1.802,-2.824,0.427,32.05
2026-02-12 18:19:01.335,433.200,0.319092,0.507324,-0.778809,1.527,-3.008,0.145,31.76
2026-02-12 18:19:01.435,433.300,0.319092,0.505615,-0.776611,1.725,-2.992,0.313,31.85
2026-02-12 18:19:01.535,433.400,0.318359,0.506348,-0.782471,1.603,-2.840,0.229,31.51
2026-02-12 18:19:01.635,433.500,0.321777,0.504639,-0.784668,1.634,-3.008,0.382,31.76
2026-02-12 18:19:01.735,433.600,0.320312,0.502930,-0.779541,1.687,-2.748,0.397,31.85
2026-02-12 18:19:01.835,433.700,0.317627,0.510742,-0.777100,1.611,-3.046,0.473,31.90
2026-02-12 18:19:01.935,433.800,0.320312,0.503906,-0.782471,1.656,-2.656,0.267,31.71
2026-02-12 18:19:02.035,433.900,0.318359,0.506836,-0.778320,1.718,-2.809,0.336,31.90
2026-02-12 18:19:02.135,434.000,0.323730,0.507812,-0.779053,1.527,-2.763,0.214,32.05
2026-02-12 18:19:02.235,434.100,0.322021,0.501709,-0.782959,1.588,-2.855,0.305,31.85
2026-02-12 18:19:02.335,434.200,0.319336,0.503418,-0.781982,1.603,-3.053,0.046,32.00
2026-02-12 18:19:02.435,434.300,0.321533,0.502441,-0.782471,1.550,-2.847,0.153,31.71
2026-02-12 18:19:02.535,434.400,0.322021,0.502930,-0.781006,1.733,-2.863,0.176,31.90
2026-02-12 18:19:02.635,434.500,0.320801,0.507568,-0.782959,1.702,-2.817,0.450,31.76
2026-02-12 18:19:02.735,434.600,0.319580,0.506592,-0.783691,1.511,-2.901,0.153,32.00
2026-02-12 18:19:02.835,434.700,0.316895,0.503662,-0.786621,1.679,-3.023,0.023,31.85
2026-02-12 18:19:02.935,434.800,0.318848,0.505859,-0.778564,1.618,-3.053,0.191,31.90
2026-02-12 18:19:03.035,434.900,0.316895,0.505615,-0.781250,1.710,-2.763,0.191,31.90
2026-02-12 18:19:03.135,435.000,0.322266,0.501709,-0.782959,1.595,-2.718,0.122,31.90
2026-02-12 18:19:03.235,435.100,0.321289,0.506592,-0.780273,1.702,-2.809,0.084,32.00
2026-02-12 18:19:03.335,435.200,0.317627,0.508545,-0.780029,1.771,-2.832,0.496,32.05
2026-02-12 18:19:03.435,435.300,0.319092,0.504639,-0.776855,2.092,-3.008,0.084,32.00
2026-02-12 18:19:03.535,435.400,0.317627,0.504150,-0.783447,1.916,-2.885,0.313,31.76
2026-02-12 18:19:03.635,435.500,0.321045,0.506348,-0.782715,1.435,-2.802,0.282,32.10
2026-02-12 18:19:03.735,435.600,0.322021,0.505859,-0.784424,1.710,-2.779,0.382,31.76
2026-02-12 18:19:03.835,435.700,0.318848,0.504639,-0.786133,1.481,-2.916,0.435,31.71
2026-02-12 18:19:03.935,435.800,0.322266,0.509766,-0.779053,1.756,-2.840,-0.023,31.76
2026-02-12 18:19:04.035,435.900,0.320557,0.507080,-0.780762,1.542,-2.656,0.160,31.76
2026-02-12 18:19:04.135,436.000,0.319824,0.508301,-0.784912,1.664,-2.687,0.183,31.85
2026-02-12 18:19:04.235,436.100,0.318604,0.508301,-0.773926,1.435,-2.626,0.282,31.76
2026-02-12 18:19:04.335,436.200,0.315918,0.504639,-0.776855,1.832,-2.725,0.130,32.05
2026-02-12 18:19:04.435,436.300,0.321777,0.505615,-0.783691,1.763,-2.809,0.160,31.85
2026-02-12 18:19:04.535,436.400,0.318848,0.505127,-0.781250,1.626,-3.015,0.130,32.00
2026-02-12 18:19:04.635,436.500,0.321533,0.504395,-0.781494,1.718,-3.076,0.252,32.05
2026-02-12 18:19:04.735,436.600,0.318604,0.506104,-0.787354,1.779,-2.588,0.389,32.10
2026-02-12 18:19:04.835,436.700,0.318359,0.503418,-0.777344,1.748,-2.962,0.397,31.90
2026-02-12 18:19:04.935,436.800,0.318848,0.507812,-0.782959,1.603,-3.237,0.275,31.71
2026-02-12 18:19:05.035,436.900,0.321777,0.505859,-0.779541,1.580,-2.756,0.275,31.66
2026-02-12 18:19:05.135,437.000,0.321289,0.507812,-0.781006,1.656,-3.023,0.298,31.71
2026-02-12 18:19:05.235,437.100,0.322266,0.510498,-0.784180,1.725,-2.687,0.221,31.66
2026-02-12 18:19:05.335,437.200,0.321045,0.508301,-0.782227,1.313,-3.038,0.382,32.05
2026-02-12 18:19:05.435,437.300,0.318359,0.507568,-0.778564,1.695,-2.863,0.344,31.71
2026-02-12 18:19:05.535,437.400,0.319336,0.507324,-0.779297,1.634,-2.870,0.076,31.85
2026-02-12 18:19:05.635,437.500,0.317139,0.508301,-0.779541,1.618,-2.740,0.481,31.90
2026-02-12 18:19:05.735,437.600,0.318359,0.500244,-0.783203,1.649,-3.122,0.359,32.00
2026-02-12 18:19:05.835,437.700,0.321777,0.506348,-0.774658,1.794,-2.771,0.198,31.76
2026-02-12 18:19:05.935,437.800,0.316162,0.506348,-0.776367,1.962,-2.786,0.313,32.05
2026-02-12 18:19:06.035,437.900,0.321289,0.503662,-0.781006,1.641,-2.847,0.214,31.76
2026-02-12 18:19:06.135,438.000,0.323975,0.508545,-0.780518,1.641,-2.931,0.313,31.71
2026-02-12 18:19:06.235,438.100,0.319824,0.506104,-0.775635,1.771,-2.870,0.282,31.85
2026-02-12 18:19:06.335,438.200,0.318115,0.509766,-0.782227,1.580,-2.878,0.351,32.05
2026-02-12 18:19:06.435,438.300,0.319336,0.509521,-0.783691,1.733,-2.962,0.191,31.76
2026-02-12 18:19:06.535,438.400,0.319824,0.503174,-0.780762,1.901,-2.840,0.267,31.71
2026-02-12 18:19:06.635,438.500,0.321045,0.505127,-0.781738,1.664,-2.649,0.137,31.76
2026-02-12 18:19:06.735,438.600,0.318848,0.508789,-0.784180,1.771,-2.893,0.153,31.76
2026-02-12 18:19:06.835,438.700,0.321289,0.505615,-0.777344,1.809,-2.985,-0.015,32.20
2026-02-12 18:19:06.935,438.800,0.323975,0.504150,-0.780029,1.573,-2.931,0.145,31.76
2026-02-12 18:19:07.035,438.900,0.316162,0.510254,-0.779297,1.885,-2.901,0.359,32.00
2026-02-12 18:19:07.135,439.000,0.318848,0.508057,-0.782227,1.649,-2.832,0.160,31.90
2026-02-12 18:19:07.235,439.100,0.321045,0.506104,-0.780273,1.817,-3.069,0.458,31.85
2026-02-12 18:19:07.335,439.200,0.319580,0.509766,-0.772705,2.031,-2.718,0.336,31.76
2026-02-12 18:19:07.435,439.300,0.317871,0.504150,-0.780762,1.626,-3.046,0.511,31.71
2026-02-12 18:19:07.535,439.400,0.323242,0.506104,-0.777588,1.863,-2.870,0.321,32.00
2026-02-12 18:19:07.635,439.500,0.321045,0.504883,-0.778076,1.595,-2.847,0.420,31.71
2026-02-12 18:19:07.735,439.600,0.320557,0.507812,-0.782959,1.649,-2.733,-0.031,31.90
2026-02-12 18:19:07.835,439.700,0.317871,0.506592,-0.785156,1.702,-2.817,0.084,31.76
2026-02-12 18:19:07.935,439.800,0.321045,0.504395,-0.785889,1.557,-2.756,0.466,31.76
2026-02-12 18:19:08.035,439.900,0.320557,0.503418,-0.778320,1.634,-2.771,0.092,31.90
2026-02-12 18:19:08.135,440.000,0.320801,0.506348,-0.780029,1.695,-2.878,0.191,31.71
2026-02-12 18:19:08.235,440.100,0.320312,0.508545,-0.780762,1.664,-2.901,0.496,31.90
2026-02-12 18:19:08.335,440.200,0.316895,0.508789,-0.780762,1.733,-3.008,0.031,31.76
2026-02-12 18:19:08.435,440.300,0.318848,0.508789,-0.782715,1.733,-3.031,0.122,32.05
2026-02-12 18:19:08.535,440.400,0.317383,0.507080,-0.776367,1.740,-2.977,0.336,31.90
2026-02-12 18:19:08.635,440.500,0.316895,0.504395,-0.783203,1.817,-3.076,0.260,31.66
2026-02-12 18:19:08.735,440.600,0.322266,0.506348,-0.776367,1.771,-2.718,0.092,31.66
2026-02-12 18:19:08.835,440.700,0.324951,0.505859,-0.779053,1.534,-2.733,0.328,31.90
2026-02-12 18:19:08.935,440.800,0.317383,0.509277,-0.787354,1.557,-2.863,0.229,31.76
2026-02-12 18:19:09.035,440.900,0.320557,0.508301,-0.780762,1.901,-2.794,0.344,32.00
2026-02-12 18:19:09.135,441.000,0.320801,0.505127,-0.786133,1.641,-2.985,0.382,31.90
2026-02-12 18:19:09.235,441.100,0.320557,0.506836,-0.773926,1.656,-2.817,0.290,31.66
2026-02-12 18:19:09.335,441.200,0.320312,0.504395,-0.785156,1.672,-2.779,0.252,32.05
2026-02-12 18:19:09.435,441.300,0.321533,0.508301,-0.778809,1.573,-2.863,0.130,31.76
2026-02-12 18:19:09.535,441.400,0.319092,0.509033,-0.778564,1.634,-3.115,0.008,31.66
2026-02-12 18:19:09.635,441.500,0.319824,0.505859,-0.778320,1.740,-2.634,0.344,31.71
2026-02-12 18:19:09.735,441.600,0.321777,0.509521,-0.782471,1.580,-2.855,0.008,31.76
2026-02-12 18:19:09.835,441.700,0.324219,0.506836,-0.783447,1.725,-2.779,0.122,31.85
2026-02-12 18:19:09.935,441.800,0.319824,0.510498,-0.780029,1.824,-2.878,0.397,31.76
2026-02-12 18:19:10.035,441.900,0.315430,0.509521,-0.781494,1.588,-2.824,0.397,31.85
2026-02-12 18:19:10.135,442.000,0.323242,0.500244,-0.784180,1.466,-2.863,0.160,31.76
2026-02-12 18:19:10.235,442.100,0.319092,0.505371,-0.778809,1.855,-2.634,0.351,32.00
2026-02-12 18:19:10.335,442.200,0.321289,0.509277,-0.785889,1.832,-3.000,0.191,31.85
2026-02-12 18:19:10.435,442.300,0.319580,0.504883,-0.780273,1.550,-2.962,0.359,31.85
2026-02-12 18:19:10.535,442.400,0.317627,0.508057,-0.784668,1.687,-2.908,0.328,31.76
2026-02-12 18:19:10.635,442.500,0.319092,0.507080,-0.777344,1.756,-2.756,0.458,31.90
2026-02-12 18:19:10.735,442.600,0.319824,0.504639,-0.777588,1.687,-2.977,0.244,31.76
2026-02-12 18:19:10.835,442.700,0.319336,0.507080,-0.774902,1.725,-2.916,0.504,31.76
2026-02-12 18:19:10.935,442.800,0.320068,0.512695,-0.785400,1.718,-2.733,0.328,31.90
2026-02-12 18:19:11.035,442.900,0.317871,0.509033,-0.778564,1.695,-2.786,0.191,32.00
2026-02-12 18:19:11.135,443.000,0.318359,0.505615,-0.782227,1.573,-2.763,0.260,31.76
2026-02-12 18:19:11.235,443.100,0.320068,0.504150,-0.776367,1.817,-2.931,0.252,31.90
2026-02-12 18:19:11.335,443.200,0.323242,0.505127,-0.782227,1.351,-2.740,0.229,32.00
2026-02-12 18:19:11.435,443.300,0.319092,0.506592,-0.781738,1.679,-2.962,0.542,31.71
2026-02-12 18:19:11.535,443.400,0.320068,0.504395,-0.786621,1.824,-3.092,0.168,31.85
2026-02-12 18:19:11.635,443.500,0.321777,0.502930,-0.773682,1.878,-2.977,0.115,31.71
2026-02-12 18:19:11.735,443.600,0.319580,0.510742,-0.781982,1.634,-2.603,0.153,31.90
2026-02-12 18:19:11.835,443.700,0.317871,0.503174,-0.782227,1.641,-2.962,0.366,32.00
2026-02-12 18:19:11.935,443.800,0.323242,0.508789,-0.787598,1.450,-2.985,0.374,31.71
2026-02-12 18:19:12.035,443.900,0.319824,0.511719,-0.779541,1.527,-2.901,0.069,31.76
2026-02-12 18:19:12.135,444.000,0.323730,0.506348,-0.779297,1.725,-2.603,0.489,31.76
2026-02-12 18:19:12.235,444.100,0.321289,0.508057,-0.780518,1.580,-2.931,0.191,32.05
2026-02-12 18:19:12.335,444.200,0.320801,0.506836,-0.784912,1.947,-2.771,0.244,31.90
2026-02-12 18:19:12.435,444.300,0.320801,0.512207,-0.780273,1.634,-2.931,0.351,32.00
2026-02-12 18:19:12.535,444.400,0.318848,0.504639,-0.786377,1.863,-2.763,0.282,31.71
2026-02-12 18:19:12.635,444.500,0.319092,0.508057,-0.783691,1.832,-3.023,0.275,31.85
2026-02-12 18:19:12.735,444.600,0.319824,0.506104,-0.778564,1.763,-2.641,0.000,31.85
2026-02-12 18:19:12.835,444.700,0.316162,0.506836,-0.781250,1.603,-2.802,0.153,31.85
2026-02-12 18:19:12.935,444.800,0.320068,0.505371,-0.781494,1.511,-2.847,0.389,31.71
2026-02-12 18:19:13.035,444.900,0.319824,0.502686,-0.773438,1.771,-2.725,0.183,32.05
2026-02-12 18:19:13.135,445.000,0.319092,0.505859,-0.780273,1.679,-2.939,0.084,31.76
2026-02-12 18:19:13.235,445.100,0.318604,0.506348,-0.778809,1.565,-2.863,-0.008,32.00
2026-02-12 18:19:13.335,445.200,0.320801,0.509766,-0.780518,1.649,-2.824,0.565,31.71
2026-02-12 18:19:13.435,445.300,0.319824,0.507812,-0.780029,1.870,-2.603,0.214,31.85
2026-02-12 18:19:13.535,445.400,0.322998,0.507324,-0.780029,1.634,-2.458,0.229,32.00
2026-02-12 18:19:13.635,445.500,0.320801,0.510010,-0.776855,1.740,-2.908,-0.214,32.20
2026-02-12 18:19:13.735,445.600,0.318359,0.504395,-0.784180,1.756,-2.641,0.191,32.00
2026-02-12 18:19:13.835,445.700,0.317139,0.502930,-0.781494,1.679,-2.802,0.382,32.00
2026-02-12 18:19:13.935,445.800,0.318604,0.503662,-0.779053,1.809,-3.023,0.412,31.76
2026-02-12 18:19:14.035,445.900,0.318848,0.504150,-0.781982,1.756,-2.916,-0.122,31.85
2026-02-12 18:19:14.135,446.000,0.321533,0.507812,-0.779541,1.733,-2.809,0.328,31.90
2026-02-12 18:19:14.235,446.100,0.320312,0.505127,-0.782959,1.618,-2.939,0.252,32.00
2026-02-12 18:19:14.335,446.200,0.320557,0.508057,-0.778564,1.542,-2.763,0.351,31.90
2026-02-12 18:19:14.435,446.300,0.316895,0.504883,-0.775635,1.779,-2.817,0.198,31.66
2026-02-12 18:19:14.535,446.400,0.318115,0.506104,-0.779541,1.656,-2.802,0.084,31.90
2026-02-12 18:19:14.635,446.500,0.322021,0.505127,-0.771729,1.725,-2.611,0.160,31.85
2026-02-12 18:19:14.735,446.600,0.319824,0.503662,-0.780762,1.679,-2.748,0.275,31.85
2026-02-12 18:19:14.835,446.700,0.319336,0.507812,-0.781006,1.863,-2.931,0.031,31.71
2026-02-12 18:19:14.935,446.800,0.320312,0.509277,-0.781982,1.771,-2.817,0.214,32.05
2026-02-12 18:19:15.035,446.900,0.319824,0.508301,-0.780029,1.374,-2.977,0.481,31.85
2026-02-12 18:19:15.135,447.000,0.320312,0.507568,-0.776855,1.779,-2.763,0.473,32.00
2026-02-12 18:19:15.235,447.100,0.317139,0.508789,-0.777588,1.870,-3.015,0.550,31.76
2026-02-12 18:19:15.335,447.200,0.315674,0.503906,-0.781738,1.824,-2.756,0.321,32.00
2026-02-12 18:19:15.435,447.300,0.319824,0.506104,-0.779297,1.748,-2.840,0.214,31.76
2026-02-12 18:19:15.535,447.400,0.321289,0.506348,-0.777588,1.702,-2.771,0.534,31.66
2026-02-12 18:19:15.635,447.500,0.319092,0.508545,-0.778809,1.763,-3.107,0.107,32.05
2026-02-12 18:19:15.735,447.600,0.321289,0.506592,-0.786133,1.473,-2.740,0.061,31.76
2026-02-12 18:19:15.835,447.700,0.318115,0.508789,-0.779297,1.679,-2.809,0.252,31.85
2026-02-12 18:19:15.935,447.800,0.319092,0.507324,-0.775146,1.809,-2.672,0.221,32.05
2026-02-12 18:19:16.035,447.900,0.324219,0.507568,-0.781738,1.702,-2.893,0.298,31.90
2026-02-12 18:19:16.135,448.000,0.321045,0.504883,-0.774414,1.878,-2.664,0.137,31.90
2026-02-12 18:19:16.235,448.100,0.321289,0.508789,-0.786133,1.588,-2.702,0.542,32.00
2026-02-12 18:19:16.335,448.200,0.319092,0.506836,-0.780029,1.855,-2.756,0.305,31.76
2026-02-12 18:19:16.435,448.300,0.320068,0.503662,-0.778076,1.832,-2.840,-0.092,31.71
2026-02-12 18:19:16.535,448.400,0.317627,0.505615,-0.777832,1.870,-2.725,0.160,31.71
2026-02-12 18:19:16.635,448.500,0.319336,0.505371,-0.785400,1.695,-2.916,0.366,32.00
2026-02-12 18:19:16.735,448.600,0.320801,0.509521,-0.779053,1.710,-2.847,0.374,31.76
2026-02-12 18:19:16.835,448.700,0.317627,0.507568,-0.782471,1.687,-2.985,0.305,31.71
2026-02-12 18:19:16.935,448.800,0.318848,0.508057,-0.781006,1.824,-2.832,0.229,32.20
2026-02-12 18:19:17.035,448.900,0.321045,0.508545,-0.777100,1.847,-2.908,0.084,32.05
2026-02-12 18:19:17.135,449.000,0.321533,0.501465,-0.778320,1.687,-2.794,0.435,31.85
2026-02-12 18:19:17.235,449.100,0.319824,0.503662,-0.776367,1.656,-2.588,0.336,31.85
2026-02-12 18:19:17.335,449.200,0.317871,0.505859,-0.781494,1.649,-2.855,0.183,31.85
2026-02-12 18:19:17.435,449.300,0.321289,0.509277,-0.775635,1.534,-2.718,0.542,32.00
2026-02-12 18:19:17.535,449.400,0.317139,0.507080,-0.776855,1.427,-2.786,0.458,32.05
2026-02-12 18:19:17.635,449.500,0.322021,0.506836,-0.779053,1.656,-3.084,0.351,31.71
2026-02-12 18:19:17.735,449.600,0.320312,0.503174,-0.782227,1.710,-2.840,0.290,32.00
2026-02-12 18:19:17.835,449.700,0.321045,0.505615,-0.781494,1.611,-2.733,0.145,31.90
2026-02-12 18:19:17.935,449.800,0.321045,0.505859,-0.780518,1.863,-2.740,0.466,32.10
2026-02-12 18:19:18.035,449.900,0.321777,0.507080,-0.783203,1.595,-2.733,0.237,31.85
2026-02-12 18:19:18.135,450.000,0.320068,0.505859,-0.784424,1.649,-2.824,0.359,31.76
2026-02-12 18:19:18.235,450.100,0.320801,0.507568,-0.780273,1.893,-2.779,0.275,32.05
2026-02-12 18:19:18.335,450.200,0.319824,0.506104,-0.776367,1.679,-2.908,0.084,31.71
2026-02-12 18:19:18.435,450.300,0.317871,0.505615,-0.783447,1.725,-2.885,0.557,31.76
2026-02-12 18:19:18.535,450.400,0.318848,0.503906,-0.781006,1.817,-2.725,0.237,31.66
2026-02-12 18:19:18.635,450.500,0.318604,0.505615,-0.781250,1.893,-3.038,0.534,31.76
2026-02-12 18:19:18.735,450.600,0.316895,0.504639,-0.786133,1.779,-2.916,0.519,31.76
2026-02-12 18:19:18.835,450.700,0.321533,0.507324,-0.776855,1.481,-3.183,0.504,31.76
2026-02-12 18:19:18.935,450.800,0.321777,0.504639,-0.782471,1.748,-2.702,0.374,32.05
2026-02-12 18:19:19.035,450.900,0.324463,0.503906,-0.783936,1.534,-2.550,0.061,31.90
2026-02-12 18:19:19.135,451.000,0.321533,0.508545,-0.779297,1.771,-2.511,0.221,31.85
2026-02-12 18:19:19.235,451.100,0.321045,0.505127,-0.774658,1.786,-2.863,0.107,31.85
2026-02-12 18:19:19.335,451.200,0.318604,0.506592,-0.777588,1.573,-2.817,0.412,31.90
2026-02-12 18:19:19.435,451.300,0.321045,0.505127,-0.777588,1.664,-3.191,0.290,32.05
2026-02-12 18:19:19.535,451.400,0.322021,0.506592,-0.787598,1.748,-2.916,0.313,31.71
2026-02-12 18:19:19.635,451.500,0.319580,0.503662,-0.780518,1.656,-2.687,0.122,31.90
2026-02-12 18:19:19.735,451.600,0.320557,0.507080,-0.782959,1.916,-2.870,0.595,32.00
2026-02-12 18:19:19.835,451.700,0.317139,0.507324,-0.779785,1.855,-2.893,0.282,32.05
2026-02-12 18:19:19.935,451.800,0.320068,0.506836,-0.781006,1.832,-2.664,0.115,31.71
2026-02-12 18:19:20.035,451.900,0.313965,0.506348,-0.784912,1.504,-2.870,0.366,31.90
2026-02-12 18:19:20.135,452.000,0.319092,0.506348,-0.779785,1.924,-2.725,0.443,32.00
2026-02-12 18:19:20.235,452.100,0.322510,0.509277,-0.782227,1.679,-2.725,0.458,31.71
2026-02-12 18:19:20.335,452.200,0.324951,0.508057,-0.779053,1.641,-2.824,0.046,31.76
2026-02-12 18:19:20.435,452.300,0.319824,0.508789,-0.782715,1.672,-2.924,0.366,31.56
2026-02-12 18:19:20.535,452.400,0.318359,0.506104,-0.782227,1.916,-2.962,0.267,31.71
2026-02-12 18:19:20.635,452.500,0.317139,0.504883,-0.781738,1.649,-3.023,0.267,31.76
2026-02-12 18:19:20.735,452.600,0.319824,0.507568,-0.781738,1.649,-2.969,0.336,31.71
2026-02-12 18:19:20.835,452.700,0.317627,0.506348,-0.783447,1.527,-2.840,0.573,31.71
2026-02-12 18:19:20.935,452.800,0.321533,0.506592,-0.776611,1.687,-2.916,0.229,31.90
2026-02-12 18:19:21.035,452.900,0.322998,0.505859,-0.782471,1.710,-2.634,0.198,32.10
2026-02-12 18:19:21.135,453.000,0.318115,0.502441,-0.781982,1.672,-2.954,0.115,32.00
2026-02-12 18:19:21.235,453.100,0.320068,0.505859,-0.780029,1.885,-2.649,0.183,31.85
2026-02-12 18:19:21.335,453.200,0.323242,0.505859,-0.782471,1.855,-2.626,0.183,32.00
2026-02-12 18:19:21.435,453.300,0.318604,0.508057,-0.778809,1.740,-2.901,0.336,31.76
2026-02-12 18:19:21.535,453.400,0.320557,0.505371,-0.783691,1.847,-2.656,0.221,31.85
2026-02-12 18:19:21.635,453.500,0.317871,0.505371,-0.779053,1.718,-2.840,0.092,31.90
2026-02-12 18:19:21.735,453.600,0.320068,0.506348,-0.775635,1.710,-2.939,0.298,32.05
2026-02-12 18:19:21.835,453.700,0.319092,0.507324,-0.782227,1.534,-3.046,0.076,31.90
2026-02-12 18:19:21.935,453.800,0.320557,0.504639,-0.785645,1.473,-2.740,0.344,32.20
2026-02-12 18:19:22.035,453.900,0.323242,0.504395,-0.780029,1.802,-2.695,0.061,32.10
2026-02-12 18:19:22.135,454.000,0.322021,0.503418,-0.781006,1.695,-2.740,0.397,31.76
2026-02-12 18:19:22.235,454.100,0.317871,0.506592,-0.784912,1.634,-3.023,-0.069,32.10
2026-02-12 18:19:22.335,454.200,0.320068,0.502197,-0.777832,1.611,-2.756,0.267,31.76
2026-02-12 18:19:22.435,454.300,0.319092,0.509033,-0.778076,1.740,-2.763,0.458,31.71
2026-02-12 18:19:22.535,454.400,0.318115,0.502930,-0.781494,1.557,-2.916,0.244,31.90
2026-02-12 18:19:22.635,454.500,0.319824,0.508789,-0.782471,1.504,-2.733,0.160,32.25
2026-02-12 18:19:22.735,454.600,0.318115,0.503174,-0.780518,1.740,-2.634,0.275,31.51
2026-02-12 18:19:22.835,454.700,0.320557,0.509277,-0.781006,1.458,-2.786,0.229,31.66
2026-02-12 18:19:22.935,454.800,0.322021,0.504639,-0.777100,1.702,-2.893,0.443,32.00
2026-02-12 18:19:23.035,454.900,0.321777,0.504395,-0.774414,1.718,-2.885,0.443,31.66
2026-02-12 18:19:23.135,455.000,0.318359,0.501709,-0.782227,1.809,-2.809,0.321,31.90
2026-02-12 18:19:23.235,455.100,0.320557,0.507568,-0.780029,1.595,-2.954,0.290,32.00
2026-02-12 18:19:23.335,455.200,0.320801,0.508301,-0.782471,1.565,-2.962,0.198,31.66
2026-02-12 18:19:23.435,455.300,0.320068,0.505127,-0.777588,1.817,-2.863,0.603,31.66
2026-02-12 18:19:23.535,455.400,0.322754,0.506348,-0.786133,1.710,-2.855,0.511,31.71
2026-02-12 18:19:23.635,455.500,0.319824,0.502197,-0.771240,1.756,-2.870,0.176,31.90
2026-02-12 18:19:23.735,455.600,0.314453,0.504883,-0.788818,1.855,-3.069,0.221,31.85
2026-02-12 18:19:23.835,455.700,0.322754,0.505127,-0.778076,1.824,-3.015,0.046,31.76
2026-02-12 18:19:23.935,455.800,0.318359,0.508301,-0.780273,1.458,-2.931,0.115,31.51
2026-02-12 18:19:24.035,455.900,0.317627,0.508789,-0.781494,1.809,-2.939,0.351,31.66
2026-02-12 18:19:24.135,456.000,0.317627,0.507080,-0.780762,1.511,-2.977,0.214,31.90
2026-02-12 18:19:24.235,456.100,0.320557,0.503906,-0.781982,1.962,-2.840,0.298,31.85
2026-02-12 18:19:24.335,456.200,0.321045,0.505615,-0.777100,1.695,-2.748,0.450,31.76
2026-02-12 18:19:24.435,456.300,0.319580,0.506592,-0.785400,1.611,-2.962,0.397,31.76
2026-02-12 18:19:24.535,456.400,0.322021,0.506592,-0.777344,1.809,-2.695,0.282,32.00
2026-02-12 18:19:24.635,456.500,0.321289,0.509521,-0.781006,1.618,-2.885,0.427,31.76
2026-02-12 18:19:24.735,456.600,0.320557,0.502441,-0.782471,1.740,-2.748,0.351,31.90
2026-02-12 18:19:24.835,456.700,0.322754,0.510010,-0.779541,1.710,-2.832,0.351,31.90
2026-02-12 18:19:24.935,456.800,0.321777,0.505615,-0.780029,1.847,-2.748,0.137,31.71
2026-02-12 18:19:25.035,456.900,0.319580,0.506592,-0.782227,1.634,-2.603,0.336,31.76
2026-02-12 18:19:25.135,457.000,0.316895,0.508789,-0.782227,1.649,-2.840,0.344,31.85
2026-02-12 18:19:25.235,457.100,0.317871,0.505859,-0.776855,1.794,-2.542,0.275,31.71
2026-02-12 18:19:25.335,457.200,0.317871,0.506836,-0.778076,1.855,-2.878,0.458,31.71
2026-02-12 18:19:25.435,457.300,0.324951,0.511475,-0.776367,1.710,-2.740,0.275,31.71
2026-02-12 18:19:25.535,457.400,0.322510,0.505615,-0.781006,1.756,-2.710,0.153,31.71
2026-02-12 18:19:25.635,457.500,0.317627,0.505615,-0.778564,1.687,-2.771,0.000,31.90
2026-02-12 18:19:25.735,457.600,0.324219,0.506348,-0.787598,1.695,-3.015,0.496,32.05
2026-02-12 18:19:25.835,457.700,0.320312,0.510254,-0.787109,1.786,-2.710,0.183,31.85
2026-02-12 18:19:25.935,457.800,0.316162,0.506348,-0.785645,1.748,-2.626,0.336,31.71
2026-02-12 18:19:26.035,457.900,0.319336,0.508301,-0.779541,1.641,-2.847,0.260,31.85
2026-02-12 18:19:26.135,458.000,0.320068,0.503662,-0.776855,1.748,-2.969,0.015,32.00
2026-02-12 18:19:26.235,458.100,0.314453,0.503906,-0.776123,1.656,-2.733,0.053,31.90
2026-02-12 18:19:26.335,458.200,0.319336,0.508301,-0.788086,1.771,-3.046,-0.046,31.90
2026-02-12 18:19:26.435,458.300,0.318359,0.503906,-0.778564,1.641,-2.550,0.534,31.85
2026-02-12 18:19:26.535,458.400,0.320801,0.508545,-0.779541,1.725,-2.855,0.305,31.76
2026-02-12 18:19:26.635,458.500,0.318604,0.501953,-0.777344,1.794,-2.779,0.015,31.71
2026-02-12 18:19:26.735,458.600,0.319580,0.502686,-0.779053,1.458,-2.817,0.504,31.85
2026-02-12 18:19:26.835,458.700,0.317627,0.504639,-0.780029,1.863,-2.718,0.405,31.85
2026-02-12 18:19:26.935,458.800,0.318115,0.506836,-0.774902,1.817,-3.122,0.435,31.76
2026-02-12 18:19:27.035,458.900,0.319092,0.505615,-0.780273,1.595,-2.710,0.015,32.10
2026-02-12 18:19:27.135,459.000,0.317383,0.509521,-0.779297,1.725,-3.092,0.321,31.90
2026-02-12 18:19:27.235,459.100,0.318848,0.507812,-0.789551,1.779,-2.878,0.198,31.71
2026-02-12 18:19:27.335,459.200,0.318848,0.504883,-0.774658,1.763,-3.084,0.389,31.76
2026-02-12 18:19:27.435,459.300,0.320068,0.505859,-0.787598,1.733,-3.053,0.115,31.76
2026-02-12 18:19:27.535,459.400,0.320557,0.508545,-0.779785,1.786,-2.832,0.588,31.90
2026-02-12 18:19:27.635,459.500,0.320312,0.504150,-0.780273,1.687,-2.809,0.168,32.05
2026-02-12 18:19:27.735,459.600,0.322754,0.507080,-0.783447,1.649,-2.595,0.313,31.85
2026-02-12 18:19:27.835,459.700,0.322021,0.504883,-0.783936,1.565,-2.664,0.267,31.90
2026-02-12 18:19:27.935,459.800,0.320557,0.506104,-0.784668,1.618,-2.641,0.214,32.00
2026-02-12 18:19:28.035,459.900,0.321045,0.507324,-0.775635,1.595,-2.992,0.275,32.05
2026-02-12 18:19:28.135,460.000,0.319824,0.510498,-0.779785,1.626,-2.855,0.344,31.66
2026-02-12 18:19:28.235,460.100,0.317871,0.505371,-0.782227,1.565,-2.542,0.267,31.90
2026-02-12 18:19:28.335,460.200,0.318848,0.506104,-0.774658,1.824,-2.595,0.412,32.20
2026-02-12 18:19:28.435,460.300,0.321777,0.504883,-0.781250,1.618,-2.855,0.504,31.85
2026-02-12 18:19:28.535,460.400,0.321289,0.508789,-0.777588,1.550,-2.618,0.443,31.76
2026-02-12 18:19:28.635,460.500,0.321045,0.502197,-0.780762,1.626,-2.679,0.244,31.66
2026-02-12 18:19:28.735,460.600,0.322754,0.504639,-0.787109,1.794,-2.740,0.275,32.05
2026-02-12 18:19:28.835,460.700,0.320557,0.503662,-0.775635,1.611,-2.977,0.183,32.00
2026-02-12 18:19:28.935,460.800,0.321777,0.508545,-0.781250,1.878,-3.031,0.099,31.90
2026-02-12 18:19:29.035,460.900,0.317139,0.507324,-0.780273,1.901,-2.718,0.252,31.76
2026-02-12 18:19:29.135,461.000,0.321777,0.507812,-0.780518,1.420,-2.939,0.534,32.10
2026-02-12 18:19:29.235,461.100,0.319092,0.509033,-0.780273,1.656,-2.695,0.252,31.76
2026-02-12 18:19:29.335,461.200,0.316650,0.506836,-0.784180,1.550,-2.916,0.099,31.56
2026-02-12 18:19:29.435,461.300,0.320312,0.505127,-0.780273,1.771,-2.603,0.206,31.71
2026-02-12 18:19:29.535,461.400,0.320312,0.509766,-0.774902,1.748,-2.855,0.153,32.00
2026-02-12 18:19:29.635,461.500,0.318359,0.509766,-0.780273,1.573,-2.824,0.237,32.00
2026-02-12 18:19:29.735,461.600,0.321045,0.507812,-0.774902,1.870,-2.985,0.359,32.00
2026-02-12 18:19:29.835,461.700,0.318848,0.508789,-0.790283,1.664,-2.725,0.130,31.76
2026-02-12 18:19:29.935,461.800,0.319580,0.504883,-0.784912,1.824,-2.954,0.053,32.25
2026-02-12 18:19:30.035,461.900,0.321533,0.509033,-0.781494,1.985,-2.840,0.168,32.20
2026-02-12 18:19:30.135,462.000,0.318115,0.504883,-0.783936,1.748,-3.069,0.153,31.90
2026-02-12 18:19:30.235,462.100,0.319824,0.504883,-0.781006,1.908,-2.847,0.053,32.10
2026-02-12 18:19:30.335,462.200,0.319580,0.507568,-0.778320,1.611,-2.885,0.176,31.90
2026-02-12 18:19:30.435,462.300,0.318848,0.508789,-0.779053,1.550,-2.702,0.450,31.85
2026-02-12 18:19:30.535,462.400,0.319092,0.504395,-0.783691,1.725,-2.870,0.412,31.71
2026-02-12 18:19:30.635,462.500,0.317139,0.505615,-0.788086,1.634,-2.695,0.221,31.85
2026-02-12 18:19:30.735,462.600,0.321533,0.504150,-0.782471,1.634,-2.649,0.084,31.76
2026-02-12 18:19:30.835,462.700,0.319824,0.504150,-0.783936,1.931,-2.802,0.092,31.66
2026-02-12 18:19:30.935,462.800,0.320557,0.504639,-0.786377,1.611,-2.695,0.450,32.10
2026-02-12 18:19:31.035,462.900,0.320801,0.504395,-0.779541,1.626,-2.824,0.137,31.71
2026-02-12 18:19:31.135,463.000,0.317139,0.510254,-0.783203,1.878,-3.160,0.443,31.71
2026-02-12 18:19:31.235,463.100,0.321289,0.508301,-0.780029,1.748,-2.908,0.076,31.76
2026-02-12 18:19:31.335,463.200,0.319824,0.509033,-0.777832,1.855,-2.672,0.450,32.05
2026-02-12 18:19:31.435,463.300,0.320557,0.505371,-0.786133,1.626,-2.718,0.260,31.85
2026-02-12 18:19:31.535,463.400,0.320312,0.506592,-0.785400,1.534,-2.802,0.252,32.20
2026-02-12 18:19:31.635,463.500,0.323486,0.507080,-0.786133,1.771,-2.740,-0.008,32.00
2026-02-12 18:19:31.735,463.600,0.323486,0.511230,-0.781006,1.672,-2.794,0.305,32.00
2026-02-12 18:19:31.835,463.700,0.315918,0.506836,-0.776123,1.870,-3.008,0.305,31.71
2026-02-12 18:19:31.935,463.800,0.322021,0.506836,-0.783691,1.756,-2.901,0.313,31.71
2026-02-12 18:19:32.035,463.900,0.321777,0.505371,-0.781982,1.672,-2.870,0.084,32.05
2026-02-12 18:19:32.135,464.000,0.319336,0.505615,-0.777588,1.664,-2.763,0.359,31.76
2026-02-12 18:19:32.235,464.100,0.319824,0.504883,-0.780518,1.611,-2.870,0.580,31.71
2026-02-12 18:19:32.335,464.200,0.319580,0.507080,-0.781250,1.565,-2.992,0.382,31.90
2026-02-12 18:19:32.435,464.300,0.322021,0.508057,-0.782227,1.710,-2.893,0.275,32.00
2026-02-12 18:19:32.535,464.400,0.320557,0.506348,-0.777832,1.595,-2.725,0.229,31.85
2026-02-12 18:19:32.635,464.500,0.320557,0.506348,-0.776367,1.779,-3.023,0.183,31.66
2026-02-12 18:19:32.735,464.600,0.320801,0.502686,-0.780273,1.580,-2.855,0.351,32.00
2026-02-12 18:19:32.835,464.700,0.318115,0.510742,-0.782959,1.504,-3.031,0.305,31.71
2026-02-12 18:19:32.935,464.800,0.319580,0.508789,-0.785400,1.557,-2.947,0.366,31.85
2026-02-12 18:19:33.035,464.900,0.318604,0.507080,-0.772217,1.450,-2.718,0.214,31.90
2026-02-12 18:19:33.135,465.000,0.324219,0.506348,-0.782959,1.893,-2.870,0.206,32.05
2026-02-12 18:19:33.235,465.100,0.323975,0.505371,-0.779541,1.649,-2.794,0.206,32.00
2026-02-12 18:19:33.335,465.200,0.316406,0.506104,-0.781006,1.695,-2.450,0.191,31.66
2026-02-12 18:19:33.435,465.300,0.318115,0.502930,-0.778809,1.641,-2.687,0.221,31.76
2026-02-12 18:19:33.535,465.400,0.322510,0.504150,-0.779785,1.763,-2.573,0.130,32.00
2026-02-12 18:19:33.635,465.500,0.319092,0.505615,-0.781982,1.832,-2.855,0.374,31.90
2026-02-12 18:19:33.735,465.600,0.322021,0.505859,-0.783447,1.870,-2.695,0.084,31.76
2026-02-12 18:19:33.835,465.700,0.318848,0.507812,-0.779297,1.725,-2.832,0.359,32.00
2026-02-12 18:19:33.935,465.800,0.315430,0.506836,-0.780273,1.855,-2.718,0.351,31.85
2026-02-12 18:19:34.035,465.900,0.318359,0.505371,-0.782471,1.656,-2.687,0.389,31.76
2026-02-12 18:19:34.135,466.000,0.320068,0.507568,-0.781738,1.626,-2.870,0.275,31.85
2026-02-12 18:19:34.235,466.100,0.320801,0.505859,-0.781982,1.855,-2.916,0.069,31.66
2026-02-12 18:19:34.335,466.200,0.321045,0.508545,-0.782227,1.870,-2.786,0.573,32.00
2026-02-12 18:19:34.435,466.300,0.318359,0.506104,-0.780029,1.687,-2.794,0.198,32.00
2026-02-12 18:19:34.535,466.400,0.319824,0.504639,-0.781982,1.779,-2.969,0.611,31.76
2026-02-12 18:19:34.635,466.500,0.321045,0.504395,-0.777344,1.351,-2.885,0.221,32.10
2026-02-12 18:19:34.735,466.600,0.320557,0.506592,-0.783936,1.687,-2.832,0.458,31.90
2026-02-12 18:19:34.835,466.700,0.321777,0.507568,-0.782715,1.794,-2.756,0.260,32.05
2026-02-12 18:19:34.935,466.800,0.316650,0.507324,-0.783936,1.504,-2.527,0.313,31.66
2026-02-12 18:19:35.035,466.900,0.321045,0.506104,-0.782471,1.809,-2.725,0.420,32.05
2026-02-12 18:19:35.135,467.000,0.319580,0.507324,-0.781982,1.756,-3.000,0.229,31.71
2026-02-12 18:19:35.235,467.100,0.320068,0.507324,-0.784180,1.595,-2.733,0.366,31.66
2026-02-12 18:19:35.335,467.200,0.320557,0.507080,-0.783691,1.595,-2.687,0.092,31.76
2026-02-12 18:19:35.435,467.300,0.321777,0.505859,-0.778809,1.740,-2.924,0.534,31.66
2026-02-12 18:19:35.535,467.400,0.320068,0.507812,-0.779785,1.702,-2.595,0.298,31.76
2026-02-12 18:19:35.635,467.500,0.319580,0.506104,-0.778320,1.687,-2.794,0.137,31.71
2026-02-12 18:19:35.735,467.600,0.322021,0.506348,-0.784424,1.687,-2.710,0.328,31.76
2026-02-12 18:19:35.835,467.700,0.320557,0.508301,-0.779297,1.748,-2.832,0.214,31.66
2026-02-12 18:19:35.935,467.800,0.317627,0.501221,-0.780518,1.756,-2.962,0.427,31.76
2026-02-12 18:19:36.035,467.900,0.319336,0.508545,-0.773682,1.626,-2.817,0.389,31.90
2026-02-12 18:19:36.135,468.000,0.318604,0.506348,-0.779541,1.710,-2.695,0.023,31.76
2026-02-12 18:19:36.235,468.100,0.322754,0.506104,-0.779785,1.595,-2.802,0.351,32.10
2026-02-12 18:19:36.335,468.200,0.317871,0.505127,-0.785645,1.641,-2.618,0.336,31.71
2026-02-12 18:19:36.435,468.300,0.317383,0.503662,-0.780273,1.679,-2.962,0.290,32.00
2026-02-12 18:19:36.535,468.400,0.317871,0.507080,-0.780029,1.580,-2.695,0.481,31.90
2026-02-12 18:19:36.635,468.500,0.321533,0.506104,-0.782471,1.588,-2.802,0.366,32.00
2026-02-12 18:19:36.735,468.600,0.320068,0.506104,-0.779297,1.786,-2.649,0.221,32.00
2026-02-12 18:19:36.835,468.700,0.319336,0.504639,-0.780518,1.740,-2.863,0.366,31.76
2026-02-12 18:19:36.935,468.800,0.323486,0.510498,-0.781738,1.908,-2.985,0.244,32.00
2026-02-12 18:19:37.035,468.900,0.322021,0.505859,-0.777344,1.550,-2.908,0.153,31.66
2026-02-12 18:19:37.135,469.000,0.320557,0.502930,-0.786865,1.779,-2.939,0.122,31.71
2026-02-12 18:19:37.235,469.100,0.317139,0.509277,-0.785156,1.725,-2.916,0.221,32.00
2026-02-12 18:19:37.335,469.200,0.319824,0.506104,-0.781494,1.427,-3.115,0.687,32.05
2026-02-12 18:19:37.435,469.300,0.321777,0.507812,-0.783203,1.809,-3.023,0.053,32.05
2026-02-12 18:19:37.535,469.400,0.319824,0.507080,-0.781250,1.878,-2.985,0.481,31.90
2026-02-12 18:19:37.635,469.500,0.319580,0.507568,-0.780518,1.595,-3.076,0.534,31.71
2026-02-12 18:19:37.735,469.600,0.320068,0.508789,-0.781250,1.435,-3.076,0.351,31.66
2026-02-12 18:19:37.835,469.700,0.322021,0.507324,-0.781494,1.947,-2.969,0.145,31.66
2026-02-12 18:19:37.935,469.800,0.321289,0.503906,-0.782471,1.802,-3.084,0.321,31.90
2026-02-12 18:19:38.035,469.900,0.321533,0.501465,-0.782715,1.489,-2.847,0.328,31.76
2026-02-12 18:19:38.135,470.000,0.315918,0.507324,-0.781738,1.725,-2.786,0.198,31.90
2026-02-12 18:19:38.235,470.100,0.319336,0.505127,-0.774414,1.427,-2.779,0.443,31.66
2026-02-12 18:19:38.335,470.200,0.318604,0.510742,-0.781494,1.725,-2.924,0.443,31.90
2026-02-12 18:19:38.435,470.300,0.321533,0.506104,-0.778564,1.962,-2.901,0.435,32.10
2026-02-12 18:19:38.535,470.400,0.320801,0.510254,-0.779053,1.649,-2.885,0.336,31.85
2026-02-12 18:19:38.635,470.500,0.321533,0.505127,-0.777100,1.695,-2.954,0.053,31.71
2026-02-12 18:19:38.735,470.600,0.316650,0.504639,-0.778564,1.969,-2.916,0.206,31.85
2026-02-12 18:19:38.835,470.700,0.321045,0.508789,-0.776855,1.489,-2.710,0.527,31.71
2026-02-12 18:19:38.935,470.800,0.320068,0.508301,-0.778564,1.771,-3.115,0.229,32.00
2026-02-12 18:19:39.035,470.900,0.314697,0.506348,-0.777344,1.977,-2.962,0.382,31.85
2026-02-12 18:19:39.135,471.000,0.319580,0.505615,-0.779541,1.679,-3.053,0.084,31.71
2026-02-12 18:19:39.235,471.100,0.321045,0.508789,-0.781006,1.695,-2.756,0.221,31.66
2026-02-12 18:19:39.335,471.200,0.318848,0.506348,-0.784180,1.824,-2.756,0.237,31.76
2026-02-12 18:19:39.435,471.300,0.316895,0.508789,-0.782471,1.702,-2.771,0.298,31.76
2026-02-12 18:19:39.535,471.400,0.320801,0.505615,-0.778564,1.595,-2.901,0.145,31.90
2026-02-12 18:19:39.635,471.500,0.315430,0.505615,-0.778809,1.611,-2.924,0.397,31.71
2026-02-12 18:19:39.735,471.600,0.317627,0.509766,-0.782715,1.557,-2.748,0.076,31.76
2026-02-12 18:19:39.835,471.700,0.321777,0.506836,-0.781982,1.924,-2.939,0.221,31.90
2026-02-12 18:19:39.935,471.800,0.318115,0.507568,-0.780273,1.687,-2.832,0.198,31.90
2026-02-12 18:19:40.035,471.900,0.316650,0.505371,-0.779785,1.641,-3.053,0.481,31.90
2026-02-12 18:19:40.135,472.000,0.318604,0.506348,-0.776855,1.542,-2.893,0.153,31.76
2026-02-12 18:19:40.235,472.100,0.322021,0.509033,-0.776855,1.931,-2.802,0.206,31.71
2026-02-12 18:19:40.335,472.200,0.315918,0.503906,-0.781250,1.725,-2.901,0.130,31.66
2026-02-12 18:19:40.435,472.300,0.322998,0.505615,-0.781250,1.687,-2.878,0.008,31.71
2026-02-12 18:19:40.535,472.400,0.322021,0.504883,-0.778320,1.786,-3.008,0.282,31.51
2026-02-12 18:19:40.635,472.500,0.316162,0.501709,-0.783203,1.336,-2.672,0.351,31.66
2026-02-12 18:19:40.735,472.600,0.320557,0.506592,-0.777344,1.901,-2.824,0.069,31.76
2026-02-12 18:19:40.835,472.700,0.318604,0.505371,-0.782959,1.565,-2.947,0.198,32.00
2026-02-12 18:19:40.935,472.800,0.315674,0.511719,-0.781494,1.603,-2.603,0.511,31.76
2026-02-12 18:19:41.035,472.900,0.322021,0.506592,-0.779053,1.763,-2.626,0.443,31.90
2026-02-12 18:19:41.135,473.000,0.319336,0.502441,-0.783447,1.534,-2.748,0.458,32.05
2026-02-12 18:19:41.235,473.100,0.320312,0.506104,-0.777588,1.748,-2.863,0.321,31.90
2026-02-12 18:19:41.335,473.200,0.320801,0.508057,-0.777588,1.847,-2.817,0.198,31.85
2026-02-12 18:19:41.435,473.300,0.323975,0.505127,-0.781250,1.748,-2.977,0.305,31.85
2026-02-12 18:19:41.535,473.400,0.317871,0.505859,-0.780518,1.809,-2.855,0.260,31.71
2026-02-12 18:19:41.635,473.500,0.317383,0.503174,-0.783447,1.908,-2.687,0.351,31.85
2026-02-12 18:19:41.735,473.600,0.317871,0.507080,-0.783691,1.656,-2.771,0.099,32.05
2026-02-12 18:19:41.835,473.700,0.315918,0.509277,-0.780762,1.580,-2.656,0.107,32.00
2026-02-12 18:19:41.935,473.800,0.320557,0.507080,-0.780029,1.649,-2.786,0.008,31.71
2026-02-12 18:19:42.035,473.900,0.317627,0.507568,-0.779297,1.519,-2.740,0.153,31.56
2026-02-12 18:19:42.135,474.000,0.317139,0.502930,-0.781494,1.817,-2.847,0.290,31.90
2026-02-12 18:19:42.235,474.100,0.321533,0.506104,-0.784180,1.840,-2.718,0.374,31.90
2026-02-12 18:19:42.335,474.200,0.316162,0.503418,-0.779297,1.786,-2.618,0.084,31.71
2026-02-12 18:19:42.435,474.300,0.313965,0.506836,-0.780762,1.786,-2.847,-0.061,32.05
2026-02-12 18:19:42.535,474.400,0.319336,0.503418,-0.781738,1.672,-2.763,0.092,32.10
2026-02-12 18:19:42.635,474.500,0.322266,0.504639,-0.779541,1.664,-2.763,0.290,31.76
2026-02-12 18:19:42.735,474.600,0.322998,0.508789,-0.781982,1.603,-2.939,0.405,31.76
2026-02-12 18:19:42.835,474.700,0.319092,0.501953,-0.774414,1.763,-2.908,0.099,32.20
2026-02-12 18:19:42.935,474.800,0.318604,0.506348,-0.775146,1.832,-2.893,0.260,31.85
2026-02-12 18:19:43.035,474.900,0.319336,0.506104,-0.778809,1.908,-2.847,0.221,32.00
2026-02-12 18:19:43.135,475.000,0.318848,0.504639,-0.778809,1.702,-2.824,0.328,31.90
2026-02-12 18:19:43.235,475.100,0.321533,0.507812,-0.788818,1.565,-2.878,0.382,31.90
2026-02-12 18:19:43.335,475.200,0.321289,0.508301,-0.781738,1.573,-2.870,0.107,32.00
2026-02-12 18:19:43.435,475.300,0.320801,0.506592,-0.778320,1.710,-2.794,-0.084,31.76
2026-02-12 18:19:43.535,475.400,0.320557,0.506348,-0.782227,1.710,-3.099,0.351,32.00
2026-02-12 18:19:43.635,475.500,0.319336,0.505127,-0.774414,1.672,-2.824,0.221,31.71
2026-02-12 18:19:43.735,475.600,0.318115,0.510010,-0.778564,1.626,-2.725,0.481,32.10
2026-02-12 18:19:43.835,475.700,0.321777,0.504639,-0.781982,1.802,-2.573,0.267,31.76
2026-02-12 18:19:43.935,475.800,0.316162,0.503906,-0.781006,1.557,-2.550,0.351,32.05
2026-02-12 18:19:44.035,475.900,0.320068,0.506592,-0.779785,1.931,-2.878,0.313,31.71
2026-02-12 18:19:44.135,476.000,0.321045,0.507324,-0.783447,1.527,-2.863,0.275,32.05
2026-02-12 18:19:44.235,476.100,0.320801,0.503662,-0.776123,1.664,-2.672,0.321,31.90
2026-02-12 18:19:44.335,476.200,0.321045,0.506104,-0.785889,1.679,-2.779,0.008,31.76
2026-02-12 18:19:44.435,476.300,0.320068,0.507568,-0.779785,1.634,-2.840,0.130,31.71
2026-02-12 18:19:44.535,476.400,0.324219,0.508057,-0.783691,1.916,-2.779,0.092,31.85
2026-02-12 18:19:44.635,476.500,0.320068,0.503174,-0.782471,1.595,-2.595,0.466,31.76
2026-02-12 18:19:44.735,476.600,0.319824,0.505127,-0.778076,1.626,-2.870,0.267,31.71
2026-02-12 18:19:44.835,476.700,0.320557,0.504883,-0.779053,1.664,-2.931,0.260,31.66
2026-02-12 18:19:44.935,476.800,0.320312,0.503174,-0.777588,1.557,-2.756,0.267,32.20
2026-02-12 18:19:45.035,476.900,0.321289,0.502930,-0.778564,1.870,-2.893,0.168,31.71
2026-02-12 18:19:45.135,477.000,0.319336,0.509766,-0.780518,1.695,-2.985,0.496,31.90
2026-02-12 18:19:45.235,477.100,0.317139,0.506836,-0.785400,1.817,-2.855,0.092,31.76
2026-02-12 18:19:45.335,477.200,0.323486,0.499512,-0.773926,1.893,-2.962,0.427,31.71
2026-02-12 18:19:45.435,477.300,0.320068,0.501953,-0.782227,1.756,-2.802,0.305,31.90
2026-02-12 18:19:45.535,477.400,0.321045,0.503418,-0.785400,1.466,-2.855,0.389,31.76
2026-02-12 18:19:45.635,477.500,0.316650,0.506592,-0.782471,1.710,-2.580,0.076,32.00
2026-02-12 18:19:45.735,477.600,0.318359,0.508057,-0.775879,1.763,-2.573,0.313,32.05
2026-02-12 18:19:45.835,477.700,0.319092,0.507080,-0.775635,1.710,-2.695,0.275,31.85
2026-02-12 18:19:45.935,477.800,0.318848,0.504883,-0.778076,1.382,-2.954,0.130,32.20
2026-02-12 18:19:46.035,477.900,0.319824,0.506104,-0.781982,1.779,-2.809,0.229,31.76
2026-02-12 18:19:46.135,478.000,0.322021,0.507080,-0.779541,1.618,-2.916,0.321,32.05
2026-02-12 18:19:46.235,478.100,0.318359,0.508789,-0.783691,1.649,-2.565,0.443,31.76
2026-02-12 18:19:46.335,478.200,0.322021,0.509521,-0.781250,1.832,-2.985,0.061,32.10
2026-02-12 18:19:46.435,478.300,0.319824,0.504395,-0.781494,1.458,-2.656,0.389,31.85
2026-02-12 18:19:46.535,478.400,0.319580,0.506592,-0.774414,1.832,-2.664,0.275,31.76
2026-02-12 18:19:46.635,478.500,0.318604,0.503418,-0.774414,1.565,-2.809,0.092,31.71
2026-02-12 18:19:46.735,478.600,0.316895,0.504883,-0.781982,1.870,-2.863,0.328,32.05
2026-02-12 18:19:46.835,478.700,0.321777,0.505371,-0.777832,1.679,-2.550,0.198,31.76
2026-02-12 18:19:46.935,478.800,0.318604,0.504883,-0.780518,1.725,-2.756,0.229,31.90
2026-02-12 18:19:47.035,478.900,0.319580,0.506592,-0.777100,1.725,-2.756,0.076,32.20
2026-02-12 18:19:47.135,479.000,0.320068,0.506104,-0.782227,1.855,-2.977,0.344,31.71
2026-02-12 18:19:47.235,479.100,0.324707,0.506348,-0.779053,1.603,-2.824,0.031,32.20
2026-02-12 18:19:47.335,479.200,0.321289,0.505615,-0.781250,1.595,-2.710,0.397,31.66
2026-02-12 18:19:47.435,479.300,0.321533,0.507324,-0.779297,1.847,-2.588,0.176,31.76
2026-02-12 18:19:47.535,479.400,0.316406,0.507812,-0.785156,1.733,-3.061,0.550,31.76
2026-02-12 18:19:47.635,479.500,0.317139,0.508057,-0.782227,1.557,-2.962,0.107,31.76
2026-02-12 18:19:47.735,479.600,0.320068,0.504395,-0.781006,1.695,-2.969,0.435,32.05
2026-02-12 18:19:47.835,479.700,0.321533,0.505127,-0.785889,1.527,-2.771,0.374,31.85
2026-02-12 18:19:47.935,479.800,0.321533,0.507080,-0.781738,1.626,-3.206,0.137,32.00
2026-02-12 18:19:48.035,479.900,0.317139,0.503906,-0.787354,1.687,-2.748,0.122,32.00
2026-02-12 18:19:48.135,480.000,0.321777,0.506592,-0.777832,1.527,-2.809,0.061,31.76
2026-02-12 18:19:48.235,480.100,0.319824,0.507812,-0.779541,1.366,-3.023,0.496,32.10
2026-02-12 18:19:48.335,480.200,0.315674,0.508057,-0.784912,1.855,-2.985,0.389,31.85
2026-02-12 18:19:48.435,480.300,0.319092,0.507324,-0.779785,1.809,-2.969,0.214,31.76
2026-02-12 18:19:48.535,480.400,0.322021,0.503662,-0.784912,1.481,-2.939,0.267,31.71
2026-02-12 18:19:48.635,480.500,0.318359,0.508789,-0.782227,1.931,-2.656,0.061,31.71
2026-02-12 18:19:48.735,480.600,0.318604,0.508545,-0.781250,1.718,-2.718,0.481,32.20
2026-02-12 18:19:48.835,480.700,0.320557,0.505615,-0.778809,1.672,-2.565,0.023,32.05
2026-02-12 18:19:48.935,480.800,0.318604,0.507812,-0.779541,1.863,-2.954,0.252,31.85
2026-02-12 18:19:49.035,480.900,0.319336,0.507812,-0.786133,1.458,-2.847,0.267,32.00
2026-02-12 18:19:49.135,481.000,0.315674,0.507324,-0.782227,1.840,-2.954,0.206,31.71
2026-02-12 18:19:49.235,481.100,0.321777,0.504883,-0.780762,1.489,-2.794,0.053,32.20
2026-02-12 18:19:49.335,481.200,0.319580,0.504395,-0.779297,1.748,-2.641,0.458,31.90
2026-02-12 18:19:49.435,481.300,0.321045,0.505127,-0.776611,1.664,-2.908,0.191,32.05
2026-02-12 18:19:49.535,481.400,0.319092,0.508057,-0.781494,1.618,-2.901,0.573,32.00
2026-02-12 18:19:49.635,481.500,0.319580,0.504150,-0.782715,1.664,-2.802,0.382,31.76
2026-02-12 18:19:49.735,481.600,0.319336,0.504883,-0.786865,1.656,-2.756,0.137,31.85
2026-02-12 18:19:49.835,481.700,0.318115,0.504150,-0.780518,1.611,-2.962,0.397,31.66
2026-02-12 18:19:49.935,481.800,0.318848,0.507568,-0.782959,1.435,-2.954,0.305,31.76
2026-02-12 18:19:50.035,481.900,0.321777,0.509033,-0.778809,1.901,-3.031,0.221,32.05
2026-02-12 18:19:50.135,482.000,0.318848,0.509766,-0.778320,1.802,-2.931,0.015,32.20
2026-02-12 18:19:50.235,482.100,0.322266,0.506836,-0.779541,1.855,-2.611,0.206,31.85
2026-02-12 18:19:50.335,482.200,0.318115,0.502930,-0.780762,1.824,-2.618,0.527,31.71
2026-02-12 18:19:50.435,482.300,0.319580,0.502686,-0.778320,1.519,-2.710,0.206,31.85
2026-02-12 18:19:50.535,482.400,0.318359,0.504639,-0.779053,1.702,-2.702,0.290,31.85
2026-02-12 18:19:50.635,482.500,0.319336,0.504883,-0.780518,1.695,-2.893,0.023,31.90
2026-02-12 18:19:50.735,482.600,0.321289,0.506592,-0.774658,1.588,-2.695,0.137,32.00
2026-02-12 18:19:50.835,482.700,0.317871,0.504883,-0.783691,1.695,-2.733,0.145,31.85
2026-02-12 18:19:50.935,482.800,0.321777,0.504150,-0.783936,1.832,-2.901,0.252,31.71
2026-02-12 18:19:51.035,482.900,0.321289,0.503174,-0.776123,1.618,-2.832,-0.092,31.90
2026-02-12 18:19:51.135,483.000,0.320312,0.504150,-0.781982,1.618,-3.046,0.290,31.90
2026-02-12 18:19:51.235,483.100,0.317383,0.505615,-0.779297,1.496,-2.733,0.191,31.71
2026-02-12 18:19:51.335,483.200,0.319824,0.503418,-0.777588,1.672,-2.779,0.382,32.10
2026-02-12 18:19:51.435,483.300,0.321533,0.509033,-0.787598,1.702,-2.817,0.298,31.85
2026-02-12 18:19:51.535,483.400,0.316162,0.507324,-0.782959,1.588,-2.718,0.405,31.90
2026-02-12 18:19:51.635,483.500,0.324463,0.504639,-0.782715,1.565,-2.863,0.160,32.10
2026-02-12 18:19:51.735,483.600,0.320068,0.504883,-0.781250,1.878,-2.771,0.305,31.90
2026-02-12 18:19:51.835,483.700,0.320068,0.506592,-0.784912,1.763,-2.863,0.389,32.00
2026-02-12 18:19:51.935,483.800,0.318115,0.508545,-0.780029,1.611,-2.809,-0.015,32.20
2026-02-12 18:19:52.035,483.900,0.319336,0.502930,-0.781494,1.695,-2.779,0.321,32.10
2026-02-12 18:19:52.135,484.000,0.320557,0.506348,-0.779541,1.588,-2.840,0.198,31.85
2026-02-12 18:19:52.235,484.100,0.317627,0.507812,-0.783936,1.427,-2.824,0.366,31.76
2026-02-12 18:19:52.335,484.200,0.321533,0.506104,-0.782959,2.038,-2.733,0.504,31.90
2026-02-12 18:19:52.435,484.300,0.319092,0.507812,-0.781738,1.611,-3.084,0.305,32.00
2026-02-12 18:19:52.535,484.400,0.318848,0.505371,-0.781006,1.504,-2.794,0.374,32.05
2026-02-12 18:19:52.635,484.500,0.322998,0.508545,-0.785400,1.718,-2.786,0.321,31.71
2026-02-12 18:19:52.735,484.600,0.318359,0.504883,-0.779053,1.649,-2.603,0.450,31.76
2026-02-12 18:19:52.835,484.700,0.318848,0.507080,-0.786865,1.824,-2.840,0.374,31.90
2026-02-12 18:19:52.935,484.800,0.321533,0.506104,-0.776855,1.679,-2.840,0.183,32.20
2026-02-12 18:19:53.035,484.900,0.319824,0.504395,-0.777832,1.649,-2.878,0.298,31.76
2026-02-12 18:19:53.135,485.000,0.319824,0.506836,-0.782715,1.557,-2.695,0.427,31.85
2026-02-12 18:19:53.235,485.100,0.320068,0.506104,-0.783936,1.641,-2.809,0.260,31.90
2026-02-12 18:19:53.335,485.200,0.321289,0.501221,-0.781738,1.779,-2.603,0.244,31.66
2026-02-12 18:19:53.435,485.300,0.321777,0.503906,-0.786377,1.863,-2.618,0.260,32.10
2026-02-12 18:19:53.535,485.400,0.323486,0.507812,-0.783936,1.710,-2.672,-0.031,32.10
2026-02-12 18:19:53.635,485.500,0.317871,0.506348,-0.784668,1.473,-2.855,0.458,31.90
2026-02-12 18:19:53.735,485.600,0.320557,0.508545,-0.781494,1.427,-2.710,0.115,32.10
2026-02-12 18:19:53.835,485.700,0.316406,0.507324,-0.785645,1.641,-2.771,0.313,32.00
2026-02-12 18:19:53.935,485.800,0.318848,0.505859,-0.776367,1.511,-3.053,0.214,32.00
2026-02-12 18:19:54.035,485.900,0.318604,0.504395,-0.781006,1.595,-2.809,0.321,32.10
2026-02-12 18:19:54.135,486.000,0.318604,0.508789,-0.778809,1.763,-2.863,0.412,32.05
2026-02-12 18:19:54.235,486.100,0.319336,0.505371,-0.782227,1.771,-2.779,0.534,31.71
2026-02-12 18:19:54.335,486.200,0.320312,0.502686,-0.780518,1.756,-2.908,0.221,31.76
2026-02-12 18:19:54.435,486.300,0.320312,0.505615,-0.777832,1.687,-2.954,0.153,32.05
2026-02-12 18:19:54.535,486.400,0.322021,0.509521,-0.777344,1.527,-2.916,0.221,31.90
2026-02-12 18:19:54.635,486.500,0.319580,0.507324,-0.779785,1.672,-2.893,0.145,31.71
2026-02-12 18:19:54.735,486.600,0.315918,0.507324,-0.778809,1.870,-2.733,0.214,31.85
2026-02-12 18:19:54.835,486.700,0.322754,0.508545,-0.781006,1.603,-2.794,0.122,31.90
2026-02-12 18:19:54.935,486.800,0.317871,0.500488,-0.780518,1.718,-2.840,0.145,32.00
2026-02-12 18:19:55.035,486.900,0.323242,0.507080,-0.782715,1.679,-2.893,0.099,32.00
2026-02-12 18:19:55.135,487.000,0.320312,0.505859,-0.779297,1.756,-2.908,0.336,32.00
2026-02-12 18:19:55.235,487.100,0.318359,0.507812,-0.776611,1.489,-2.710,0.328,31.76
2026-02-12 18:19:55.335,487.200,0.318848,0.507324,-0.777344,1.855,-2.954,0.618,31.76
2026-02-12 18:19:55.435,487.300,0.320801,0.506592,-0.784668,1.573,-2.748,0.267,31.85
2026-02-12 18:19:55.535,487.400,0.320801,0.505615,-0.783203,1.718,-2.832,0.504,32.10
2026-02-12 18:19:55.635,487.500,0.317383,0.506592,-0.780518,1.771,-2.733,0.321,31.76
2026-02-12 18:19:55.735,487.600,0.318848,0.506592,-0.776123,1.710,-2.679,0.008,32.10
2026-02-12 18:19:55.835,487.700,0.319092,0.506104,-0.781494,1.626,-2.832,0.069,31.76
2026-02-12 18:19:55.935,487.800,0.317139,0.504883,-0.776367,1.817,-3.176,0.244,32.10
2026-02-12 18:19:56.035,487.900,0.319092,0.506104,-0.777344,1.672,-2.885,0.237,31.76
2026-02-12 18:19:56.135,488.000,0.317627,0.505859,-0.780273,1.733,-2.763,0.344,32.20
2026-02-12 18:19:56.235,488.100,0.318604,0.511475,-0.780762,1.542,-2.847,0.221,31.90
2026-02-12 18:19:56.335,488.200,0.322021,0.504395,-0.775879,1.565,-2.748,0.412,32.05
2026-02-12 18:19:56.435,488.300,0.319336,0.506104,-0.783447,1.679,-3.015,0.595,32.05
2026-02-12 18:19:56.535,488.400,0.319580,0.503418,-0.783691,1.710,-2.947,0.244,32.05
2026-02-12 18:19:56.635,488.500,0.320068,0.506104,-0.779297,1.634,-3.153,0.260,32.00
2026-02-12 18:19:56.735,488.600,0.317627,0.504639,-0.780273,1.656,-2.885,0.267,31.66
2026-02-12 18:19:56.835,488.700,0.322021,0.506348,-0.780029,1.710,-2.885,0.206,32.20
2026-02-12 18:19:56.935,488.800,0.321777,0.504150,-0.782471,1.687,-2.840,0.313,32.05
2026-02-12 18:19:57.035,488.900,0.316895,0.507080,-0.783936,2.031,-2.809,0.275,32.05
2026-02-12 18:19:57.135,489.000,0.318115,0.506104,-0.783447,1.603,-2.802,0.344,32.20
2026-02-12 18:19:57.235,489.100,0.315186,0.505859,-0.778076,1.931,-2.832,0.351,32.05
2026-02-12 18:19:57.335,489.200,0.318848,0.502930,-0.778076,1.878,-3.168,0.160,32.00
2026-02-12 18:19:57.435,489.300,0.314697,0.507568,-0.782715,1.496,-2.733,0.313,31.90
2026-02-12 18:19:57.535,489.400,0.322998,0.504883,-0.778076,1.725,-2.687,0.427,31.85
2026-02-12 18:19:57.635,489.500,0.320312,0.507568,-0.783447,1.832,-2.756,0.389,31.85
2026-02-12 18:19:57.735,489.600,0.320312,0.507324,-0.781738,1.504,-2.817,0.298,32.10
2026-02-12 18:19:57.835,489.700,0.320068,0.509766,-0.784180,1.473,-2.832,0.313,32.10
2026-02-12 18:19:57.935,489.800,0.318604,0.504639,-0.781982,1.649,-3.221,-0.168,31.76
2026-02-12 18:19:58.035,489.900,0.316650,0.507324,-0.778320,1.855,-2.969,0.137,31.76
2026-02-12 18:19:58.135,490.000,0.320068,0.510498,-0.783691,1.763,-2.977,0.221,32.10
2026-02-12 18:19:58.235,490.100,0.317139,0.506348,-0.783936,1.832,-2.664,0.008,32.10
2026-02-12 18:19:58.335,490.200,0.321533,0.506836,-0.785156,1.527,-2.817,0.611,32.00
2026-02-12 18:19:58.435,490.300,0.319580,0.504639,-0.780518,1.763,-2.832,0.076,31.85
2026-02-12 18:19:58.535,490.400,0.317627,0.503662,-0.784424,1.802,-2.817,0.160,32.00
2026-02-12 18:19:58.635,490.500,0.321289,0.505859,-0.783691,1.641,-2.878,0.344,31.85
2026-02-12 18:19:58.735,490.600,0.320312,0.508789,-0.782471,1.931,-2.763,0.466,31.76
2026-02-12 18:19:58.835,490.700,0.317871,0.506836,-0.774658,1.718,-2.824,0.496,32.00
2026-02-12 18:19:58.935,490.800,0.321045,0.507568,-0.778809,1.802,-2.725,0.214,31.90
2026-02-12 18:19:59.035,490.900,0.317627,0.506104,-0.785645,1.824,-2.977,0.221,31.71
2026-02-12 18:19:59.135,491.000,0.317871,0.508057,-0.781982,1.542,-2.443,0.107,32.00
2026-02-12 18:19:59.235,491.100,0.322021,0.503418,-0.780029,1.595,-2.855,0.649,31.90
2026-02-12 18:19:59.335,491.200,0.320801,0.504395,-0.779297,1.969,-3.008,0.405,31.90
2026-02-12 18:19:59.435,491.300,0.317627,0.506592,-0.779297,1.771,-2.931,0.405,32.00
2026-02-12 18:19:59.535,491.400,0.317871,0.507812,-0.785645,1.794,-2.840,0.031,32.10
2026-02-12 18:19:59.635,491.500,0.318115,0.507080,-0.778564,1.687,-2.916,0.458,31.90
2026-02-12 18:19:59.735,491.600,0.316406,0.504395,-0.781738,1.756,-2.870,0.382,32.00
2026-02-12 18:19:59.835,491.700,0.318604,0.507324,-0.781250,1.985,-3.038,0.565,32.10
2026-02-12 18:19:59.935,491.800,0.315918,0.503418,-0.778320,1.794,-3.008,0.344,32.10
2026-02-12 18:20:00.035,491.900,0.322754,0.506592,-0.782715,1.710,-2.771,0.389,32.10
2026-02-12 18:20:00.135,492.000,0.319092,0.507324,-0.784180,1.695,-2.863,0.137,32.10
2026-02-12 18:20:00.235,492.100,0.322266,0.506348,-0.782715,1.687,-2.962,0.427,32.00
2026-02-12 18:20:00.335,492.200,0.318848,0.506592,-0.785400,1.695,-3.046,0.344,32.25
2026-02-12 18:20:00.435,492.300,0.323242,0.500000,-0.785156,1.763,-2.855,0.244,32.25
2026-02-12 18:20:00.535,492.400,0.318848,0.502197,-0.785645,1.458,-2.710,0.427,31.76
2026-02-12 18:20:00.635,492.500,0.315674,0.507568,-0.777100,1.847,-2.595,0.145,32.10
2026-02-12 18:20:00.735,492.600,0.321289,0.506592,-0.780518,1.794,-3.015,0.183,32.00
2026-02-12 18:20:00.835,492.700,0.317139,0.504150,-0.776855,1.687,-2.878,0.382,32.20
2026-02-12 18:20:00.935,492.800,0.321777,0.504150,-0.781494,1.832,-3.061,0.351,32.10
2026-02-12 18:20:01.035,492.900,0.317383,0.506104,-0.779297,1.611,-2.840,0.145,31.71
2026-02-12 18:20:01.135,493.000,0.317627,0.506348,-0.780029,1.611,-2.855,0.237,32.00
2026-02-12 18:20:01.235,493.100,0.320068,0.507324,-0.783203,1.802,-2.595,0.252,31.90
2026-02-12 18:20:01.335,493.200,0.317139,0.499023,-0.775879,1.824,-3.046,0.527,31.76
2026-02-12 18:20:01.435,493.300,0.316162,0.509277,-0.780518,1.634,-2.687,0.076,31.85
2026-02-12 18:20:01.535,493.400,0.319580,0.506348,-0.785889,1.626,-2.870,0.374,32.05
2026-02-12 18:20:01.635,493.500,0.316895,0.508057,-0.777588,1.718,-2.740,0.198,31.71
2026-02-12 18:20:01.735,493.600,0.319824,0.503418,-0.784668,1.725,-2.786,0.244,32.00
2026-02-12 18:20:01.835,493.700,0.319092,0.506836,-0.778320,1.779,-2.840,0.130,32.10
2026-02-12 18:20:01.935,493.800,0.321533,0.504883,-0.779053,1.443,-2.916,0.229,32.10
2026-02-12 18:20:02.035,493.900,0.318359,0.508057,-0.782715,1.679,-2.779,0.214,32.00
2026-02-12 18:20:02.135,494.000,0.320068,0.507568,-0.779053,1.779,-2.718,0.275,32.20
2026-02-12 18:20:02.235,494.100,0.322998,0.510498,-0.778564,1.679,-2.702,0.275,31.76
2026-02-12 18:20:02.335,494.200,0.321045,0.507324,-0.779785,1.756,-2.718,0.336,32.10
2026-02-12 18:20:02.435,494.300,0.321045,0.505859,-0.782715,1.679,-3.008,0.473,32.29
2026-02-12 18:20:02.535,494.400,0.321045,0.512695,-0.781250,1.779,-3.053,0.198,31.71
2026-02-12 18:20:02.635,494.500,0.317627,0.507324,-0.776367,1.725,-2.725,0.458,31.90
2026-02-12 18:20:02.735,494.600,0.316406,0.505615,-0.782227,1.840,-2.863,0.145,31.90
2026-02-12 18:20:02.835,494.700,0.318848,0.506592,-0.780029,1.626,-2.901,0.328,31.90
2026-02-12 18:20:02.935,494.800,0.319092,0.505371,-0.781738,1.595,-2.771,0.168,31.90
2026-02-12 18:20:03.035,494.900,0.317627,0.507080,-0.777588,1.481,-2.954,0.344,31.90
2026-02-12 18:20:03.135,495.000,0.321533,0.505127,-0.777588,1.763,-2.969,0.298,31.90
2026-02-12 18:20:03.235,495.100,0.319092,0.506348,-0.782959,1.618,-2.786,0.313,31.85
2026-02-12 18:20:03.335,495.200,0.322998,0.508057,-0.780518,1.672,-3.015,0.122,32.10
2026-02-12 18:20:03.435,495.300,0.319336,0.500977,-0.777832,1.779,-2.710,0.458,31.85
2026-02-12 18:20:03.535,495.400,0.322998,0.503662,-0.779785,1.450,-2.824,0.374,31.90
2026-02-12 18:20:03.635,495.500,0.321289,0.508301,-0.781006,1.756,-3.122,0.237,31.76
2026-02-12 18:20:03.735,495.600,0.318115,0.506104,-0.772705,1.634,-2.992,0.168,31.85
2026-02-12 18:20:03.835,495.700,0.318848,0.503174,-0.784424,1.687,-2.786,0.244,31.76
2026-02-12 18:20:03.935,495.800,0.319824,0.500732,-0.782227,1.466,-2.618,0.237,32.10
2026-02-12 18:20:04.035,495.900,0.317627,0.504150,-0.785889,1.718,-2.885,0.237,31.85
2026-02-12 18:20:04.135,496.000,0.319336,0.505127,-0.783691,1.618,-2.733,0.611,31.76
2026-02-12 18:20:04.235,496.100,0.323242,0.511475,-0.780029,1.641,-2.779,0.405,32.20
2026-02-12 18:20:04.335,496.200,0.319580,0.508545,-0.787598,1.733,-2.603,0.443,32.10
2026-02-12 18:20:04.435,496.300,0.317871,0.507080,-0.776367,1.580,-2.672,0.374,32.00
2026-02-12 18:20:04.535,496.400,0.320801,0.505127,-0.780762,1.794,-2.786,0.519,32.00
2026-02-12 18:20:04.635,496.500,0.317871,0.505127,-0.785889,2.023,-2.756,0.023,32.10
2026-02-12 18:20:04.735,496.600,0.318359,0.505371,-0.783447,1.511,-2.962,0.359,31.76
2026-02-12 18:20:04.835,496.700,0.317383,0.504395,-0.782715,1.595,-2.435,0.191,31.85
2026-02-12 18:20:04.935,496.800,0.322510,0.504639,-0.777832,1.710,-2.832,0.069,32.05
2026-02-12 18:20:05.035,496.900,0.320068,0.501221,-0.782715,1.802,-2.603,0.298,32.20
2026-02-12 18:20:05.135,497.000,0.321777,0.505615,-0.778076,1.962,-3.107,0.313,31.76
2026-02-12 18:20:05.235,497.100,0.322510,0.507080,-0.784668,1.947,-2.794,0.344,31.76
2026-02-12 18:20:05.335,497.200,0.322021,0.506104,-0.784668,1.481,-2.832,0.374,31.76
2026-02-12 18:20:05.435,497.300,0.319824,0.507568,-0.785156,1.626,-2.580,0.481,31.85
2026-02-12 18:20:05.535,497.400,0.319824,0.506104,-0.788574,1.718,-2.649,0.107,31.76
2026-02-12 18:20:05.635,497.500,0.319092,0.507568,-0.772461,1.611,-2.725,0.466,32.10
2026-02-12 18:20:05.735,497.600,0.318604,0.505127,-0.776367,1.489,-2.817,0.305,32.10
2026-02-12 18:20:05.835,497.700,0.316406,0.508057,-0.780762,1.649,-2.824,0.359,32.10
2026-02-12 18:20:05.935,497.800,0.320557,0.509277,-0.780518,1.656,-2.985,0.084,32.10
2026-02-12 18:20:06.035,497.900,0.318359,0.504883,-0.786133,1.695,-2.679,0.214,31.85
2026-02-12 18:20:06.135,498.000,0.317383,0.504639,-0.783447,1.733,-2.931,0.221,32.25
2026-02-12 18:20:06.235,498.100,0.318115,0.506836,-0.781250,1.878,-2.794,0.168,31.85
2026-02-12 18:20:06.335,498.200,0.321533,0.509766,-0.787842,1.641,-3.076,0.481,32.10
2026-02-12 18:20:06.435,498.300,0.318604,0.502930,-0.781982,1.611,-2.985,0.160,32.10
2026-02-12 18:20:06.535,498.400,0.319824,0.504883,-0.782227,1.588,-2.641,0.321,32.00
2026-02-12 18:20:06.635,498.500,0.318359,0.508301,-0.783936,1.710,-2.908,0.237,31.90
2026-02-12 18:20:06.735,498.600,0.320557,0.504150,-0.781738,1.916,-2.908,0.221,32.05
2026-02-12 18:20:06.835,498.700,0.321045,0.508789,-0.785645,1.794,-3.214,0.214,32.00
2026-02-12 18:20:06.935,498.800,0.321777,0.506104,-0.779053,1.740,-2.634,0.405,32.20
2026-02-12 18:20:07.035,498.900,0.318848,0.506348,-0.775879,1.809,-2.885,0.275,32.10
2026-02-12 18:20:07.135,499.000,0.319092,0.506104,-0.777344,1.756,-2.870,0.244,32.10
2026-02-12 18:20:07.235,499.100,0.318848,0.509033,-0.785889,1.344,-2.992,0.099,32.05
2026-02-12 18:20:07.335,499.200,0.320312,0.506104,-0.781982,1.649,-2.672,0.198,32.00
2026-02-12 18:20:07.435,499.300,0.319824,0.505615,-0.782227,1.695,-2.489,0.031,32.05
2026-02-12 18:20:07.535,499.400,0.319092,0.506104,-0.781982,1.763,-3.191,0.260,32.29
2026-02-12 18:20:07.635,499.500,0.318359,0.505859,-0.780762,1.435,-3.046,0.061,32.20
2026-02-12 18:20:07.735,499.600,0.318604,0.508301,-0.781738,1.679,-2.847,0.244,32.05
2026-02-12 18:20:07.835,499.700,0.318359,0.502441,-0.788330,1.901,-3.130,0.397,32.00
2026-02-12 18:20:07.935,499.800,0.320312,0.505615,-0.779541,1.672,-2.763,0.122,31.90
2026-02-12 18:20:08.035,499.900,0.320557,0.509277,-0.773193,1.580,-2.916,0.397,32.05
2026-02-12 18:20:08.135,500.000,0.321289,0.506592,-0.786377,1.611,-3.000,0.237,31.85
2026-02-12 18:20:08.235,500.100,0.317383,0.505615,-0.776123,1.763,-2.672,0.038,32.10
2026-02-12 18:20:08.335,500.200,0.319336,0.505859,-0.781250,1.641,-2.962,0.183,32.25
2026-02-12 18:20:08.435,500.300,0.319824,0.503906,-0.783203,1.656,-2.977,0.221,32.10
2026-02-12 18:20:08.535,500.400,0.318359,0.503418,-0.780762,1.702,-2.969,0.374,32.20
2026-02-12 18:20:08.635,500.500,0.321289,0.505859,-0.777832,1.679,-2.779,0.504,32.10
2026-02-12 18:20:08.735,500.600,0.315430,0.508301,-0.779541,1.870,-3.092,0.122,32.20
2026-02-12 18:20:08.835,500.700,0.317139,0.511230,-0.778320,1.550,-2.763,-0.115,32.05
2026-02-12 18:20:08.935,500.800,0.322021,0.502930,-0.778564,1.763,-2.878,0.511,32.10
2026-02-12 18:20:09.035,500.900,0.319824,0.507324,-0.781494,1.595,-2.725,0.229,32.05
2026-02-12 18:20:09.135,501.000,0.321289,0.503418,-0.779785,1.664,-2.863,0.359,32.20
2026-02-12 18:20:09.235,501.100,0.318359,0.508789,-0.784912,1.702,-3.076,0.229,32.00
2026-02-12 18:20:09.335,501.200,0.321777,0.504883,-0.781982,1.733,-2.595,0.229,32.00
2026-02-12 18:20:09.435,501.300,0.319824,0.507812,-0.775146,1.679,-2.954,0.321,31.90
2026-02-12 18:20:09.535,501.400,0.319336,0.507080,-0.781738,1.527,-2.565,0.336,32.10
2026-02-12 18:20:09.635,501.500,0.324463,0.505371,-0.782227,1.786,-2.939,0.069,32.20
2026-02-12 18:20:09.735,501.600,0.317871,0.504150,-0.782471,1.580,-2.855,0.450,32.00
2026-02-12 18:20:09.835,501.700,0.319824,0.504150,-0.780518,1.840,-2.908,0.305,32.10
2026-02-12 18:20:09.935,501.800,0.317871,0.506104,-0.783203,1.794,-2.817,0.260,32.05
2026-02-12 18:20:10.035,501.900,0.322754,0.504395,-0.783936,1.802,-2.840,0.206,31.90
2026-02-12 18:20:10.135,502.000,0.318848,0.507568,-0.783203,1.817,-2.985,0.290,32.10
2026-02-12 18:20:10.235,502.100,0.317627,0.509033,-0.781982,1.855,-2.878,0.084,32.00
2026-02-12 18:20:10.335,502.200,0.317383,0.504150,-0.778809,1.794,-2.931,0.336,31.85
2026-02-12 18:20:10.435,502.300,0.320557,0.506104,-0.777100,1.260,-3.084,0.183,31.85
2026-02-12 18:20:10.535,502.400,0.321289,0.507568,-0.784424,1.580,-2.954,0.198,32.00
2026-02-12 18:20:10.635,502.500,0.321533,0.505859,-0.788574,1.504,-2.679,0.565,31.76
2026-02-12 18:20:10.735,502.600,0.319092,0.504395,-0.784180,1.786,-2.511,0.267,31.85
2026-02-12 18:20:10.835,502.700,0.318359,0.507080,-0.779297,1.557,-2.840,0.221,32.05
2026-02-12 18:20:10.935,502.800,0.318604,0.502441,-0.775635,1.969,-3.267,0.321,32.00
2026-02-12 18:20:11.035,502.900,0.314941,0.503174,-0.779297,1.534,-2.779,0.092,32.20
2026-02-12 18:20:11.135,503.000,0.315674,0.506104,-0.783203,1.702,-2.985,0.496,32.05
2026-02-12 18:20:11.235,503.100,0.319824,0.504150,-0.787842,1.580,-2.908,0.000,32.05
2026-02-12 18:20:11.335,503.200,0.317871,0.507568,-0.780762,1.702,-2.527,0.420,32.20
2026-02-12 18:20:11.435,503.300,0.319824,0.505371,-0.781738,1.595,-2.771,0.069,31.76
2026-02-12 18:20:11.535,503.400,0.317871,0.505371,-0.783691,1.550,-2.794,0.336,32.10
2026-02-12 18:20:11.635,503.500,0.321045,0.505127,-0.782227,1.695,-2.962,0.137,31.71
2026-02-12 18:20:11.735,503.600,0.320801,0.507568,-0.782959,1.870,-2.908,0.626,32.00
2026-02-12 18:20:11.835,503.700,0.317871,0.506348,-0.781250,1.771,-2.969,0.328,32.00
2026-02-12 18:20:11.935,503.800,0.315918,0.505371,-0.778076,1.725,-2.931,0.275,32.20
2026-02-12 18:20:12.035,503.900,0.319336,0.505859,-0.786133,1.878,-2.603,0.244,32.10
2026-02-12 18:20:12.135,504.000,0.322510,0.507080,-0.780029,1.809,-2.863,0.160,32.20
2026-02-12 18:20:12.235,504.100,0.317871,0.505371,-0.781494,1.573,-2.908,0.313,32.00
2026-02-12 18:20:12.335,504.200,0.319580,0.507812,-0.781006,1.847,-2.870,0.336,31.90
2026-02-12 18:20:12.435,504.300,0.319336,0.507568,-0.777100,1.817,-2.504,0.092,32.10
2026-02-12 18:20:12.535,504.400,0.320557,0.507812,-0.783936,1.458,-2.718,0.321,32.05
2026-02-12 18:20:12.635,504.500,0.319580,0.504395,-0.782715,1.588,-2.710,0.282,32.10
2026-02-12 18:20:12.735,504.600,0.320557,0.508301,-0.784424,1.626,-2.809,0.153,32.00
2026-02-12 18:20:12.835,504.700,0.317871,0.503906,-0.782959,1.679,-2.947,0.481,31.90
2026-02-12 18:20:12.935,504.800,0.318604,0.507324,-0.782715,1.779,-2.809,0.565,31.85
2026-02-12 18:20:13.035,504.900,0.320068,0.506104,-0.778320,1.565,-2.817,0.672,32.10
2026-02-12 18:20:13.135,505.000,0.321045,0.503662,-0.781738,1.855,-2.702,0.374,32.10
2026-02-12 18:20:13.235,505.100,0.319580,0.504395,-0.781006,1.817,-2.916,0.099,32.10
2026-02-12 18:20:13.335,505.200,0.319092,0.507324,-0.782471,1.473,-2.702,0.489,32.05
2026-02-12 18:20:13.435,505.300,0.324707,0.504395,-0.779053,1.710,-2.794,0.687,32.00
2026-02-12 18:20:13.535,505.400,0.319580,0.502930,-0.779297,1.550,-2.656,0.176,31.85
2026-02-12 18:20:13.635,505.500,0.318848,0.507568,-0.785889,1.672,-2.748,0.115,31.76
2026-02-12 18:20:13.735,505.600,0.319092,0.504883,-0.787842,1.626,-3.183,0.290,32.10
2026-02-12 18:20:13.835,505.700,0.317871,0.509521,-0.781250,1.557,-2.641,0.305,32.05
2026-02-12 18:20:13.935,505.800,0.320801,0.504639,-0.784180,1.832,-2.863,0.328,32.20
2026-02-12 18:20:14.035,505.900,0.315674,0.502441,-0.784668,1.885,-2.695,0.550,32.25
2026-02-12 18:20:14.135,506.000,0.319336,0.507080,-0.780762,1.664,-2.901,0.237,32.20
2026-02-12 18:20:14.235,506.100,0.318604,0.504883,-0.784424,1.786,-2.985,0.519,32.05
2026-02-12 18:20:14.335,506.200,0.318848,0.503174,-0.781494,1.519,-2.756,0.656,31.90
2026-02-12 18:20:14.435,506.300,0.320068,0.503418,-0.780273,1.702,-2.710,0.191,32.20
2026-02-12 18:20:14.535,506.400,0.320312,0.510986,-0.784180,1.718,-2.947,-0.038,32.00
2026-02-12 18:20:14.635,506.500,0.321289,0.504150,-0.784668,1.824,-2.855,0.237,31.76
2026-02-12 18:20:14.735,506.600,0.322998,0.503174,-0.777588,1.748,-2.809,0.282,32.29
2026-02-12 18:20:14.835,506.700,0.323975,0.506836,-0.777832,1.534,-2.702,0.008,32.10
2026-02-12 18:20:14.935,506.800,0.318359,0.504150,-0.784912,1.817,-2.824,0.305,32.20
2026-02-12 18:20:15.035,506.900,0.321045,0.509766,-0.782471,1.832,-2.832,0.336,32.10
2026-02-12 18:20:15.135,507.000,0.317383,0.508301,-0.787354,1.740,-2.763,0.160,32.10
2026-02-12 18:20:15.235,507.100,0.316406,0.507080,-0.775146,1.687,-2.962,0.412,32.20
2026-02-12 18:20:15.335,507.200,0.323486,0.507324,-0.779297,1.954,-2.771,0.359,32.10
2026-02-12 18:20:15.435,507.300,0.317627,0.505127,-0.784180,1.847,-2.901,0.359,32.05
2026-02-12 18:20:15.535,507.400,0.318359,0.504639,-0.783447,2.008,-2.763,0.237,31.90
2026-02-12 18:20:15.635,507.500,0.320557,0.508301,-0.775635,1.870,-3.176,0.321,32.00
2026-02-12 18:20:15.735,507.600,0.318359,0.506104,-0.780029,1.527,-3.061,0.550,32.05
2026-02-12 18:20:15.835,507.700,0.320557,0.508057,-0.781006,1.794,-2.687,0.374,31.76
2026-02-12 18:20:15.935,507.800,0.318604,0.503174,-0.782715,1.771,-2.969,0.321,32.10
2026-02-12 18:20:16.035,507.900,0.319580,0.505371,-0.776123,1.679,-2.901,-0.008,32.25
2026-02-12 18:20:16.135,508.000,0.322510,0.509033,-0.782471,1.779,-2.489,0.176,32.00
2026-02-12 18:20:16.235,508.100,0.319336,0.503662,-0.781982,1.763,-2.702,0.351,32.25
2026-02-12 18:20:16.335,508.200,0.321289,0.499756,-0.783203,1.802,-2.939,0.534,32.20
2026-02-12 18:20:16.435,508.300,0.318604,0.504150,-0.780762,1.496,-3.061,0.298,32.20
2026-02-12 18:20:16.535,508.400,0.320557,0.506348,-0.778320,1.611,-3.061,0.351,31.76
2026-02-12 18:20:16.635,508.500,0.318115,0.505859,-0.780762,1.763,-2.855,0.244,32.00
2026-02-12 18:20:16.735,508.600,0.319092,0.507324,-0.783691,1.786,-2.908,0.084,31.90
2026-02-12 18:20:16.835,508.700,0.319824,0.502197,-0.784912,1.626,-2.687,0.534,32.05
2026-02-12 18:20:16.935,508.800,0.318359,0.503662,-0.782715,1.763,-3.145,0.000,32.05
2026-02-12 18:20:17.035,508.900,0.317139,0.505859,-0.784912,1.573,-2.954,0.168,32.20
2026-02-12 18:20:17.135,509.000,0.317871,0.504883,-0.781982,1.679,-2.740,0.191,32.10
2026-02-12 18:20:17.235,509.100,0.318848,0.504395,-0.783691,1.664,-3.038,0.382,31.90
2026-02-12 18:20:17.335,509.200,0.320312,0.504639,-0.775391,1.740,-2.779,0.290,32.00
2026-02-12 18:20:17.435,509.300,0.316162,0.510254,-0.784424,1.901,-3.069,0.015,31.85
2026-02-12 18:20:17.535,509.400,0.321777,0.506348,-0.777832,1.725,-2.924,0.214,32.05
2026-02-12 18:20:17.635,509.500,0.320557,0.505859,-0.776123,1.740,-3.046,0.290,31.90
2026-02-12 18:20:17.735,509.600,0.317627,0.504395,-0.781006,1.901,-2.863,0.382,32.00
2026-02-12 18:20:17.835,509.700,0.321289,0.505615,-0.780762,1.824,-2.992,0.275,32.25
2026-02-12 18:20:17.935,509.800,0.323975,0.504150,-0.779053,1.679,-2.618,0.267,31.90
2026-02-12 18:20:18.035,509.900,0.317627,0.502441,-0.775635,1.794,-3.023,0.389,32.10
2026-02-12 18:20:18.135,510.000,0.322998,0.504639,-0.782471,1.656,-2.702,0.328,31.76
2026-02-12 18:20:18.235,510.100,0.320312,0.506836,-0.778809,1.695,-2.908,0.130,31.85
2026-02-12 18:20:18.335,510.200,0.320312,0.503418,-0.786865,1.733,-2.802,0.176,32.10
2026-02-12 18:20:18.435,510.300,0.317871,0.506836,-0.782471,1.748,-3.076,0.153,32.00
2026-02-12 18:20:18.535,510.400,0.320068,0.506104,-0.779053,1.405,-2.824,0.244,32.10
2026-02-12 18:20:18.635,510.500,0.319092,0.504150,-0.777344,1.847,-2.863,0.359,32.10
2026-02-12 18:20:18.735,510.600,0.319824,0.509033,-0.785156,1.427,-2.733,0.313,32.00
2026-02-12 18:20:18.835,510.700,0.322510,0.506104,-0.777344,1.672,-2.748,0.237,32.20
2026-02-12 18:20:18.935,510.800,0.316406,0.507080,-0.777832,1.817,-2.885,0.328,31.85
2026-02-12 18:20:19.035,510.900,0.322021,0.507080,-0.782227,1.847,-3.084,0.336,31.90
2026-02-12 18:20:19.135,511.000,0.320312,0.507324,-0.783203,1.641,-3.031,0.153,32.05
2026-02-12 18:20:19.235,511.100,0.318359,0.506104,-0.779785,1.893,-2.824,0.260,32.20
2026-02-12 18:20:19.335,511.200,0.319092,0.507080,-0.780029,1.710,-2.939,0.359,32.10
2026-02-12 18:20:19.435,511.300,0.317627,0.505371,-0.779053,1.527,-2.687,0.244,32.25
2026-02-12 18:20:19.535,511.400,0.318359,0.507324,-0.780762,1.649,-2.794,0.214,31.90
2026-02-12 18:20:19.635,511.500,0.318115,0.508301,-0.784668,1.656,-2.740,0.382,32.00
2026-02-12 18:20:19.735,511.600,0.318115,0.507324,-0.780273,1.771,-2.985,0.328,32.00
2026-02-12 18:20:19.835,511.700,0.321777,0.510010,-0.779297,1.863,-2.962,0.260,32.00
2026-02-12 18:20:19.935,511.800,0.316406,0.508057,-0.779297,1.947,-2.908,0.229,31.85
2026-02-12 18:20:20.035,511.900,0.317383,0.505371,-0.781738,1.664,-2.679,0.443,31.90
2026-02-12 18:20:20.135,512.000,0.316895,0.508301,-0.783691,1.733,-2.802,0.519,31.85
2026-02-12 18:20:20.235,512.100,0.316162,0.503174,-0.780762,1.908,-2.969,0.443,32.20
2026-02-12 18:20:20.335,512.200,0.318604,0.510498,-0.783203,1.794,-2.641,0.137,32.10
2026-02-12 18:20:20.435,512.300,0.315918,0.504883,-0.777100,1.534,-2.824,0.473,32.05
2026-02-12 18:20:20.535,512.400,0.316895,0.505615,-0.780762,1.763,-2.832,0.115,32.25
2026-02-12 18:20:20.635,512.500,0.317627,0.507080,-0.781494,1.649,-2.977,0.153,32.20
2026-02-12 18:20:20.735,512.600,0.320557,0.505371,-0.781250,1.626,-2.954,0.115,31.85
2026-02-12 18:20:20.835,512.700,0.319580,0.506348,-0.781006,1.885,-2.924,0.260,32.00
2026-02-12 18:20:20.935,512.800,0.322266,0.507080,-0.782471,1.641,-3.076,0.130,31.90
2026-02-12 18:20:21.035,512.900,0.321777,0.503418,-0.780762,1.679,-2.718,0.053,32.00
2026-02-12 18:20:21.135,513.000,0.317383,0.503174,-0.784912,1.519,-2.710,0.511,32.05
2026-02-12 18:20:21.235,513.100,0.315918,0.503906,-0.784668,1.618,-2.824,0.405,32.05
2026-02-12 18:20:21.335,513.200,0.319580,0.507812,-0.782715,1.725,-2.748,0.275,32.20
2026-02-12 18:20:21.435,513.300,0.319824,0.506348,-0.780273,1.550,-3.107,0.107,32.10
2026-02-12 18:20:21.535,513.400,0.321777,0.505127,-0.780518,1.534,-2.939,0.122,32.05
2026-02-12 18:20:21.635,513.500,0.321289,0.506104,-0.787598,1.634,-2.962,0.328,32.20
2026-02-12 18:20:21.735,513.600,0.322754,0.505615,-0.784180,1.580,-2.901,0.542,31.85
2026-02-12 18:20:21.835,513.700,0.322021,0.507812,-0.781250,1.740,-2.847,0.481,32.10
2026-02-12 18:20:21.935,513.800,0.316895,0.505859,-0.781006,1.992,-2.687,0.382,32.20
2026-02-12 18:20:22.035,513.900,0.321533,0.506104,-0.787598,1.748,-2.725,0.244,32.10
2026-02-12 18:20:22.135,514.000,0.319092,0.505615,-0.774658,1.695,-2.969,0.206,31.90
2026-02-12 18:20:22.235,514.100,0.317383,0.506348,-0.781738,1.527,-2.992,0.099,32.00
2026-02-12 18:20:22.335,514.200,0.320801,0.504395,-0.783447,1.740,-2.893,0.389,31.90
2026-02-12 18:20:22.435,514.300,0.321289,0.507324,-0.779785,1.725,-3.107,0.099,31.85
2026-02-12 18:20:22.535,514.400,0.316406,0.507080,-0.784912,1.710,-3.008,0.237,32.10
2026-02-12 18:20:22.635,514.500,0.320068,0.502930,-0.783691,1.748,-2.817,0.053,32.20
2026-02-12 18:20:22.735,514.600,0.317871,0.501221,-0.784668,1.626,-2.916,0.458,32.20
2026-02-12 18:20:22.835,514.700,0.315674,0.505371,-0.781494,1.557,-2.626,0.305,32.20
2026-02-12 18:20:22.935,514.800,0.319824,0.506348,-0.786133,1.893,-2.924,0.214,32.10
2026-02-12 18:20:23.035,514.900,0.319336,0.506836,-0.774902,1.779,-3.031,0.489,32.10
2026-02-12 18:20:23.135,515.000,0.318604,0.504395,-0.778809,1.870,-2.725,0.420,32.10
2026-02-12 18:20:23.235,515.100,0.321045,0.504395,-0.783936,1.901,-2.863,-0.046,32.20
2026-02-12 18:20:23.335,515.200,0.314697,0.507080,-0.784912,1.870,-3.107,0.397,31.76
2026-02-12 18:20:23.435,515.300,0.320557,0.505859,-0.786133,1.817,-2.824,0.313,31.76
2026-02-12 18:20:23.535,515.400,0.323975,0.500000,-0.784912,1.496,-2.840,0.107,32.20
2026-02-12 18:20:23.635,515.500,0.319824,0.505127,-0.776611,1.534,-2.931,0.168,32.00
2026-02-12 18:20:23.735,515.600,0.317383,0.506348,-0.781982,1.580,-2.901,0.229,32.20
2026-02-12 18:20:23.835,515.700,0.320557,0.505127,-0.785889,1.550,-3.122,0.069,32.00
2026-02-12 18:20:23.935,515.800,0.320312,0.508301,-0.785400,1.947,-2.824,0.443,32.10
2026-02-12 18:20:24.035,515.900,0.322510,0.507812,-0.781250,1.863,-3.290,0.183,32.00
2026-02-12 18:20:24.135,516.000,0.318848,0.505615,-0.780273,1.649,-3.031,0.450,31.90
2026-02-12 18:20:24.235,516.100,0.321289,0.506348,-0.776123,1.656,-2.962,0.527,31.85
2026-02-12 18:20:24.335,516.200,0.320312,0.506836,-0.778564,1.832,-2.763,0.053,32.00
2026-02-12 18:20:24.435,516.300,0.315918,0.506836,-0.778320,1.718,-2.908,0.076,32.00
2026-02-12 18:20:24.535,516.400,0.320068,0.504150,-0.782715,1.542,-2.771,0.573,32.20
2026-02-12 18:20:24.635,516.500,0.320312,0.506348,-0.772949,1.672,-3.061,0.725,32.00
2026-02-12 18:20:24.735,516.600,0.318848,0.507324,-0.787109,1.779,-3.069,0.504,31.90
2026-02-12 18:20:24.835,516.700,0.316162,0.505127,-0.779541,1.588,-3.015,0.359,32.00
2026-02-12 18:20:24.935,516.800,0.316650,0.505615,-0.782471,1.878,-3.115,0.298,31.90
2026-02-12 18:20:25.035,516.900,0.319580,0.502930,-0.781006,1.580,-2.763,0.130,32.10
2026-02-12 18:20:25.135,517.000,0.320068,0.508545,-0.778076,1.847,-2.855,0.359,31.76
2026-02-12 18:20:25.235,517.100,0.319092,0.507080,-0.779541,1.511,-2.740,0.252,32.00
2026-02-12 18:20:25.335,517.200,0.320557,0.504150,-0.783203,1.824,-3.000,0.466,32.10
2026-02-12 18:20:25.435,517.300,0.321045,0.507080,-0.786865,1.916,-3.084,0.260,32.05
2026-02-12 18:20:25.535,517.400,0.320068,0.507812,-0.784912,1.656,-2.702,0.076,31.90
2026-02-12 18:20:25.635,517.500,0.319336,0.504639,-0.777344,1.695,-2.855,0.427,32.00
2026-02-12 18:20:25.735,517.600,0.317139,0.501465,-0.779541,1.656,-2.847,0.221,32.00
2026-02-12 18:20:25.835,517.700,0.320312,0.503662,-0.781250,1.618,-2.733,0.466,32.00
2026-02-12 18:20:25.935,517.800,0.315186,0.507812,-0.775879,1.855,-2.863,0.366,31.76
2026-02-12 18:20:26.035,517.900,0.319580,0.505615,-0.780518,1.557,-2.832,0.489,32.10
2026-02-12 18:20:26.135,518.000,0.318604,0.503906,-0.780029,1.817,-2.893,0.420,32.20
2026-02-12 18:20:26.235,518.100,0.319824,0.501221,-0.789307,1.725,-2.870,0.351,32.29
2026-02-12 18:20:26.335,518.200,0.317871,0.505615,-0.780273,1.969,-2.863,0.069,32.20
2026-02-12 18:20:26.435,518.300,0.321289,0.504883,-0.776611,1.534,-2.557,0.183,32.20
2026-02-12 18:20:26.535,518.400,0.317871,0.505615,-0.784912,1.817,-3.107,0.740,32.05
2026-02-12 18:20:26.635,518.500,0.321533,0.510010,-0.780762,1.740,-2.733,0.634,32.25
2026-02-12 18:20:26.735,518.600,0.320068,0.508545,-0.782715,1.840,-2.931,0.481,31.71
2026-02-12 18:20:26.835,518.700,0.321533,0.504395,-0.781738,1.672,-2.832,0.191,31.90
2026-02-12 18:20:26.935,518.800,0.319580,0.506592,-0.780273,1.695,-2.794,0.435,32.29
2026-02-12 18:20:27.035,518.900,0.317383,0.503662,-0.779541,1.489,-2.885,0.366,32.05
2026-02-12 18:20:27.135,519.000,0.320312,0.506836,-0.783691,1.725,-2.947,0.382,32.20
2026-02-12 18:20:27.235,519.100,0.320068,0.505615,-0.782715,1.679,-2.954,0.450,31.76
2026-02-12 18:20:27.335,519.200,0.318115,0.509521,-0.782715,1.855,-2.588,0.252,31.71
2026-02-12 18:20:27.435,519.300,0.321289,0.504883,-0.788574,2.015,-2.725,0.443,32.05
2026-02-12 18:20:27.535,519.400,0.317627,0.507080,-0.780762,1.656,-2.863,0.382,31.90
2026-02-12 18:20:27.635,519.500,0.318604,0.507568,-0.781006,1.603,-2.885,0.359,32.20
2026-02-12 18:20:27.735,519.600,0.317871,0.504395,-0.780762,1.695,-2.962,0.313,32.10
2026-02-12 18:20:27.835,519.700,0.317383,0.512207,-0.779297,1.878,-3.092,-0.023,31.76
2026-02-12 18:20:27.935,519.800,0.317627,0.507812,-0.776123,1.756,-2.832,0.069,32.10
2026-02-12 18:20:28.035,519.900,0.319092,0.505615,-0.778076,1.878,-2.977,0.374,32.10
2026-02-12 18:20:28.135,520.000,0.319336,0.505859,-0.784668,1.916,-3.130,0.198,32.10
2026-02-12 18:20:28.235,520.100,0.321533,0.503174,-0.778809,1.550,-2.771,0.313,32.29
2026-02-12 18:20:28.335,520.200,0.320312,0.502930,-0.783936,1.542,-2.595,0.260,32.00
2026-02-12 18:20:28.435,520.300,0.317383,0.503418,-0.782959,1.763,-2.878,0.168,31.85
2026-02-12 18:20:28.535,520.400,0.319824,0.507324,-0.779541,1.740,-2.786,0.244,31.76
2026-02-12 18:20:28.635,520.500,0.315430,0.510498,-0.777100,1.847,-3.061,0.351,32.05
2026-02-12 18:20:28.735,520.600,0.319336,0.508301,-0.781250,1.870,-2.710,0.328,32.20
2026-02-12 18:20:28.835,520.700,0.319336,0.503418,-0.781006,1.611,-2.870,0.130,32.05
2026-02-12 18:20:28.935,520.800,0.320801,0.506836,-0.780762,1.527,-2.733,0.443,32.25
2026-02-12 18:20:29.035,520.900,0.317871,0.508301,-0.783203,1.847,-2.878,0.176,32.05
2026-02-12 18:20:29.135,521.000,0.322998,0.504883,-0.781250,1.679,-2.931,0.481,32.00
2026-02-12 18:20:29.235,521.100,0.320068,0.506836,-0.782227,2.031,-2.725,0.214,32.39
2026-02-12 18:20:29.335,521.200,0.319336,0.510498,-0.775879,1.710,-2.870,0.626,32.00
2026-02-12 18:20:29.435,521.300,0.320068,0.508789,-0.784668,1.679,-2.832,0.115,32.10
2026-02-12 18:20:29.535,521.400,0.323242,0.507324,-0.777344,1.748,-2.885,0.206,32.00
2026-02-12 18:20:29.635,521.500,0.321045,0.507324,-0.776855,1.802,-2.779,0.092,32.29
2026-02-12 18:20:29.735,521.600,0.320312,0.504150,-0.784668,1.763,-2.977,0.275,32.10
2026-02-12 18:20:29.835,521.700,0.322754,0.508057,-0.781006,1.618,-2.763,0.244,32.05
2026-02-12 18:20:29.935,521.800,0.315430,0.505859,-0.781250,1.687,-2.939,0.359,32.29
2026-02-12 18:20:30.035,521.900,0.319580,0.501465,-0.782471,1.618,-3.031,0.038,32.20
2026-02-12 18:20:30.135,522.000,0.317871,0.505371,-0.788330,1.542,-2.664,0.527,32.10
2026-02-12 18:20:30.235,522.100,0.318359,0.505371,-0.786865,1.580,-2.771,0.069,32.20
2026-02-12 18:20:30.335,522.200,0.319824,0.505371,-0.779785,1.740,-2.840,0.382,32.20
2026-02-12 18:20:30.435,522.300,0.316406,0.503662,-0.776367,1.664,-2.618,0.221,32.20
2026-02-12 18:20:30.535,522.400,0.315674,0.506104,-0.784668,1.740,-2.695,0.550,32.00
2026-02-12 18:20:30.635,522.500,0.319092,0.505615,-0.773193,1.893,-2.870,0.084,32.25
2026-02-12 18:20:30.735,522.600,0.317627,0.505615,-0.780029,1.931,-2.863,0.298,32.25
2026-02-12 18:20:30.835,522.700,0.319092,0.505371,-0.780273,1.924,-2.679,0.137,31.90
2026-02-12 18:20:30.935,522.800,0.320557,0.509521,-0.774170,1.603,-3.099,0.336,32.20
2026-02-12 18:20:31.035,522.900,0.318359,0.507812,-0.782471,1.618,-2.779,0.221,32.10
2026-02-12 18:20:31.135,523.000,0.317871,0.505127,-0.782959,2.015,-2.855,0.053,32.25
2026-02-12 18:20:31.235,523.100,0.320801,0.508057,-0.791748,1.893,-2.832,-0.046,32.29
2026-02-12 18:20:31.335,523.200,0.318604,0.505615,-0.781006,1.603,-2.794,0.298,32.20
2026-02-12 18:20:31.435,523.300,0.318604,0.503174,-0.778076,1.748,-2.771,0.084,32.25
2026-02-12 18:20:31.535,523.400,0.318359,0.504395,-0.775391,1.649,-2.786,0.137,32.20
2026-02-12 18:20:31.635,523.500,0.322998,0.503906,-0.784668,1.710,-2.870,0.382,32.44
2026-02-12 18:20:31.735,523.600,0.316650,0.502197,-0.777344,1.931,-2.916,0.153,32.10
2026-02-12 18:20:31.835,523.700,0.314453,0.505371,-0.780273,1.695,-2.618,0.412,31.90
2026-02-12 18:20:31.935,523.800,0.320068,0.507812,-0.775391,1.672,-3.031,0.290,32.00
2026-02-12 18:20:32.035,523.900,0.317383,0.505859,-0.775879,1.908,-2.664,0.038,31.76
2026-02-12 18:20:32.135,524.000,0.315918,0.505859,-0.783203,1.710,-2.511,0.298,32.10
2026-02-12 18:20:32.235,524.100,0.319824,0.504150,-0.778564,1.756,-2.992,0.137,31.71
2026-02-12 18:20:32.335,524.200,0.321777,0.507324,-0.779297,1.595,-3.076,0.191,31.90
2026-02-12 18:20:32.435,524.300,0.317139,0.506836,-0.783936,1.580,-2.924,0.122,32.00
2026-02-12 18:20:32.535,524.400,0.321045,0.503418,-0.787598,1.656,-2.641,0.115,31.85
2026-02-12 18:20:32.635,524.500,0.317871,0.505859,-0.786377,1.702,-3.023,-0.053,32.20
2026-02-12 18:20:32.735,524.600,0.322266,0.504883,-0.780029,1.992,-2.802,0.031,32.10
2026-02-12 18:20:32.835,524.700,0.318115,0.506836,-0.781250,1.435,-2.916,0.427,31.90
2026-02-12 18:20:32.935,524.800,0.318604,0.504883,-0.781982,1.702,-2.992,0.176,32.10
2026-02-12 18:20:33.035,524.900,0.320801,0.509033,-0.781494,1.565,-2.931,0.168,31.76
2026-02-12 18:20:33.135,525.000,0.317871,0.504150,-0.780518,1.908,-2.954,0.221,31.85
2026-02-12 18:20:33.235,525.100,0.318359,0.506348,-0.781494,1.870,-2.763,0.473,32.05
2026-02-12 18:20:33.335,525.200,0.318115,0.507324,-0.782715,1.740,-2.939,0.145,32.10
2026-02-12 18:20:33.435,525.300,0.319336,0.505859,-0.783203,1.611,-2.962,0.282,31.90
2026-02-12 18:20:33.535,525.400,0.317139,0.502197,-0.779785,1.771,-2.748,0.275,32.00
2026-02-12 18:20:33.635,525.500,0.318848,0.507080,-0.783447,1.664,-2.962,0.412,31.90
2026-02-12 18:20:33.735,525.600,0.315186,0.505371,-0.785889,1.679,-3.046,0.405,32.10
2026-02-12 18:20:33.835,525.700,0.319824,0.503906,-0.786133,1.725,-3.107,0.351,32.39
2026-02-12 18:20:33.935,525.800,0.321289,0.507324,-0.786133,1.794,-2.580,0.076,32.10
2026-02-12 18:20:34.035,525.900,0.315186,0.504150,-0.781006,1.664,-2.809,0.015,32.39
2026-02-12 18:20:34.135,526.000,0.317627,0.508301,-0.782959,1.725,-2.824,0.206,32.10
2026-02-12 18:20:34.235,526.100,0.317627,0.508301,-0.777344,1.756,-2.962,0.031,32.00
2026-02-12 18:20:34.335,526.200,0.316162,0.503418,-0.778809,1.695,-2.733,0.237,32.25
2026-02-12 18:20:34.435,526.300,0.320068,0.506348,-0.777344,1.443,-2.969,0.290,32.10
2026-02-12 18:20:34.535,526.400,0.316162,0.505371,-0.784180,1.656,-3.038,0.252,31.90
2026-02-12 18:20:34.635,526.500,0.317871,0.510742,-0.780029,1.802,-3.015,0.473,32.05
2026-02-12 18:20:34.735,526.600,0.320312,0.505371,-0.778809,1.656,-2.748,-0.069,32.05
2026-02-12 18:20:34.835,526.700,0.320068,0.503174,-0.782715,1.824,-2.641,0.382,32.10
2026-02-12 18:20:34.935,526.800,0.320557,0.503174,-0.786133,1.954,-2.908,0.015,32.05
2026-02-12 18:20:35.035,526.900,0.319824,0.504395,-0.785156,1.710,-2.878,0.489,31.90
2026-02-12 18:20:35.135,527.000,0.318848,0.502197,-0.779541,1.649,-2.763,0.489,32.05
2026-02-12 18:20:35.235,527.100,0.322021,0.503906,-0.779297,1.695,-2.893,0.382,31.90
2026-02-12 18:20:35.335,527.200,0.318848,0.502441,-0.778320,1.473,-2.748,0.214,32.00
2026-02-12 18:20:35.435,527.300,0.318848,0.509521,-0.774902,2.008,-2.885,0.298,32.20
2026-02-12 18:20:35.535,527.400,0.320801,0.507568,-0.780273,1.809,-2.824,0.275,32.10
2026-02-12 18:20:35.635,527.500,0.314941,0.508545,-0.784180,1.626,-2.901,0.260,32.20
2026-02-12 18:20:35.735,527.600,0.315674,0.500977,-0.781982,1.847,-2.603,0.130,31.90
2026-02-12 18:20:35.835,527.700,0.318359,0.506348,-0.780762,1.489,-2.832,0.313,32.20
2026-02-12 18:20:35.935,527.800,0.319336,0.506592,-0.774902,1.626,-2.847,0.473,32.05
2026-02-12 18:20:36.035,527.900,0.321533,0.505127,-0.784912,1.611,-2.748,0.420,32.20
2026-02-12 18:20:36.135,528.000,0.320068,0.502441,-0.780273,1.695,-2.916,0.412,32.00
2026-02-12 18:20:36.235,528.100,0.318115,0.504883,-0.778320,1.756,-2.718,0.344,32.05
2026-02-12 18:20:36.335,528.200,0.322998,0.504150,-0.778809,1.687,-2.817,0.397,32.20
2026-02-12 18:20:36.435,528.300,0.319580,0.505371,-0.781982,1.580,-2.863,0.084,32.05
2026-02-12 18:20:36.535,528.400,0.320557,0.507812,-0.784912,1.519,-2.802,0.183,31.90
2026-02-12 18:20:36.635,528.500,0.318115,0.505127,-0.780518,1.809,-2.771,0.252,32.10
2026-02-12 18:20:36.735,528.600,0.317627,0.505859,-0.783203,1.771,-2.794,0.450,32.05
2026-02-12 18:20:36.835,528.700,0.320557,0.502930,-0.775146,1.458,-2.725,-0.053,32.25
2026-02-12 18:20:36.935,528.800,0.316162,0.504150,-0.783936,1.641,-2.733,0.405,32.20
2026-02-12 18:20:37.035,528.900,0.322754,0.509277,-0.774170,1.962,-3.099,0.267,31.85
2026-02-12 18:20:37.135,529.000,0.319580,0.508301,-0.781006,1.489,-2.718,0.282,31.71
2026-02-12 18:20:37.235,529.100,0.316650,0.504883,-0.781738,1.802,-2.992,0.321,32.05
2026-02-12 18:20:37.335,529.200,0.321533,0.505859,-0.781982,1.817,-2.855,0.458,31.90
2026-02-12 18:20:37.435,529.300,0.322754,0.504883,-0.787109,1.855,-2.511,0.336,32.29
2026-02-12 18:20:37.535,529.400,0.318848,0.505371,-0.783691,1.786,-2.550,0.237,32.10
2026-02-12 18:20:37.635,529.500,0.318604,0.505859,-0.779785,1.756,-2.786,0.298,31.90
2026-02-12 18:20:37.735,529.600,0.322998,0.507812,-0.778076,1.695,-2.634,0.038,32.10
2026-02-12 18:20:37.835,529.700,0.318848,0.504150,-0.783203,1.534,-2.947,0.458,32.20
2026-02-12 18:20:37.935,529.800,0.320801,0.505859,-0.781250,1.664,-2.908,0.344,32.10
2026-02-12 18:20:38.035,529.900,0.320801,0.504639,-0.786621,1.557,-2.901,0.214,32.10
2026-02-12 18:20:38.135,530.000,0.321045,0.505615,-0.778320,1.626,-2.847,0.313,32.20
2026-02-12 18:20:38.235,530.100,0.314697,0.508545,-0.777832,1.969,-2.809,0.046,32.00
2026-02-12 18:20:38.335,530.200,0.318604,0.505615,-0.783936,1.725,-2.916,0.260,32.20
2026-02-12 18:20:38.435,530.300,0.319092,0.505371,-0.780762,1.565,-2.595,0.145,32.05
2026-02-12 18:20:38.535,530.400,0.320801,0.505371,-0.783203,1.687,-2.878,0.420,32.10
2026-02-12 18:20:38.635,530.500,0.321533,0.504395,-0.782471,1.649,-2.756,0.221,32.20
2026-02-12 18:20:38.735,530.600,0.317627,0.503906,-0.779785,1.802,-2.885,0.550,32.25
2026-02-12 18:20:38.835,530.700,0.317383,0.505371,-0.783936,1.817,-2.802,0.168,32.05
2026-02-12 18:20:38.935,530.800,0.322266,0.510010,-0.778564,1.740,-2.847,0.420,31.90
2026-02-12 18:20:39.035,530.900,0.322754,0.504395,-0.781494,1.824,-2.626,0.565,32.10
2026-02-12 18:20:39.135,531.000,0.321289,0.506836,-0.781006,1.641,-2.725,0.443,32.20
2026-02-12 18:20:39.235,531.100,0.314697,0.507080,-0.779541,1.740,-2.924,0.275,32.10
2026-02-12 18:20:39.335,531.200,0.320068,0.502197,-0.774902,1.863,-2.626,0.084,32.20
2026-02-12 18:20:39.435,531.300,0.319580,0.506592,-0.776855,1.870,-3.015,0.344,32.00
2026-02-12 18:20:39.535,531.400,0.320312,0.509277,-0.776123,1.771,-2.901,0.435,32.25
2026-02-12 18:20:39.635,531.500,0.317139,0.505127,-0.776367,1.748,-2.611,0.450,32.00
2026-02-12 18:20:39.735,531.600,0.322266,0.508057,-0.776611,1.679,-2.939,0.099,31.71
2026-02-12 18:20:39.835,531.700,0.318848,0.503418,-0.782715,1.687,-2.824,0.183,32.10
2026-02-12 18:20:39.935,531.800,0.314453,0.509277,-0.779297,1.824,-2.893,0.359,32.05
2026-02-12 18:20:40.035,531.900,0.319336,0.506592,-0.783203,1.763,-2.908,0.069,32.05
2026-02-12 18:20:40.135,532.000,0.315674,0.507568,-0.781006,1.847,-2.962,0.336,31.85
2026-02-12 18:20:40.235,532.100,0.314697,0.502197,-0.781738,1.977,-2.710,0.038,32.05
2026-02-12 18:20:40.335,532.200,0.322266,0.507324,-0.788086,1.687,-2.771,0.237,31.85
2026-02-12 18:20:40.435,532.300,0.321289,0.505615,-0.782715,1.878,-2.664,0.168,32.05
2026-02-12 18:20:40.535,532.400,0.320068,0.507080,-0.787354,1.641,-3.061,0.557,31.90
2026-02-12 18:20:40.635,532.500,0.318359,0.501953,-0.784668,1.573,-2.710,0.366,32.25
2026-02-12 18:20:40.735,532.600,0.316650,0.503662,-0.779541,1.702,-2.733,0.450,32.20
2026-02-12 18:20:40.835,532.700,0.318848,0.504395,-0.781494,1.588,-2.779,0.389,32.29
2026-02-12 18:20:40.935,532.800,0.321533,0.507324,-0.780518,1.817,-2.916,0.435,32.20
2026-02-12 18:20:41.035,532.900,0.319580,0.505615,-0.778564,1.649,-2.962,0.359,32.20
2026-02-12 18:20:41.135,533.000,0.319580,0.506348,-0.778320,1.771,-3.137,0.427,31.90
2026-02-12 18:20:41.235,533.100,0.321289,0.501953,-0.779785,1.489,-2.901,0.198,32.00
2026-02-12 18:20:41.335,533.200,0.319092,0.508545,-0.785889,1.504,-2.924,0.679,32.00
2026-02-12 18:20:41.435,533.300,0.317139,0.509277,-0.780029,1.779,-2.908,0.221,32.20
2026-02-12 18:20:41.535,533.400,0.322266,0.506592,-0.782471,1.634,-2.802,0.328,31.90
2026-02-12 18:20:41.635,533.500,0.316895,0.506836,-0.778809,1.863,-2.824,0.389,32.20
2026-02-12 18:20:41.735,533.600,0.316162,0.506348,-0.784424,1.756,-2.626,0.198,32.25
2026-02-12 18:20:41.835,533.700,0.319092,0.500977,-0.785889,1.351,-2.618,0.137,32.10
2026-02-12 18:20:41.935,533.800,0.319580,0.506348,-0.781006,1.672,-2.855,0.344,32.00
2026-02-12 18:20:42.035,533.900,0.320068,0.506104,-0.782715,1.557,-2.824,0.176,32.25
2026-02-12 18:20:42.135,534.000,0.320312,0.505615,-0.785400,1.565,-2.687,0.290,31.85
2026-02-12 18:20:42.235,534.100,0.318115,0.502930,-0.779785,1.702,-2.534,0.198,32.10
2026-02-12 18:20:42.335,534.200,0.320312,0.505615,-0.779297,1.840,-2.649,0.412,32.29
2026-02-12 18:20:42.435,534.300,0.318115,0.503906,-0.783936,1.832,-2.916,0.489,32.20
2026-02-12 18:20:42.535,534.400,0.316895,0.504639,-0.775879,1.374,-2.794,0.260,32.10
2026-02-12 18:20:42.635,534.500,0.322021,0.505859,-0.783691,1.687,-2.756,0.420,32.20
2026-02-12 18:20:42.735,534.600,0.319092,0.503418,-0.789551,1.542,-2.870,0.092,32.29
2026-02-12 18:20:42.835,534.700,0.315918,0.502441,-0.783691,1.511,-3.069,0.573,32.44
2026-02-12 18:20:42.935,534.800,0.317627,0.506592,-0.779541,1.603,-2.710,0.435,32.00
2026-02-12 18:20:43.035,534.900,0.317627,0.504883,-0.779541,1.687,-3.084,0.069,31.90
2026-02-12 18:20:43.135,535.000,0.320312,0.502197,-0.776855,1.450,-2.832,0.328,32.20
2026-02-12 18:20:43.235,535.100,0.323730,0.505127,-0.780518,1.710,-3.053,0.466,32.20
2026-02-12 18:20:43.335,535.200,0.322754,0.506104,-0.778809,1.794,-2.664,0.359,32.20
2026-02-12 18:20:43.435,535.300,0.316162,0.501953,-0.781494,1.672,-2.786,0.183,32.10
2026-02-12 18:20:43.535,535.400,0.315430,0.502930,-0.782715,1.580,-2.809,0.321,32.10
2026-02-12 18:20:43.635,535.500,0.316895,0.504883,-0.783691,1.458,-2.679,0.122,32.05
2026-02-12 18:20:43.735,535.600,0.318604,0.502197,-0.777100,1.351,-2.725,0.298,32.20
2026-02-12 18:20:43.835,535.700,0.322266,0.507080,-0.779053,1.802,-2.817,0.244,32.20
2026-02-12 18:20:43.935,535.800,0.320801,0.509766,-0.787598,1.580,-2.824,0.305,32.00
2026-02-12 18:20:44.035,535.900,0.316162,0.502930,-0.780029,1.756,-2.802,0.076,32.05
2026-02-12 18:20:44.135,536.000,0.320068,0.506592,-0.781006,1.748,-2.794,0.305,32.10
2026-02-12 18:20:44.235,536.100,0.318604,0.506104,-0.779785,1.687,-3.038,0.427,32.00
2026-02-12 18:20:44.335,536.200,0.315674,0.505615,-0.785400,1.710,-2.649,0.130,32.20
2026-02-12 18:20:44.435,536.300,0.317383,0.505371,-0.785645,1.855,-3.115,0.229,32.29
2026-02-12 18:20:44.535,536.400,0.320557,0.504395,-0.785400,1.458,-3.076,0.336,32.29
2026-02-12 18:20:44.635,536.500,0.320557,0.506104,-0.782227,1.466,-2.908,0.244,32.20
2026-02-12 18:20:44.735,536.600,0.322754,0.504395,-0.782227,1.687,-2.595,0.282,32.20
2026-02-12 18:20:44.835,536.700,0.319824,0.503662,-0.779541,1.702,-2.878,0.168,32.20
2026-02-12 18:20:44.935,536.800,0.318359,0.507568,-0.779053,1.763,-2.779,0.336,32.20
2026-02-12 18:20:45.035,536.900,0.317383,0.503906,-0.782959,1.748,-2.664,0.397,32.00
2026-02-12 18:20:45.135,537.000,0.318848,0.508545,-0.772217,1.710,-2.969,0.260,32.20
2026-02-12 18:20:45.235,537.100,0.319580,0.504883,-0.786133,1.710,-2.817,0.260,32.25
2026-02-12 18:20:45.335,537.200,0.316406,0.500977,-0.781982,1.901,-2.870,0.107,32.10
2026-02-12 18:20:45.435,537.300,0.321289,0.506592,-0.781250,1.832,-2.817,0.290,32.29
2026-02-12 18:20:45.535,537.400,0.320801,0.504883,-0.776855,1.595,-2.962,0.511,32.39
2026-02-12 18:20:45.635,537.500,0.319580,0.504395,-0.785400,1.878,-2.893,0.183,32.10
2026-02-12 18:20:45.735,537.600,0.318848,0.504395,-0.778564,1.603,-3.107,0.206,32.20
2026-02-12 18:20:45.835,537.700,0.318359,0.510254,-0.778076,1.977,-2.855,0.214,32.10
2026-02-12 18:20:45.935,537.800,0.318115,0.504150,-0.782471,1.786,-2.748,0.298,32.10
2026-02-12 18:20:46.035,537.900,0.318604,0.502441,-0.781006,1.649,-2.672,0.313,31.76
2026-02-12 18:20:46.135,538.000,0.317139,0.508057,-0.778564,1.504,-2.664,0.183,32.20
2026-02-12 18:20:46.235,538.100,0.319580,0.505615,-0.779785,1.328,-2.786,0.221,32.44
2026-02-12 18:20:46.335,538.200,0.319824,0.504150,-0.776123,1.679,-2.809,0.359,32.25
2026-02-12 18:20:46.435,538.300,0.320557,0.505859,-0.783447,1.557,-2.725,0.313,32.39
2026-02-12 18:20:46.535,538.400,0.319336,0.503418,-0.781738,1.779,-3.053,0.382,32.25
2026-02-12 18:20:46.635,538.500,0.315918,0.503662,-0.789307,1.641,-2.969,0.275,32.10
2026-02-12 18:20:46.735,538.600,0.317627,0.507324,-0.776855,1.450,-2.756,0.115,32.20
2026-02-12 18:20:46.835,538.700,0.316895,0.503418,-0.779053,1.847,-3.038,0.099,32.20
2026-02-12 18:20:46.935,538.800,0.322754,0.504639,-0.776367,1.641,-2.740,0.275,32.00
2026-02-12 18:20:47.035,538.900,0.318604,0.504883,-0.780273,1.687,-2.985,-0.008,32.10
2026-02-12 18:20:47.135,539.000,0.320068,0.503174,-0.784912,1.855,-3.191,0.328,32.00
2026-02-12 18:20:47.235,539.100,0.318604,0.509277,-0.784424,1.771,-2.939,-0.023,32.10
2026-02-12 18:20:47.335,539.200,0.314697,0.505615,-0.783203,1.832,-2.656,0.435,32.05
2026-02-12 18:20:47.435,539.300,0.321533,0.507568,-0.784912,1.664,-2.855,0.282,31.90
2026-02-12 18:20:47.535,539.400,0.319336,0.506104,-0.778076,1.748,-3.084,0.328,31.90
2026-02-12 18:20:47.635,539.500,0.319580,0.505371,-0.782227,1.656,-3.107,0.290,32.10
2026-02-12 18:20:47.735,539.600,0.318848,0.509277,-0.779785,1.885,-3.115,0.046,32.00
2026-02-12 18:20:47.835,539.700,0.318848,0.505859,-0.778320,1.870,-2.649,0.145,32.00
2026-02-12 18:20:47.935,539.800,0.318359,0.504150,-0.778320,1.771,-2.962,0.069,32.10
2026-02-12 18:20:48.035,539.900,0.318359,0.503174,-0.777100,1.412,-2.710,0.214,32.39
2026-02-12 18:20:48.135,540.000,0.320312,0.501709,-0.784424,1.542,-2.985,0.458,31.90
2026-02-12 18:20:48.235,540.100,0.316895,0.505371,-0.780273,1.687,-2.908,0.466,32.10
2026-02-12 18:20:48.335,540.200,0.319092,0.504883,-0.781006,1.695,-2.908,0.282,32.10
2026-02-12 18:20:48.435,540.300,0.319336,0.508057,-0.776611,1.511,-2.847,-0.008,32.20
2026-02-12 18:20:48.535,540.400,0.319336,0.505615,-0.779297,1.725,-2.878,0.382,31.85
2026-02-12 18:20:48.635,540.500,0.318604,0.510498,-0.785400,1.809,-2.924,0.458,32.20
2026-02-12 18:20:48.735,540.600,0.317139,0.507080,-0.786865,1.794,-2.725,0.382,31.90
2026-02-12 18:20:48.835,540.700,0.319580,0.502686,-0.781738,1.725,-2.702,-0.015,32.20
2026-02-12 18:20:48.935,540.800,0.318359,0.507812,-0.783936,1.656,-2.733,0.397,32.10
2026-02-12 18:20:49.035,540.900,0.316895,0.505859,-0.778809,1.534,-3.015,0.313,32.10
2026-02-12 18:20:49.135,541.000,0.320557,0.505859,-0.776123,1.450,-2.634,-0.015,32.20
2026-02-12 18:20:49.235,541.100,0.318848,0.502441,-0.782715,1.573,-2.817,0.115,32.10
2026-02-12 18:20:49.335,541.200,0.321045,0.503418,-0.785400,1.649,-2.832,0.115,32.05
2026-02-12 18:20:49.435,541.300,0.317383,0.507324,-0.779297,1.695,-3.053,0.321,32.20
2026-02-12 18:20:49.535,541.400,0.319824,0.505127,-0.782471,1.473,-2.939,0.023,31.76
2026-02-12 18:20:49.635,541.500,0.319580,0.503662,-0.786377,1.557,-2.649,0.588,31.76
2026-02-12 18:20:49.735,541.600,0.317383,0.507080,-0.780518,1.840,-2.916,0.137,32.10
2026-02-12 18:20:49.835,541.700,0.319580,0.507568,-0.780029,1.588,-2.863,0.275,32.20
2026-02-12 18:20:49.935,541.800,0.318604,0.506836,-0.777344,1.580,-2.832,0.260,32.05
2026-02-12 18:20:50.035,541.900,0.319824,0.509766,-0.784668,1.496,-3.153,0.229,31.90
2026-02-12 18:20:50.135,542.000,0.318848,0.508301,-0.779297,1.366,-2.664,0.221,32.00
2026-02-12 18:20:50.235,542.100,0.321533,0.506348,-0.775635,1.634,-2.756,0.145,32.00
2026-02-12 18:20:50.335,542.200,0.319824,0.505127,-0.782227,1.618,-2.763,0.313,32.00
2026-02-12 18:20:50.435,542.300,0.318604,0.505859,-0.783447,1.618,-2.725,0.092,31.90
2026-02-12 18:20:50.535,542.400,0.319824,0.506836,-0.784912,1.947,-2.847,0.557,32.25
2026-02-12 18:20:50.635,542.500,0.316895,0.502930,-0.781738,1.710,-2.771,-0.008,32.20
2026-02-12 18:20:50.735,542.600,0.316406,0.505127,-0.781738,1.542,-3.076,0.351,32.05
2026-02-12 18:20:50.835,542.700,0.315918,0.504150,-0.781494,1.687,-2.847,0.191,32.05
2026-02-12 18:20:50.935,542.800,0.320557,0.505615,-0.778320,1.664,-3.061,0.397,32.10
2026-02-12 18:20:51.035,542.900,0.318115,0.501709,-0.784424,1.534,-2.824,0.221,32.10
2026-02-12 18:20:51.135,543.000,0.319824,0.506836,-0.779541,1.771,-2.718,0.130,32.10
2026-02-12 18:20:51.235,543.100,0.317871,0.507080,-0.781494,1.779,-2.779,0.115,32.00
2026-02-12 18:20:51.335,543.200,0.318115,0.502930,-0.780762,1.573,-2.763,0.344,32.20
2026-02-12 18:20:51.435,543.300,0.317871,0.508057,-0.783203,1.908,-2.840,0.153,32.25
2026-02-12 18:20:51.535,543.400,0.315918,0.504395,-0.780273,1.809,-2.824,0.206,31.90
2026-02-12 18:20:51.635,543.500,0.319580,0.507324,-0.782227,1.885,-2.832,0.382,32.20
2026-02-12 18:20:51.735,543.600,0.317871,0.506104,-0.787109,1.885,-3.076,0.244,32.05
2026-02-12 18:20:51.835,543.700,0.317139,0.505615,-0.786133,1.992,-2.939,0.099,32.10
2026-02-12 18:20:51.935,543.800,0.317139,0.506104,-0.790039,1.893,-2.870,0.275,32.10
2026-02-12 18:20:52.035,543.900,0.318604,0.509521,-0.779297,1.756,-2.809,0.275,32.20
2026-02-12 18:20:52.135,544.000,0.317871,0.502930,-0.778320,1.779,-3.107,0.504,32.00
2026-02-12 18:20:52.235,544.100,0.314941,0.505859,-0.785156,1.733,-2.924,0.145,32.10
2026-02-12 18:20:52.335,544.200,0.318604,0.503662,-0.783691,2.031,-3.076,0.405,32.10
2026-02-12 18:20:52.435,544.300,0.317871,0.507080,-0.779053,1.695,-2.702,0.382,32.25
2026-02-12 18:20:52.535,544.400,0.322998,0.506592,-0.781982,1.756,-2.893,0.466,32.39
2026-02-12 18:20:52.635,544.500,0.317871,0.508301,-0.779785,1.702,-3.008,0.137,31.90
2026-02-12 18:20:52.735,544.600,0.317627,0.505859,-0.784180,1.771,-2.756,0.443,32.05
2026-02-12 18:20:52.835,544.700,0.318359,0.504883,-0.781494,1.695,-2.595,0.198,32.20
2026-02-12 18:20:52.935,544.800,0.320068,0.506104,-0.777588,1.809,-2.779,0.397,32.10
2026-02-12 18:20:53.035,544.900,0.314941,0.507568,-0.778320,1.718,-2.786,0.015,32.20
2026-02-12 18:20:53.135,545.000,0.317627,0.508057,-0.779053,1.710,-2.809,0.214,32.05
2026-02-12 18:20:53.235,545.100,0.319580,0.508545,-0.783691,1.725,-2.931,0.511,32.29
2026-02-12 18:20:53.335,545.200,0.316406,0.506348,-0.779297,1.641,-2.939,0.206,32.25
2026-02-12 18:20:53.435,545.300,0.321533,0.505127,-0.787842,1.779,-2.878,0.489,32.00
2026-02-12 18:20:53.535,545.400,0.316650,0.505371,-0.778564,1.611,-2.878,0.466,32.25
2026-02-12 18:20:53.635,545.500,0.320068,0.505859,-0.781250,1.718,-2.603,0.237,32.25
2026-02-12 18:20:53.735,545.600,0.317627,0.504639,-0.781250,1.893,-2.939,0.176,32.39
2026-02-12 18:20:53.835,545.700,0.314209,0.506104,-0.784668,1.618,-2.931,0.130,32.10
2026-02-12 18:20:53.935,545.800,0.317627,0.507812,-0.780762,1.664,-2.832,0.267,32.20
2026-02-12 18:20:54.035,545.900,0.317627,0.506348,-0.777832,1.626,-2.557,0.168,32.10
2026-02-12 18:20:54.135,546.000,0.318604,0.502686,-0.786621,1.588,-3.084,0.366,32.20
2026-02-12 18:20:54.235,546.100,0.320557,0.505371,-0.784668,1.733,-2.771,0.427,32.25
2026-02-12 18:20:54.335,546.200,0.317627,0.504150,-0.776855,1.763,-2.756,0.267,32.10
2026-02-12 18:20:54.435,546.300,0.316650,0.502930,-0.777344,1.817,-2.733,0.214,32.20
2026-02-12 18:20:54.535,546.400,0.319336,0.506104,-0.777344,1.710,-2.794,0.405,32.39
2026-02-12 18:20:54.635,546.500,0.319336,0.506592,-0.783203,1.733,-2.832,0.336,32.10
2026-02-12 18:20:54.735,546.600,0.321045,0.505371,-0.779297,1.557,-3.214,0.573,32.10
2026-02-12 18:20:54.835,546.700,0.316895,0.507568,-0.775635,1.603,-3.053,0.130,32.10
2026-02-12 18:20:54.935,546.800,0.318848,0.505127,-0.786865,1.718,-2.511,0.031,32.10
2026-02-12 18:20:55.035,546.900,0.320312,0.506104,-0.781250,1.847,-3.053,0.260,32.25
2026-02-12 18:20:55.135,547.000,0.319092,0.509033,-0.782471,1.641,-2.855,0.069,32.29
2026-02-12 18:20:55.235,547.100,0.321045,0.506348,-0.778564,1.611,-2.802,0.527,31.85
2026-02-12 18:20:55.335,547.200,0.319336,0.504150,-0.782227,1.588,-2.733,0.221,32.25
2026-02-12 18:20:55.435,547.300,0.316406,0.507324,-0.783447,1.802,-2.779,0.321,32.05
2026-02-12 18:20:55.535,547.400,0.319336,0.502930,-0.779785,1.573,-2.702,0.466,31.76
2026-02-12 18:20:55.635,547.500,0.317871,0.503906,-0.782959,1.908,-3.015,0.603,32.29
2026-02-12 18:20:55.735,547.600,0.316406,0.506104,-0.780518,1.863,-3.061,0.267,32.10
2026-02-12 18:20:55.835,547.700,0.319336,0.508057,-0.781006,1.580,-2.733,0.160,32.20
2026-02-12 18:20:55.935,547.800,0.319580,0.508057,-0.780029,1.824,-2.962,0.344,32.29
2026-02-12 18:20:56.035,547.900,0.319092,0.505371,-0.777344,1.634,-3.038,0.237,32.20
2026-02-12 18:20:56.135,548.000,0.323730,0.506836,-0.781006,1.702,-2.832,0.397,32.10
2026-02-12 18:20:56.235,548.100,0.319580,0.505859,-0.785645,1.664,-2.962,0.359,32.10
2026-02-12 18:20:56.335,548.200,0.321045,0.504395,-0.782715,1.573,-3.076,0.511,32.20
2026-02-12 18:20:56.435,548.300,0.316650,0.506104,-0.784912,1.603,-2.969,0.176,32.20
2026-02-12 18:20:56.535,548.400,0.312256,0.507812,-0.784180,1.802,-2.641,0.328,32.05
2026-02-12 18:20:56.635,548.500,0.318115,0.506348,-0.783203,1.534,-2.931,0.153,32.29
2026-02-12 18:20:56.735,548.600,0.319092,0.504883,-0.785156,1.763,-2.985,0.427,32.20
2026-02-12 18:20:56.835,548.700,0.317627,0.505371,-0.783203,1.588,-3.023,0.389,32.10
2026-02-12 18:20:56.935,548.800,0.320557,0.504883,-0.776611,1.664,-2.824,0.191,32.20
2026-02-12 18:20:57.035,548.900,0.321533,0.505371,-0.783691,1.786,-2.710,-0.076,32.29
2026-02-12 18:20:57.135,549.000,0.319824,0.503906,-0.779541,1.802,-2.611,0.450,32.10
2026-02-12 18:20:57.235,549.100,0.318359,0.506592,-0.778809,1.870,-2.695,0.275,32.20
2026-02-12 18:20:57.335,549.200,0.319580,0.507812,-0.778320,1.687,-2.802,0.275,32.05
2026-02-12 18:20:57.435,549.300,0.316406,0.503662,-0.779785,1.809,-2.969,0.267,32.00
2026-02-12 18:20:57.535,549.400,0.319824,0.505615,-0.776611,1.924,-2.962,0.389,32.05
2026-02-12 18:20:57.635,549.500,0.320312,0.504639,-0.779785,1.802,-3.099,0.275,32.00
2026-02-12 18:20:57.735,549.600,0.317871,0.508545,-0.780762,1.855,-2.863,0.198,32.00
2026-02-12 18:20:57.835,549.700,0.321045,0.504883,-0.783936,1.847,-2.725,0.168,32.25
2026-02-12 18:20:57.935,549.800,0.318604,0.509521,-0.786865,1.931,-2.626,0.145,32.20
2026-02-12 18:20:58.035,549.900,0.317139,0.507568,-0.779053,1.557,-2.710,0.282,32.39
2026-02-12 18:20:58.135,550.000,0.318604,0.505615,-0.784912,1.924,-3.092,0.267,32.10
2026-02-12 18:20:58.235,550.100,0.313965,0.506836,-0.780518,1.756,-2.855,0.573,32.20
2026-02-12 18:20:58.335,550.200,0.315674,0.504883,-0.780762,1.534,-2.588,0.359,32.20
2026-02-12 18:20:58.435,550.300,0.317871,0.510742,-0.782715,1.679,-2.824,0.427,32.29
2026-02-12 18:20:58.535,550.400,0.318115,0.509277,-0.781250,1.779,-2.702,0.137,32.00
2026-02-12 18:20:58.635,550.500,0.314209,0.506836,-0.780762,1.748,-3.092,0.275,32.10
2026-02-12 18:20:58.735,550.600,0.318604,0.502930,-0.788330,1.679,-2.679,0.366,32.20
2026-02-12 18:20:58.835,550.700,0.314697,0.507324,-0.778809,1.565,-2.878,-0.015,31.71
2026-02-12 18:20:58.935,550.800,0.319580,0.506592,-0.779053,1.740,-2.901,0.092,32.29
2026-02-12 18:20:59.035,550.900,0.316895,0.504883,-0.786621,1.748,-3.008,0.359,32.00
2026-02-12 18:20:59.135,551.000,0.319092,0.502197,-0.783447,1.878,-2.916,0.061,32.20
2026-02-12 18:20:59.235,551.100,0.320557,0.507568,-0.780762,1.992,-2.985,0.527,32.00
2026-02-12 18:20:59.335,551.200,0.321777,0.504883,-0.778564,1.542,-2.939,0.298,32.20
2026-02-12 18:20:59.435,551.300,0.318115,0.505615,-0.781982,1.504,-2.779,0.275,32.10
2026-02-12 18:20:59.535,551.400,0.319336,0.502197,-0.778076,1.840,-2.969,0.122,32.20
2026-02-12 18:20:59.635,551.500,0.320801,0.504639,-0.784912,1.611,-2.519,0.214,32.10
2026-02-12 18:20:59.735,551.600,0.320312,0.505615,-0.784668,1.763,-2.763,0.450,32.20
2026-02-12 18:20:59.835,551.700,0.319580,0.505127,-0.785645,1.809,-3.092,0.366,32.05
2026-02-12 18:20:59.935,551.800,0.321045,0.504883,-0.779541,1.763,-2.817,0.275,32.25
2026-02-12 18:21:00.035,551.900,0.319336,0.506348,-0.783691,1.573,-2.870,0.282,32.25
2026-02-12 18:21:00.135,552.000,0.322266,0.507324,-0.774902,1.733,-2.733,0.168,32.44
2026-02-12 18:21:00.235,552.100,0.316650,0.506836,-0.784668,1.763,-2.695,0.229,32.29
2026-02-12 18:21:00.335,552.200,0.320312,0.503174,-0.780518,1.733,-2.847,0.290,32.10
2026-02-12 18:21:00.435,552.300,0.316650,0.504639,-0.788330,1.649,-3.084,0.382,32.10
2026-02-12 18:21:00.535,552.400,0.322021,0.501953,-0.784912,1.702,-2.702,0.084,32.00
2026-02-12 18:21:00.635,552.500,0.316406,0.505127,-0.779541,1.725,-2.435,0.542,32.10
2026-02-12 18:21:00.735,552.600,0.319336,0.501465,-0.783691,1.824,-2.702,0.244,32.20
2026-02-12 18:21:00.835,552.700,0.319824,0.500732,-0.786133,1.550,-2.580,0.321,32.05
2026-02-12 18:21:00.935,552.800,0.318848,0.509766,-0.780518,1.771,-2.748,0.427,32.20
2026-02-12 18:21:01.035,552.900,0.321777,0.507568,-0.780518,1.702,-2.809,0.160,32.25
2026-02-12 18:21:01.135,553.000,0.317383,0.503906,-0.780518,1.595,-2.878,0.244,32.25
2026-02-12 18:21:01.235,553.100,0.322021,0.506104,-0.788330,1.832,-2.916,0.168,32.10
2026-02-12 18:21:01.335,553.200,0.320557,0.507812,-0.782227,1.908,-2.939,0.237,31.76
2026-02-12 18:21:01.435,553.300,0.317383,0.503418,-0.782227,1.656,-2.947,0.160,32.10
2026-02-12 18:21:01.535,553.400,0.319092,0.505859,-0.778809,1.664,-3.000,0.519,32.25
2026-02-12 18:21:01.635,553.500,0.318115,0.506104,-0.783203,1.802,-2.908,0.473,32.20
2026-02-12 18:21:01.735,553.600,0.317139,0.508301,-0.777100,1.924,-3.046,0.107,32.10
2026-02-12 18:21:01.835,553.700,0.315430,0.505615,-0.782959,1.656,-2.985,0.336,32.44
2026-02-12 18:21:01.935,553.800,0.320068,0.505127,-0.771729,1.542,-2.969,0.336,32.25
2026-02-12 18:21:02.035,553.900,0.320068,0.507812,-0.782227,1.679,-2.779,0.198,32.00
2026-02-12 18:21:02.135,554.000,0.319092,0.508057,-0.779053,1.748,-2.832,-0.008,32.20
2026-02-12 18:21:02.235,554.100,0.316895,0.506592,-0.783691,1.603,-2.794,0.008,32.25
2026-02-12 18:21:02.335,554.200,0.320068,0.504883,-0.783691,1.947,-2.779,0.336,32.05
2026-02-12 18:21:02.435,554.300,0.319580,0.501953,-0.779297,1.855,-2.611,0.198,32.20
2026-02-12 18:21:02.535,554.400,0.319824,0.503174,-0.782471,1.710,-2.992,0.183,32.59
2026-02-12 18:21:02.635,554.500,0.317627,0.503174,-0.783447,1.947,-3.153,0.160,32.05
2026-02-12 18:21:02.735,554.600,0.317871,0.507080,-0.781738,1.527,-2.672,0.359,32.05
2026-02-12 18:21:02.835,554.700,0.320312,0.503174,-0.781494,1.595,-2.702,0.099,32.20
2026-02-12 18:21:02.935,554.800,0.319580,0.501953,-0.777832,1.504,-2.695,0.115,32.20
2026-02-12 18:21:03.035,554.900,0.318604,0.504150,-0.784180,1.580,-2.855,0.405,32.20
2026-02-12 18:21:03.135,555.000,0.316406,0.503662,-0.774414,1.641,-2.802,0.489,32.00
2026-02-12 18:21:03.235,555.100,0.319824,0.507568,-0.779541,1.802,-3.031,0.145,31.85
2026-02-12 18:21:03.335,555.200,0.319824,0.506592,-0.783936,1.817,-2.679,0.130,32.10
2026-02-12 18:21:03.435,555.300,0.316406,0.502930,-0.777344,1.672,-2.847,0.511,32.00
2026-02-12 18:21:03.535,555.400,0.319092,0.508545,-0.781250,1.802,-2.771,0.252,32.29
2026-02-12 18:21:03.635,555.500,0.317139,0.507324,-0.781494,1.687,-3.046,0.198,31.85
2026-02-12 18:21:03.735,555.600,0.320068,0.504150,-0.781494,1.626,-2.847,0.107,32.20
2026-02-12 18:21:03.835,555.700,0.319824,0.503662,-0.783203,1.481,-2.748,0.183,32.29
2026-02-12 18:21:03.935,555.800,0.321777,0.507568,-0.780273,1.580,-2.824,0.260,32.20
2026-02-12 18:21:04.035,555.900,0.318359,0.509277,-0.780518,1.832,-2.817,0.443,32.20
2026-02-12 18:21:04.135,556.000,0.319336,0.501953,-0.781982,1.771,-2.908,0.275,32.20
2026-02-12 18:21:04.235,556.100,0.317627,0.505859,-0.777832,1.771,-2.947,0.275,31.76
2026-02-12 18:21:04.335,556.200,0.321533,0.506348,-0.778564,2.015,-2.603,0.206,31.85
2026-02-12 18:21:04.435,556.300,0.321777,0.506104,-0.777100,1.847,-2.763,0.313,32.29
2026-02-12 18:21:04.535,556.400,0.317871,0.510254,-0.778809,1.756,-2.626,0.305,32.20
2026-02-12 18:21:04.635,556.500,0.319336,0.505127,-0.782471,1.855,-2.725,0.076,31.90
2026-02-12 18:21:04.735,556.600,0.321777,0.503662,-0.782959,1.702,-2.863,0.611,32.44
2026-02-12 18:21:04.835,556.700,0.316895,0.505371,-0.776855,1.580,-2.695,0.290,32.29
2026-02-12 18:21:04.935,556.800,0.318848,0.505127,-0.781250,1.588,-3.008,0.473,32.00
2026-02-12 18:21:05.035,556.900,0.317627,0.509033,-0.781006,1.809,-2.786,0.229,32.20
2026-02-12 18:21:05.135,557.000,0.317383,0.505859,-0.778076,1.817,-2.702,0.275,32.20
2026-02-12 18:21:05.235,557.100,0.316895,0.505127,-0.779297,1.687,-2.885,0.344,32.00
2026-02-12 18:21:05.335,557.200,0.318604,0.503906,-0.784180,1.641,-3.046,0.405,32.05
2026-02-12 18:21:05.435,557.300,0.322754,0.502441,-0.781494,1.763,-2.580,0.473,32.10
2026-02-12 18:21:05.535,557.400,0.318604,0.503418,-0.774414,1.573,-2.794,0.443,32.10
2026-02-12 18:21:05.635,557.500,0.321777,0.511475,-0.778320,1.710,-2.771,0.481,32.20
2026-02-12 18:21:05.735,557.600,0.320068,0.505127,-0.776367,1.649,-2.725,0.351,32.00
2026-02-12 18:21:05.835,557.700,0.319824,0.507080,-0.782959,1.748,-2.763,0.000,32.29
2026-02-12 18:21:05.935,557.800,0.318848,0.509766,-0.777588,1.840,-2.893,0.405,32.20
2026-02-12 18:21:06.035,557.900,0.317871,0.506592,-0.780029,1.611,-2.779,0.382,32.20
2026-02-12 18:21:06.135,558.000,0.318604,0.506592,-0.784912,1.496,-2.427,0.046,31.90
2026-02-12 18:21:06.235,558.100,0.315430,0.509521,-0.782471,1.893,-2.893,0.336,32.05
2026-02-12 18:21:06.335,558.200,0.316162,0.505127,-0.778076,1.748,-2.786,0.351,32.54
2026-02-12 18:21:06.435,558.300,0.318604,0.506104,-0.785400,1.817,-2.924,-0.023,32.25
2026-02-12 18:21:06.535,558.400,0.317383,0.502441,-0.780273,1.878,-2.817,0.176,32.05
2026-02-12 18:21:06.635,558.500,0.317627,0.508057,-0.783936,1.710,-3.099,0.382,32.20
2026-02-12 18:21:06.735,558.600,0.318359,0.502441,-0.778076,1.634,-2.794,0.450,32.10
2026-02-12 18:21:06.835,558.700,0.319092,0.507080,-0.786865,1.710,-3.000,0.344,32.20
2026-02-12 18:21:06.935,558.800,0.317627,0.503906,-0.775391,1.573,-2.962,0.351,31.90
2026-02-12 18:21:07.035,558.900,0.319336,0.505127,-0.782715,1.580,-2.809,-0.191,32.20
2026-02-12 18:21:07.135,559.000,0.318848,0.507080,-0.775635,1.573,-2.870,0.298,32.10
2026-02-12 18:21:07.235,559.100,0.317139,0.504395,-0.783447,1.641,-2.908,0.107,31.90
2026-02-12 18:21:07.335,559.200,0.320801,0.505371,-0.778809,1.695,-2.740,0.511,31.90
2026-02-12 18:21:07.435,559.300,0.316650,0.506836,-0.780029,1.641,-2.817,0.282,32.10
2026-02-12 18:21:07.535,559.400,0.318115,0.509521,-0.782959,1.580,-2.908,0.443,32.25
2026-02-12 18:21:07.635,559.500,0.320068,0.506104,-0.779785,1.702,-2.710,0.168,31.90
2026-02-12 18:21:07.735,559.600,0.317627,0.505371,-0.781982,1.863,-2.718,0.076,32.20
2026-02-12 18:21:07.835,559.700,0.319092,0.504639,-0.776367,1.603,-2.473,0.153,32.10
2026-02-12 18:21:07.935,559.800,0.318604,0.502441,-0.790283,1.809,-3.122,0.092,32.10
2026-02-12 18:21:08.035,559.900,0.314697,0.505127,-0.783447,1.740,-2.618,0.305,32.25
2026-02-12 18:21:08.135,560.000,0.318848,0.506592,-0.778809,1.664,-2.664,0.290,32.20
2026-02-12 18:21:08.235,560.100,0.321777,0.505859,-0.776123,1.840,-2.893,0.290,32.20
2026-02-12 18:21:08.335,560.200,0.322021,0.507324,-0.789795,1.634,-2.847,0.130,32.00
2026-02-12 18:21:08.435,560.300,0.318604,0.504639,-0.780029,1.947,-3.031,0.313,32.20
2026-02-12 18:21:08.535,560.400,0.319580,0.505615,-0.783936,1.672,-3.023,0.267,31.85
2026-02-12 18:21:08.635,560.500,0.321045,0.507324,-0.779785,1.809,-2.847,0.466,32.25
2026-02-12 18:21:08.735,560.600,0.320312,0.508545,-0.782471,1.702,-2.992,0.412,32.05
2026-02-12 18:21:08.835,560.700,0.322266,0.504639,-0.783691,1.664,-3.061,0.252,32.20
2026-02-12 18:21:08.935,560.800,0.318359,0.507324,-0.786377,1.802,-2.779,0.206,32.20
2026-02-12 18:21:09.035,560.900,0.321533,0.506348,-0.785645,1.771,-2.771,0.504,32.10
2026-02-12 18:21:09.135,561.000,0.318604,0.505859,-0.777100,1.611,-2.840,0.496,31.76
2026-02-12 18:21:09.235,561.100,0.317383,0.503418,-0.779785,1.817,-2.786,0.252,32.25
2026-02-12 18:21:09.335,561.200,0.321045,0.505127,-0.775635,1.771,-2.786,0.420,32.20
2026-02-12 18:21:09.435,561.300,0.322754,0.506348,-0.786621,1.931,-2.947,0.282,31.90
2026-02-12 18:21:09.535,561.400,0.316895,0.507080,-0.781006,1.931,-2.893,0.481,31.90
2026-02-12 18:21:09.635,561.500,0.318848,0.508301,-0.783447,1.573,-2.878,0.458,32.20
2026-02-12 18:21:09.735,561.600,0.322754,0.501465,-0.779053,1.695,-2.557,0.412,32.20
2026-02-12 18:21:09.835,561.700,0.317139,0.509766,-0.779541,1.718,-2.931,0.466,32.20
2026-02-12 18:21:09.935,561.800,0.320068,0.504883,-0.780518,1.824,-2.931,0.427,32.10
2026-02-12 18:21:10.035,561.900,0.317627,0.508057,-0.780518,1.626,-3.130,0.511,31.85
2026-02-12 18:21:10.135,562.000,0.318848,0.507324,-0.783936,1.603,-3.069,0.336,32.29
2026-02-12 18:21:10.235,562.100,0.321289,0.505859,-0.785889,1.695,-2.840,0.176,32.29
2026-02-12 18:21:10.335,562.200,0.316406,0.503662,-0.776367,1.580,-2.802,0.466,32.29
2026-02-12 18:21:10.435,562.300,0.318115,0.504150,-0.781494,1.870,-3.031,0.366,32.20
2026-02-12 18:21:10.535,562.400,0.320312,0.505127,-0.781494,1.733,-2.748,0.305,32.25
2026-02-12 18:21:10.635,562.500,0.319824,0.505615,-0.786133,1.588,-2.878,0.115,32.20
2026-02-12 18:21:10.735,562.600,0.320557,0.501709,-0.780762,1.893,-2.939,0.420,32.10
2026-02-12 18:21:10.835,562.700,0.320557,0.506104,-0.782471,1.595,-2.626,0.130,32.29
2026-02-12 18:21:10.935,562.800,0.319824,0.503906,-0.782471,1.626,-2.977,-0.038,32.54
2026-02-12 18:21:11.035,562.900,0.316162,0.509766,-0.785645,1.511,-2.885,0.290,32.20
2026-02-12 18:21:11.135,563.000,0.319092,0.505371,-0.777100,1.405,-2.847,0.374,32.05
2026-02-12 18:21:11.235,563.100,0.321533,0.508057,-0.783691,1.702,-2.802,0.336,32.20
2026-02-12 18:21:11.335,563.200,0.319580,0.505615,-0.781982,1.649,-2.855,0.397,32.20
2026-02-12 18:21:11.435,563.300,0.318115,0.504639,-0.787354,1.511,-3.000,0.237,32.29
2026-02-12 18:21:11.535,563.400,0.321777,0.510254,-0.780029,1.580,-3.038,0.221,31.90
2026-02-12 18:21:11.635,563.500,0.316162,0.504883,-0.781494,1.656,-3.107,0.229,32.05
2026-02-12 18:21:11.735,563.600,0.316162,0.508057,-0.784668,1.702,-2.931,0.298,32.10
2026-02-12 18:21:11.835,563.700,0.316162,0.503174,-0.778564,1.641,-2.969,0.351,32.29
2026-02-12 18:21:11.935,563.800,0.320068,0.504395,-0.777344,1.885,-2.870,0.359,32.10
2026-02-12 18:21:12.035,563.900,0.319092,0.505371,-0.783691,1.786,-3.023,0.260,32.25
2026-02-12 18:21:12.135,564.000,0.320557,0.505859,-0.784668,1.702,-2.992,0.214,32.10
2026-02-12 18:21:12.235,564.100,0.316406,0.505127,-0.781494,1.695,-3.015,0.107,32.20
2026-02-12 18:21:12.335,564.200,0.318359,0.506836,-0.777100,1.786,-2.771,0.275,32.05
2026-02-12 18:21:12.435,564.300,0.320068,0.503906,-0.779053,1.542,-2.832,0.504,32.10
2026-02-12 18:21:12.535,564.400,0.320068,0.505615,-0.783691,1.473,-2.626,-0.221,32.25
2026-02-12 18:21:12.635,564.500,0.322266,0.506836,-0.780762,1.405,-2.489,0.313,31.90
2026-02-12 18:21:12.735,564.600,0.319092,0.508301,-0.782715,1.626,-2.718,0.336,32.20
2026-02-12 18:21:12.835,564.700,0.319092,0.507324,-0.778564,1.595,-2.931,0.191,32.20
2026-02-12 18:21:12.935,564.800,0.321777,0.508545,-0.773682,1.626,-3.130,0.351,32.20
2026-02-12 18:21:13.035,564.900,0.319824,0.506348,-0.781738,1.702,-2.901,0.466,31.90
2026-02-12 18:21:13.135,565.000,0.319092,0.505615,-0.781982,1.779,-2.885,0.466,32.20
2026-02-12 18:21:13.235,565.100,0.319336,0.507080,-0.779785,1.847,-2.985,0.191,32.20
2026-02-12 18:21:13.335,565.200,0.317871,0.509766,-0.781982,1.863,-2.771,0.511,32.00
2026-02-12 18:21:13.435,565.300,0.319824,0.505859,-0.787598,1.534,-2.840,0.359,32.20
2026-02-12 18:21:13.535,565.400,0.319336,0.506104,-0.780273,1.664,-2.824,0.336,32.10
2026-02-12 18:21:13.635,565.500,0.320557,0.507568,-0.780029,1.840,-2.893,0.489,32.10
2026-02-12 18:21:13.735,565.600,0.316895,0.503662,-0.780762,1.855,-2.664,0.229,32.10
2026-02-12 18:21:13.835,565.700,0.319824,0.511719,-0.787109,1.626,-2.855,0.183,32.25
2026-02-12 18:21:13.935,565.800,0.320312,0.509521,-0.785156,1.710,-3.023,0.328,32.20
2026-02-12 18:21:14.035,565.900,0.322754,0.501953,-0.777832,1.817,-2.916,0.069,32.25
2026-02-12 18:21:14.135,566.000,0.321289,0.505859,-0.781006,1.595,-2.611,0.107,32.20
2026-02-12 18:21:14.235,566.100,0.316650,0.506836,-0.787598,1.733,-2.779,0.198,32.20
2026-02-12 18:21:14.335,566.200,0.317383,0.503662,-0.778320,1.702,-2.969,0.023,32.00
2026-02-12 18:21:14.435,566.300,0.318115,0.504883,-0.780762,1.534,-3.023,0.084,32.10
2026-02-12 18:21:14.535,566.400,0.320068,0.508057,-0.787598,1.733,-2.817,0.313,32.10
2026-02-12 18:21:14.635,566.500,0.318848,0.502930,-0.781006,2.000,-2.908,0.344,32.20
2026-02-12 18:21:14.735,566.600,0.319824,0.506592,-0.779541,1.832,-2.756,0.275,32.25
2026-02-12 18:21:14.835,566.700,0.317871,0.505615,-0.782471,1.878,-3.160,0.489,32.20
2026-02-12 18:21:14.935,566.800,0.316162,0.504395,-0.776855,1.679,-2.908,0.550,32.20
2026-02-12 18:21:15.035,566.900,0.320068,0.504150,-0.784668,2.076,-2.641,0.481,32.25
2026-02-12 18:21:15.135,567.000,0.317383,0.500000,-0.776611,1.664,-3.023,0.298,32.20
2026-02-12 18:21:15.235,567.100,0.319092,0.508789,-0.779297,1.672,-2.977,0.389,32.25
2026-02-12 18:21:15.335,567.200,0.318604,0.501221,-0.778809,1.649,-2.931,0.351,31.66
2026-02-12 18:21:15.435,567.300,0.316406,0.504883,-0.782227,1.817,-2.733,0.084,32.10
2026-02-12 18:21:15.535,567.400,0.320557,0.507812,-0.782959,1.870,-2.710,0.107,32.05
2026-02-12 18:21:15.635,567.500,0.318848,0.503418,-0.783936,1.634,-3.008,0.298,32.20
2026-02-12 18:21:15.735,567.600,0.317139,0.510010,-0.778320,1.641,-2.763,0.214,32.05
2026-02-12 18:21:15.835,567.700,0.317383,0.508057,-0.786621,1.466,-2.885,0.160,32.20
2026-02-12 18:21:15.935,567.800,0.315186,0.503906,-0.780273,1.855,-2.855,0.420,31.76
2026-02-12 18:21:16.035,567.900,0.320312,0.504639,-0.782227,1.496,-2.565,0.374,32.10
2026-02-12 18:21:16.135,568.000,0.319092,0.504639,-0.781250,1.603,-3.046,0.336,32.20
2026-02-12 18:21:16.235,568.100,0.318848,0.508301,-0.775879,1.634,-2.786,0.115,32.00
2026-02-12 18:21:16.335,568.200,0.318359,0.507080,-0.778564,1.779,-2.863,0.374,32.20
2026-02-12 18:21:16.435,568.300,0.319336,0.505371,-0.781494,1.405,-2.603,0.359,32.10
2026-02-12 18:21:16.535,568.400,0.321533,0.505371,-0.780762,1.740,-2.977,0.023,32.10
2026-02-12 18:21:16.635,568.500,0.315918,0.507812,-0.780273,1.496,-2.855,0.115,32.25
2026-02-12 18:21:16.735,568.600,0.317383,0.502686,-0.783203,1.588,-2.863,0.221,32.10
2026-02-12 18:21:16.835,568.700,0.317871,0.507568,-0.785889,1.603,-2.756,0.565,31.90
2026-02-12 18:21:16.935,568.800,0.318115,0.507324,-0.779541,1.687,-2.725,0.328,32.05
2026-02-12 18:21:17.035,568.900,0.316162,0.504883,-0.779785,1.504,-2.870,0.489,32.00
2026-02-12 18:21:17.135,569.000,0.324951,0.506104,-0.781982,1.771,-2.702,0.267,32.05
2026-02-12 18:21:17.235,569.100,0.318359,0.509277,-0.780518,1.847,-2.740,0.145,32.20
2026-02-12 18:21:17.335,569.200,0.316406,0.505859,-0.784424,1.687,-2.794,0.092,32.29
2026-02-12 18:21:17.435,569.300,0.319092,0.507812,-0.784180,1.847,-2.985,0.267,32.29
2026-02-12 18:21:17.535,569.400,0.318359,0.506592,-0.782715,1.710,-3.153,0.260,32.20
2026-02-12 18:21:17.635,569.500,0.312256,0.504883,-0.783447,1.756,-2.748,0.198,31.85
2026-02-12 18:21:17.735,569.600,0.320557,0.509521,-0.783203,1.527,-2.550,0.290,32.20
2026-02-12 18:21:17.835,569.700,0.317139,0.504150,-0.781494,1.740,-2.977,0.115,31.76
2026-02-12 18:21:17.935,569.800,0.317383,0.507080,-0.781738,1.763,-2.840,0.145,32.10
2026-02-12 18:21:18.035,569.900,0.321777,0.505615,-0.781738,1.550,-2.725,0.229,32.20
2026-02-12 18:21:18.135,570.000,0.319580,0.504150,-0.786133,1.305,-2.672,0.252,32.10
2026-02-12 18:21:18.235,570.100,0.318848,0.508057,-0.781494,1.687,-2.748,0.305,32.20
2026-02-12 18:21:18.335,570.200,0.315430,0.507812,-0.773438,1.985,-2.687,0.046,32.20
2026-02-12 18:21:18.435,570.300,0.322266,0.505615,-0.783447,1.702,-2.924,-0.046,32.10
2026-02-12 18:21:18.535,570.400,0.318359,0.512207,-0.780518,1.656,-2.649,0.282,32.29
2026-02-12 18:21:18.635,570.500,0.320068,0.505859,-0.778076,1.641,-2.672,0.260,32.10
2026-02-12 18:21:18.735,570.600,0.317871,0.502930,-0.778076,1.740,-2.603,0.084,31.90
2026-02-12 18:21:18.835,570.700,0.319824,0.505371,-0.773926,1.740,-2.992,0.206,31.90
2026-02-12 18:21:18.935,570.800,0.316162,0.504395,-0.782959,1.664,-2.840,0.092,32.05
2026-02-12 18:21:19.035,570.900,0.318848,0.507812,-0.783203,1.809,-2.794,0.290,31.76
2026-02-12 18:21:19.135,571.000,0.321777,0.508789,-0.780762,1.885,-2.962,0.336,32.05
2026-02-12 18:21:19.235,571.100,0.315674,0.502930,-0.780029,1.863,-2.740,0.031,31.71
2026-02-12 18:21:19.335,571.200,0.318604,0.507080,-0.778320,1.794,-2.962,0.336,32.20
2026-02-12 18:21:19.435,571.300,0.316895,0.507812,-0.775635,1.679,-2.496,0.511,32.10
2026-02-12 18:21:19.535,571.400,0.314697,0.506104,-0.777344,1.870,-2.809,0.496,32.10
2026-02-12 18:21:19.635,571.500,0.316406,0.508301,-0.779541,1.557,-2.718,0.282,32.10
2026-02-12 18:21:19.735,571.600,0.317871,0.502686,-0.785156,1.748,-2.656,0.130,32.05
2026-02-12 18:21:19.835,571.700,0.318604,0.505371,-0.777588,1.672,-2.863,0.275,32.29
2026-02-12 18:21:19.935,571.800,0.320557,0.508301,-0.779297,1.878,-2.771,0.183,32.25
2026-02-12 18:21:20.035,571.900,0.315674,0.510498,-0.776611,1.634,-2.931,0.382,32.20
2026-02-12 18:21:20.135,572.000,0.320801,0.506592,-0.778320,1.489,-2.702,0.191,31.90
2026-02-12 18:21:20.235,572.100,0.319092,0.506104,-0.783203,1.588,-2.832,0.504,31.76
2026-02-12 18:21:20.335,572.200,0.319092,0.504639,-0.781250,1.840,-2.672,0.359,31.76
2026-02-12 18:21:20.435,572.300,0.318604,0.506592,-0.778320,1.756,-2.672,0.405,32.20
2026-02-12 18:21:20.535,572.400,0.320068,0.505615,-0.780029,1.649,-2.672,0.221,32.29
2026-02-12 18:21:20.635,572.500,0.318848,0.501709,-0.776367,1.763,-2.870,0.008,32.05
2026-02-12 18:21:20.735,572.600,0.318848,0.501709,-0.781982,1.481,-2.588,0.450,31.76
2026-02-12 18:21:20.835,572.700,0.317139,0.505615,-0.784912,1.916,-2.802,0.176,31.71
2026-02-12 18:21:20.935,572.800,0.321289,0.506836,-0.784180,1.420,-2.710,0.168,31.90
2026-02-12 18:21:21.035,572.900,0.322998,0.508301,-0.784912,1.626,-2.954,0.389,32.25
2026-02-12 18:21:21.135,573.000,0.315674,0.505615,-0.781494,1.496,-2.557,0.519,32.10
2026-02-12 18:21:21.235,573.100,0.319336,0.505859,-0.778564,1.611,-2.985,0.198,32.00
2026-02-12 18:21:21.335,573.200,0.318604,0.506592,-0.775879,1.794,-3.000,0.137,32.00
2026-02-12 18:21:21.435,573.300,0.318604,0.505615,-0.781738,1.634,-2.458,0.298,32.05
2026-02-12 18:21:21.535,573.400,0.322998,0.507324,-0.782227,1.832,-2.901,0.214,32.10
2026-02-12 18:21:21.635,573.500,0.320068,0.505615,-0.779785,1.595,-2.595,0.099,32.10
2026-02-12 18:21:21.735,573.600,0.320068,0.506836,-0.775146,1.595,-2.603,0.290,32.29
2026-02-12 18:21:21.835,573.700,0.318604,0.505371,-0.778809,1.725,-2.794,0.573,32.00
2026-02-12 18:21:21.935,573.800,0.319336,0.505371,-0.780518,1.527,-2.985,0.458,32.25
2026-02-12 18:21:22.035,573.900,0.322266,0.507324,-0.782715,1.725,-2.939,0.023,31.90
2026-02-12 18:21:22.135,574.000,0.319580,0.501709,-0.781738,1.588,-2.489,0.557,32.20
2026-02-12 18:21:22.235,574.100,0.317627,0.507812,-0.781982,1.641,-2.748,0.168,32.10
2026-02-12 18:21:22.335,574.200,0.319092,0.505371,-0.785889,1.626,-2.802,0.481,32.25
2026-02-12 18:21:22.435,574.300,0.319580,0.505371,-0.786377,1.687,-2.992,0.115,32.20
2026-02-12 18:21:22.535,574.400,0.323975,0.505127,-0.783203,1.634,-2.893,0.221,32.20
2026-02-12 18:21:22.635,574.500,0.319580,0.507080,-0.784912,1.931,-2.840,0.099,32.05
2026-02-12 18:21:22.735,574.600,0.318604,0.507324,-0.788330,1.580,-2.794,0.046,32.10
2026-02-12 18:21:22.835,574.700,0.319336,0.506592,-0.778809,1.740,-2.840,0.122,32.29
2026-02-12 18:21:22.935,574.800,0.318604,0.506592,-0.783936,1.664,-2.977,0.351,32.20
2026-02-12 18:21:23.035,574.900,0.320312,0.506836,-0.782715,1.611,-2.947,0.565,32.25
2026-02-12 18:21:23.135,575.000,0.317139,0.506348,-0.783447,1.855,-2.718,0.275,32.10
2026-02-12 18:21:23.235,575.100,0.320312,0.503418,-0.780029,1.435,-3.031,0.275,32.05
2026-02-12 18:21:23.335,575.200,0.317383,0.506592,-0.783203,1.863,-3.099,0.473,32.05
2026-02-12 18:21:23.435,575.300,0.319580,0.503174,-0.785156,1.786,-2.802,0.511,32.00
2026-02-12 18:21:23.535,575.400,0.319092,0.506348,-0.783447,1.939,-2.809,0.092,32.10
2026-02-12 18:21:23.635,575.500,0.319336,0.506836,-0.778320,1.756,-3.038,0.435,32.20
2026-02-12 18:21:23.735,575.600,0.319824,0.506104,-0.779785,1.519,-2.763,0.069,32.00
2026-02-12 18:21:23.835,575.700,0.316650,0.503906,-0.783936,1.802,-3.122,0.443,32.10
2026-02-12 18:21:23.935,575.800,0.316650,0.503418,-0.785400,1.626,-2.740,0.145,31.85
2026-02-12 18:21:24.035,575.900,0.320312,0.508301,-0.781494,1.595,-2.802,0.145,32.29
2026-02-12 18:21:24.135,576.000,0.320801,0.505859,-0.782227,1.710,-2.855,0.427,31.76
2026-02-12 18:21:24.235,576.100,0.318359,0.507324,-0.786865,1.672,-2.748,0.473,32.10
2026-02-12 18:21:24.335,576.200,0.319092,0.501465,-0.783447,1.405,-2.954,0.206,32.00
2026-02-12 18:21:24.435,576.300,0.317139,0.507080,-0.780029,1.634,-2.748,0.397,32.10
2026-02-12 18:21:24.535,576.400,0.320068,0.506348,-0.783203,1.550,-2.947,0.267,31.85
2026-02-12 18:21:24.635,576.500,0.316406,0.506592,-0.782715,1.656,-3.076,0.489,32.20
2026-02-12 18:21:24.735,576.600,0.315430,0.507812,-0.779541,1.634,-2.695,0.328,31.90
2026-02-12 18:21:24.835,576.700,0.320557,0.504883,-0.783936,1.847,-2.679,0.359,32.54
2026-02-12 18:21:24.935,576.800,0.317139,0.503906,-0.782471,1.779,-2.779,0.389,32.20
2026-02-12 18:21:25.035,576.900,0.316406,0.506836,-0.774414,1.634,-3.023,0.420,31.90
2026-02-12 18:21:25.135,577.000,0.318604,0.508301,-0.781250,1.641,-2.779,0.130,32.25
2026-02-12 18:21:25.235,577.100,0.318115,0.506104,-0.776123,1.687,-3.015,0.481,32.20
2026-02-12 18:21:25.335,577.200,0.320801,0.508301,-0.785156,1.618,-2.924,0.237,32.00
2026-02-12 18:21:25.435,577.300,0.314453,0.507568,-0.779297,1.702,-2.901,0.321,32.20
2026-02-12 18:21:25.535,577.400,0.320068,0.508057,-0.774902,1.511,-2.748,0.267,31.90
2026-02-12 18:21:25.635,577.500,0.316650,0.505127,-0.786621,1.763,-2.802,0.305,32.10
2026-02-12 18:21:25.735,577.600,0.321045,0.509521,-0.781006,1.817,-2.863,0.160,32.20
2026-02-12 18:21:25.835,577.700,0.318604,0.504395,-0.785400,1.664,-3.252,0.427,32.20
2026-02-12 18:21:25.935,577.800,0.316406,0.506348,-0.783203,1.847,-3.076,0.214,32.29
2026-02-12 18:21:26.035,577.900,0.318359,0.508545,-0.780762,1.725,-2.802,0.351,32.20
2026-02-12 18:21:26.135,578.000,0.317383,0.512451,-0.782715,1.969,-2.733,0.473,32.20
2026-02-12 18:21:26.235,578.100,0.318848,0.504883,-0.782471,1.885,-2.733,0.153,32.05
2026-02-12 18:21:26.335,578.200,0.316406,0.504395,-0.776123,1.687,-2.748,0.351,32.00
2026-02-12 18:21:26.435,578.300,0.319824,0.503662,-0.783691,1.573,-2.649,0.267,31.90
2026-02-12 18:21:26.535,578.400,0.319092,0.503906,-0.782227,1.832,-2.901,0.267,31.76
2026-02-12 18:21:26.635,578.500,0.317139,0.507568,-0.782227,1.779,-2.931,0.374,32.20
2026-02-12 18:21:26.735,578.600,0.318848,0.503418,-0.784912,1.855,-2.969,0.260,31.76
2026-02-12 18:21:26.835,578.700,0.319824,0.505615,-0.775879,1.771,-2.931,0.290,32.25
2026-02-12 18:21:26.935,578.800,0.316406,0.504150,-0.786621,1.756,-2.840,0.221,32.25
2026-02-12 18:21:27.035,578.900,0.318359,0.504150,-0.784912,1.481,-2.786,0.374,32.10
2026-02-12 18:21:27.135,579.000,0.320801,0.506592,-0.783447,1.618,-2.878,0.351,32.10
2026-02-12 18:21:27.235,579.100,0.320068,0.506104,-0.784180,1.656,-3.237,0.351,32.25
2026-02-12 18:21:27.335,579.200,0.318359,0.506836,-0.778809,1.542,-2.885,0.221,32.25
2026-02-12 18:21:27.435,579.300,0.322021,0.501953,-0.783936,1.794,-3.031,0.397,32.10
2026-02-12 18:21:27.535,579.400,0.318848,0.505371,-0.783691,1.664,-2.939,0.130,31.66
2026-02-12 18:21:27.635,579.500,0.320557,0.505127,-0.778809,1.756,-3.168,0.115,32.20
2026-02-12 18:21:27.735,579.600,0.316650,0.507324,-0.778809,1.656,-2.855,0.153,32.10
2026-02-12 18:21:27.835,579.700,0.321289,0.506592,-0.773193,1.733,-2.893,0.252,32.10
2026-02-12 18:21:27.935,579.800,0.320312,0.506592,-0.777344,1.740,-2.916,0.366,32.05
2026-02-12 18:21:28.035,579.900,0.317139,0.508057,-0.778320,1.809,-2.847,0.130,31.90
2026-02-12 18:21:28.135,580.000,0.317139,0.509521,-0.781738,1.695,-2.809,0.084,32.00
2026-02-12 18:21:28.235,580.100,0.320557,0.506592,-0.786133,1.496,-2.832,0.076,32.00
2026-02-12 18:21:28.335,580.200,0.318359,0.503906,-0.776611,1.916,-2.893,0.153,31.90
2026-02-12 18:21:28.435,580.300,0.320557,0.505859,-0.776611,1.649,-2.740,0.351,31.90
2026-02-12 18:21:28.535,580.400,0.317383,0.505859,-0.781494,2.031,-2.916,0.237,31.85
2026-02-12 18:21:28.635,580.500,0.317139,0.504395,-0.787598,1.992,-3.000,0.237,32.10
2026-02-12 18:21:28.735,580.600,0.316895,0.505859,-0.781494,1.908,-2.939,0.122,32.20
2026-02-12 18:21:28.835,580.700,0.318604,0.505371,-0.776123,1.550,-2.573,0.084,32.05
2026-02-12 18:21:28.935,580.800,0.320557,0.504395,-0.778564,1.626,-2.885,0.176,32.10
2026-02-12 18:21:29.035,580.900,0.320068,0.505615,-0.785156,1.710,-3.053,0.366,32.10
2026-02-12 18:21:29.135,581.000,0.321045,0.504150,-0.775146,1.771,-2.809,0.191,32.00
2026-02-12 18:21:29.235,581.100,0.319824,0.505615,-0.782471,1.809,-2.901,0.176,31.76
2026-02-12 18:21:29.335,581.200,0.321533,0.509521,-0.779541,1.947,-2.863,0.153,32.05
2026-02-12 18:21:29.435,581.300,0.319336,0.507568,-0.780273,1.557,-2.748,0.366,32.10
2026-02-12 18:21:29.535,581.400,0.317871,0.504883,-0.779297,1.840,-3.023,-0.046,32.20
2026-02-12 18:21:29.635,581.500,0.318359,0.507324,-0.785889,1.817,-2.855,0.107,32.10
2026-02-12 18:21:29.735,581.600,0.319336,0.504883,-0.777832,1.641,-2.901,0.534,32.25
2026-02-12 18:21:29.835,581.700,0.320312,0.507812,-0.784424,1.786,-3.137,0.321,32.20
2026-02-12 18:21:29.935,581.800,0.321289,0.505127,-0.782471,1.573,-2.664,0.336,32.20
2026-02-12 18:21:30.035,581.900,0.316895,0.510986,-0.781006,1.603,-2.962,0.046,32.10
2026-02-12 18:21:30.135,582.000,0.318115,0.506836,-0.782471,1.489,-2.794,0.145,32.10
2026-02-12 18:21:30.235,582.100,0.315674,0.504150,-0.776855,1.519,-2.977,0.229,32.10
2026-02-12 18:21:30.335,582.200,0.323242,0.510254,-0.780273,1.618,-2.847,0.595,32.10
2026-02-12 18:21:30.435,582.300,0.321045,0.504639,-0.777100,1.855,-3.076,0.466,32.20
2026-02-12 18:21:30.535,582.400,0.319336,0.505615,-0.780029,1.809,-2.855,0.176,32.10
2026-02-12 18:21:30.635,582.500,0.319092,0.505127,-0.782715,1.504,-2.901,0.435,32.10
2026-02-12 18:21:30.735,582.600,0.317871,0.507080,-0.779541,1.771,-3.076,0.290,32.05
2026-02-12 18:21:30.835,582.700,0.318604,0.505615,-0.783691,1.924,-2.855,0.069,31.85
2026-02-12 18:21:30.935,582.800,0.321777,0.508057,-0.784424,1.641,-2.969,0.153,32.05
2026-02-12 18:21:31.035,582.900,0.317627,0.506592,-0.777588,1.519,-2.863,0.198,32.00
2026-02-12 18:21:31.135,583.000,0.319580,0.505127,-0.778076,1.725,-2.863,0.405,32.20
2026-02-12 18:21:31.235,583.100,0.317871,0.510254,-0.778564,1.725,-2.794,0.305,32.00
2026-02-12 18:21:31.335,583.200,0.317627,0.504150,-0.781250,1.771,-3.000,0.710,32.00
2026-02-12 18:21:31.435,583.300,0.319092,0.504395,-0.782959,1.718,-2.855,0.305,31.85
2026-02-12 18:21:31.535,583.400,0.317383,0.507568,-0.780029,1.458,-2.908,0.237,32.10
2026-02-12 18:21:31.635,583.500,0.321045,0.506348,-0.780029,1.695,-2.847,0.206,32.10
2026-02-12 18:21:31.735,583.600,0.318359,0.503906,-0.781494,1.511,-2.985,0.389,32.00
2026-02-12 18:21:31.835,583.700,0.317871,0.506348,-0.780273,1.763,-2.748,0.359,32.05
2026-02-12 18:21:31.935,583.800,0.318604,0.512939,-0.780518,1.511,-3.130,0.137,32.10
2026-02-12 18:21:32.035,583.900,0.321289,0.501465,-0.780518,1.626,-2.794,-0.092,31.85
2026-02-12 18:21:32.135,584.000,0.319580,0.506104,-0.778564,1.832,-2.817,-0.046,32.29
2026-02-12 18:21:32.235,584.100,0.317139,0.507080,-0.786133,1.649,-2.855,0.252,32.29
2026-02-12 18:21:32.335,584.200,0.317383,0.506836,-0.787109,1.779,-2.779,0.221,32.10
2026-02-12 18:21:32.435,584.300,0.318359,0.505615,-0.783447,1.565,-2.679,0.130,32.39
2026-02-12 18:21:32.535,584.400,0.319824,0.504150,-0.782227,1.649,-2.710,0.252,32.25
2026-02-12 18:21:32.635,584.500,0.319824,0.503418,-0.788330,1.992,-2.931,0.298,32.20
2026-02-12 18:21:32.735,584.600,0.319092,0.507568,-0.780518,1.779,-3.008,0.275,32.05
2026-02-12 18:21:32.835,584.700,0.314941,0.505371,-0.777588,1.656,-2.794,0.153,32.20
2026-02-12 18:21:32.935,584.800,0.315918,0.506104,-0.777344,1.702,-2.771,0.237,32.20
2026-02-12 18:21:33.035,584.900,0.318848,0.505859,-0.781250,1.718,-2.908,0.374,32.10
2026-02-12 18:21:33.135,585.000,0.321533,0.508545,-0.781006,1.664,-2.908,0.489,32.10
2026-02-12 18:21:33.235,585.100,0.320312,0.507080,-0.783447,1.718,-2.733,0.275,32.00
2026-02-12 18:21:33.335,585.200,0.318359,0.506836,-0.780518,1.641,-2.916,0.351,32.39
2026-02-12 18:21:33.435,585.300,0.319092,0.508545,-0.785645,1.710,-2.832,0.267,32.20
2026-02-12 18:21:33.535,585.400,0.317383,0.502930,-0.781982,1.542,-2.779,-0.008,32.25
2026-02-12 18:21:33.635,585.500,0.318848,0.507812,-0.781494,1.947,-2.832,0.427,32.00
2026-02-12 18:21:33.735,585.600,0.320312,0.507568,-0.775879,1.802,-2.664,0.473,32.20
2026-02-12 18:21:33.835,585.700,0.318604,0.510498,-0.785400,1.710,-2.840,0.130,32.00
2026-02-12 18:21:33.935,585.800,0.318359,0.506836,-0.780273,1.550,-2.794,0.214,32.05
2026-02-12 18:21:34.035,585.900,0.319580,0.506104,-0.777344,1.763,-2.832,0.496,32.25
2026-02-12 18:21:34.135,586.000,0.318604,0.503174,-0.777832,1.550,-2.786,0.328,31.76
2026-02-12 18:21:34.235,586.100,0.319824,0.505615,-0.780762,1.504,-2.656,0.145,32.10
2026-02-12 18:21:34.335,586.200,0.320801,0.509766,-0.781250,1.718,-2.740,0.290,32.00
2026-02-12 18:21:34.435,586.300,0.321289,0.504150,-0.781494,1.534,-2.916,0.229,31.76
2026-02-12 18:21:34.535,586.400,0.315674,0.502197,-0.779297,1.794,-2.802,0.206,32.25
2026-02-12 18:21:34.635,586.500,0.321289,0.504150,-0.785156,1.710,-2.985,0.244,32.05
2026-02-12 18:21:34.735,586.600,0.318604,0.510986,-0.785156,1.702,-2.748,0.466,32.05
2026-02-12 18:21:34.835,586.700,0.318848,0.506836,-0.779541,1.779,-2.710,0.366,32.20
2026-02-12 18:21:34.935,586.800,0.322754,0.508057,-0.776611,1.718,-2.885,0.031,32.25
2026-02-12 18:21:35.035,586.900,0.314697,0.506348,-0.781738,1.519,-2.840,0.107,32.05
2026-02-12 18:21:35.135,587.000,0.315918,0.504639,-0.776855,1.611,-3.000,0.275,31.71
2026-02-12 18:21:35.235,587.100,0.319580,0.507568,-0.785400,1.756,-3.008,0.374,32.10
2026-02-12 18:21:35.335,587.200,0.317383,0.504883,-0.781006,2.092,-2.779,0.069,32.20
2026-02-12 18:21:35.435,587.300,0.318604,0.505615,-0.780029,1.695,-3.046,0.626,32.39
2026-02-12 18:21:35.535,587.400,0.317627,0.507324,-0.779785,1.817,-2.779,0.305,32.05
2026-02-12 18:21:35.635,587.500,0.322998,0.507080,-0.783691,1.733,-2.763,0.298,32.20
2026-02-12 18:21:35.735,587.600,0.321289,0.508789,-0.786621,1.557,-2.855,0.573,32.20
2026-02-12 18:21:35.835,587.700,0.318848,0.507080,-0.778320,1.565,-2.595,0.153,32.10
2026-02-12 18:21:35.935,587.800,0.321533,0.507324,-0.780273,1.695,-3.305,0.214,32.10
2026-02-12 18:21:36.035,587.900,0.318359,0.506592,-0.780518,1.840,-2.786,0.412,32.05
2026-02-12 18:21:36.135,588.000,0.317383,0.505371,-0.777588,1.641,-2.710,0.137,32.25
2026-02-12 18:21:36.235,588.100,0.319824,0.510742,-0.780518,1.748,-2.824,0.458,31.90
2026-02-12 18:21:36.335,588.200,0.320312,0.505859,-0.779541,1.603,-3.015,0.092,32.29
2026-02-12 18:21:36.435,588.300,0.319336,0.505859,-0.784668,1.687,-3.076,0.519,31.85
2026-02-12 18:21:36.535,588.400,0.320801,0.507812,-0.783203,1.809,-3.084,0.183,31.76
2026-02-12 18:21:36.635,588.500,0.317383,0.508057,-0.778564,1.679,-2.870,-0.023,32.10
2026-02-12 18:21:36.735,588.600,0.317139,0.505371,-0.785645,1.908,-2.947,0.588,32.20
2026-02-12 18:21:36.835,588.700,0.318848,0.506836,-0.774414,1.511,-3.015,0.305,31.85
2026-02-12 18:21:36.935,588.800,0.319336,0.504395,-0.779297,1.725,-3.038,0.260,32.10
2026-02-12 18:21:37.035,588.900,0.317139,0.505127,-0.781738,1.664,-2.710,0.595,32.20
2026-02-12 18:21:37.135,589.000,0.316406,0.507812,-0.781006,1.809,-2.908,0.221,32.20
2026-02-12 18:21:37.235,589.100,0.319580,0.502930,-0.778564,1.832,-3.076,0.130,32.05
2026-02-12 18:21:37.335,589.200,0.314209,0.505859,-0.777832,1.496,-2.992,0.000,32.10
2026-02-12 18:21:37.435,589.300,0.319092,0.501709,-0.784424,1.672,-2.580,0.191,32.20
2026-02-12 18:21:37.535,589.400,0.320312,0.506104,-0.788086,1.580,-2.802,0.405,32.10
2026-02-12 18:21:37.635,589.500,0.316162,0.502441,-0.778320,1.664,-2.870,0.160,32.05
2026-02-12 18:21:37.735,589.600,0.320312,0.506104,-0.783203,1.809,-3.198,0.374,32.20
2026-02-12 18:21:37.835,589.700,0.322266,0.505615,-0.787842,1.809,-2.641,0.206,32.10
2026-02-12 18:21:37.935,589.800,0.324707,0.506348,-0.785645,1.595,-2.847,0.374,32.20
2026-02-12 18:21:38.035,589.900,0.318359,0.505127,-0.779053,1.794,-2.893,0.145,31.90
2026-02-12 18:21:38.135,590.000,0.320068,0.506592,-0.786133,1.817,-2.763,0.344,32.00
2026-02-12 18:21:38.235,590.100,0.315430,0.507812,-0.784180,1.702,-2.916,0.733,32.10
2026-02-12 18:21:38.335,590.200,0.322266,0.508301,-0.784180,1.771,-2.855,0.008,31.90
2026-02-12 18:21:38.435,590.300,0.321045,0.501465,-0.783936,1.740,-2.992,0.321,32.20
2026-02-12 18:21:38.535,590.400,0.319580,0.506104,-0.779541,1.977,-2.962,0.061,32.20
2026-02-12 18:21:38.635,590.500,0.317627,0.505371,-0.779785,1.672,-2.748,0.519,32.05
2026-02-12 18:21:38.735,590.600,0.319092,0.507080,-0.782471,1.618,-2.832,0.298,32.20
2026-02-12 18:21:38.835,590.700,0.319580,0.506348,-0.778809,1.649,-3.053,0.214,32.05
2026-02-12 18:21:38.935,590.800,0.319092,0.506836,-0.772217,1.710,-2.840,0.527,32.10
2026-02-12 18:21:39.035,590.900,0.314697,0.508301,-0.782959,1.802,-2.931,0.084,32.10
2026-02-12 18:21:39.135,591.000,0.317871,0.504883,-0.780518,1.588,-3.008,0.260,31.90
2026-02-12 18:21:39.235,591.100,0.316895,0.510498,-0.782715,1.504,-2.947,0.351,31.76
2026-02-12 18:21:39.335,591.200,0.320801,0.506836,-0.783936,1.748,-2.924,0.145,31.76
2026-02-12 18:21:39.435,591.300,0.316406,0.510010,-0.778076,1.870,-2.725,0.183,32.25
2026-02-12 18:21:39.535,591.400,0.319580,0.504883,-0.780762,1.832,-3.130,0.145,32.10
2026-02-12 18:21:39.635,591.500,0.320068,0.503418,-0.783203,1.626,-2.656,0.229,32.10
2026-02-12 18:21:39.735,591.600,0.320801,0.507812,-0.780762,1.458,-2.832,0.427,32.25
2026-02-12 18:21:39.835,591.700,0.319824,0.507568,-0.779785,1.672,-2.924,0.206,32.05
2026-02-12 18:21:39.935,591.800,0.319580,0.506104,-0.784424,1.916,-2.824,0.397,31.90
2026-02-12 18:21:40.035,591.900,0.321533,0.502686,-0.779053,1.634,-2.702,0.206,31.85
2026-02-12 18:21:40.135,592.000,0.318115,0.504395,-0.782227,1.664,-2.588,0.374,32.00
2026-02-12 18:21:40.235,592.100,0.319092,0.505127,-0.784668,1.504,-2.748,0.191,32.00
2026-02-12 18:21:40.335,592.200,0.320801,0.502930,-0.780273,1.405,-2.649,0.221,32.00
2026-02-12 18:21:40.435,592.300,0.319580,0.506104,-0.780762,1.870,-3.031,0.183,32.25
2026-02-12 18:21:40.535,592.400,0.320801,0.507812,-0.782227,1.702,-2.870,0.366,32.00
2026-02-12 18:21:40.635,592.500,0.320801,0.506348,-0.782715,1.885,-2.847,0.053,31.90
2026-02-12 18:21:40.735,592.600,0.318848,0.504395,-0.784180,1.565,-2.786,0.244,31.90
2026-02-12 18:21:40.835,592.700,0.319824,0.503174,-0.783447,1.840,-2.687,0.397,32.00
2026-02-12 18:21:40.935,592.800,0.313232,0.506836,-0.775635,2.008,-2.901,0.412,32.20
2026-02-12 18:21:41.035,592.900,0.318359,0.504150,-0.782471,1.611,-3.160,0.053,32.20
2026-02-12 18:21:41.135,593.000,0.317139,0.507324,-0.777588,1.809,-2.702,0.527,32.05
2026-02-12 18:21:41.235,593.100,0.319092,0.509766,-0.777588,1.832,-2.992,0.221,31.76
2026-02-12 18:21:41.335,593.200,0.318604,0.501465,-0.775879,1.748,-2.855,0.588,32.10
2026-02-12 18:21:41.435,593.300,0.320068,0.504639,-0.785156,1.901,-2.855,0.191,31.90
2026-02-12 18:21:41.535,593.400,0.320068,0.508301,-0.781006,1.618,-2.763,0.405,32.25
2026-02-12 18:21:41.635,593.500,0.322998,0.506592,-0.777344,1.649,-3.061,0.252,32.20
2026-02-12 18:21:41.735,593.600,0.318359,0.506348,-0.782227,1.817,-3.008,0.336,32.10
2026-02-12 18:21:41.835,593.700,0.319580,0.506348,-0.783203,1.573,-2.832,0.229,32.05
2026-02-12 18:21:41.935,593.800,0.321045,0.505859,-0.781006,1.542,-2.794,0.237,31.90
2026-02-12 18:21:42.035,593.900,0.319336,0.503662,-0.780029,1.634,-2.771,0.473,31.76
2026-02-12 18:21:42.135,594.000,0.320801,0.506348,-0.783447,1.863,-2.916,0.450,32.20
2026-02-12 18:21:42.235,594.100,0.318115,0.502197,-0.780762,1.672,-2.939,0.328,32.20
2026-02-12 18:21:42.335,594.200,0.318359,0.503906,-0.775146,1.611,-2.779,0.260,32.25
2026-02-12 18:21:42.435,594.300,0.322998,0.510742,-0.783203,1.588,-2.725,0.557,32.00
2026-02-12 18:21:42.535,594.400,0.318604,0.505615,-0.779297,1.756,-2.771,0.450,32.20
2026-02-12 18:21:42.635,594.500,0.318604,0.504883,-0.782471,1.695,-2.809,0.382,32.20
2026-02-12 18:21:42.735,594.600,0.315186,0.505859,-0.777832,1.580,-2.840,0.366,32.00
2026-02-12 18:21:42.835,594.700,0.320801,0.506836,-0.779053,1.824,-2.863,0.321,31.71
2026-02-12 18:21:42.935,594.800,0.319092,0.505127,-0.782227,1.687,-2.756,0.160,32.25
2026-02-12 18:21:43.035,594.900,0.318604,0.507324,-0.782227,1.870,-2.626,0.260,31.90
2026-02-12 18:21:43.135,595.000,0.319336,0.511475,-0.787354,1.550,-2.641,0.000,32.10
2026-02-12 18:21:43.235,595.100,0.317871,0.507080,-0.779541,1.878,-2.725,0.489,32.05
2026-02-12 18:21:43.335,595.200,0.317383,0.505859,-0.778320,1.748,-2.824,0.534,32.00
2026-02-12 18:21:43.435,595.300,0.316162,0.506348,-0.781738,1.611,-2.809,0.198,32.00
2026-02-12 18:21:43.535,595.400,0.319824,0.502930,-0.782715,1.962,-2.817,0.435,32.05
2026-02-12 18:21:43.635,595.500,0.317871,0.509033,-0.785156,1.641,-2.656,0.099,32.20
2026-02-12 18:21:43.735,595.600,0.315918,0.505371,-0.778564,1.710,-2.740,0.412,31.85
2026-02-12 18:21:43.835,595.700,0.318848,0.503662,-0.785400,1.718,-2.786,0.282,32.20
2026-02-12 18:21:43.935,595.800,0.319824,0.504883,-0.779785,1.458,-2.840,0.038,32.25
2026-02-12 18:21:44.035,595.900,0.316406,0.504395,-0.781006,1.466,-2.924,0.198,32.20
2026-02-12 18:21:44.135,596.000,0.316895,0.507568,-0.783691,1.504,-2.725,0.328,32.05
2026-02-12 18:21:44.235,596.100,0.316895,0.507812,-0.784180,1.588,-2.855,0.206,32.20
2026-02-12 18:21:44.335,596.200,0.321777,0.506592,-0.781006,1.817,-2.947,0.130,32.10
2026-02-12 18:21:44.435,596.300,0.316895,0.503662,-0.781982,1.435,-2.947,0.351,32.10
2026-02-12 18:21:44.535,596.400,0.320801,0.508545,-0.784912,1.679,-2.824,0.405,32.05
2026-02-12 18:21:44.635,596.500,0.318115,0.504395,-0.775635,1.771,-2.870,0.191,32.10
2026-02-12 18:21:44.735,596.600,0.316162,0.506104,-0.778076,1.893,-2.779,0.168,32.20
2026-02-12 18:21:44.835,596.700,0.320068,0.504395,-0.783203,1.427,-2.763,0.229,31.90
2026-02-12 18:21:44.935,596.800,0.317871,0.504395,-0.782227,1.672,-2.962,0.351,31.76
2026-02-12 18:21:45.035,596.900,0.321533,0.508301,-0.782227,1.832,-3.107,0.183,32.10
2026-02-12 18:21:45.135,597.000,0.318359,0.505615,-0.779541,1.542,-2.992,0.267,32.10
2026-02-12 18:21:45.235,597.100,0.320557,0.505371,-0.781006,1.557,-2.725,0.534,32.20
2026-02-12 18:21:45.335,597.200,0.317871,0.509277,-0.779297,1.740,-3.168,0.374,32.05
2026-02-12 18:21:45.435,597.300,0.321045,0.505371,-0.782471,1.611,-2.947,0.382,31.85
2026-02-12 18:21:45.535,597.400,0.316162,0.506348,-0.781738,1.840,-2.954,0.481,32.10
2026-02-12 18:21:45.635,597.500,0.317871,0.505615,-0.780518,1.573,-2.679,0.282,31.76
2026-02-12 18:21:45.735,597.600,0.322021,0.503174,-0.781250,1.687,-2.840,0.176,32.05
2026-02-12 18:21:45.835,597.700,0.318848,0.504639,-0.781982,1.733,-2.588,0.282,31.85
2026-02-12 18:21:45.935,597.800,0.315918,0.507324,-0.775146,1.626,-2.618,0.466,32.00
2026-02-12 18:21:46.035,597.900,0.320557,0.507812,-0.780518,1.786,-2.916,0.618,32.05
2026-02-12 18:21:46.135,598.000,0.320557,0.507324,-0.781738,1.710,-2.695,0.183,32.10
2026-02-12 18:21:46.235,598.100,0.318604,0.504150,-0.778320,1.534,-2.908,0.183,32.00
2026-02-12 18:21:46.335,598.200,0.319092,0.504883,-0.786621,1.794,-2.649,0.092,32.10
2026-02-12 18:21:46.435,598.300,0.319336,0.504639,-0.785400,1.725,-3.076,0.397,32.10
2026-02-12 18:21:46.535,598.400,0.321777,0.506836,-0.789795,1.656,-2.794,0.550,31.71
2026-02-12 18:21:46.635,598.500,0.319092,0.508301,-0.778809,1.740,-2.588,0.344,32.20
2026-02-12 18:21:46.735,598.600,0.322754,0.505371,-0.787109,1.641,-2.954,0.061,32.25
2026-02-12 18:21:46.835,598.700,0.320068,0.505615,-0.776367,1.931,-3.122,0.450,32.00
2026-02-12 18:21:46.935,598.800,0.322021,0.507324,-0.779785,1.618,-2.763,0.084,31.90
2026-02-12 18:21:47.035,598.900,0.319092,0.506348,-0.781982,1.725,-2.855,0.023,32.25
2026-02-12 18:21:47.135,599.000,0.315918,0.505859,-0.779541,1.771,-2.870,0.183,32.10
2026-02-12 18:21:47.235,599.100,0.317139,0.507568,-0.781738,1.519,-2.939,0.191,31.90
2026-02-12 18:21:47.335,599.200,0.318359,0.504883,-0.777100,1.519,-2.542,0.298,32.05
2026-02-12 18:21:47.435,599.300,0.317871,0.510010,-0.780029,1.542,-3.107,0.252,32.10
2026-02-12 18:21:47.535,599.400,0.322510,0.505615,-0.779297,1.832,-2.901,0.275,32.00
2026-02-12 18:21:47.635,599.500,0.317139,0.506836,-0.779541,1.969,-2.855,0.031,32.00
2026-02-12 18:21:47.735,599.600,0.320068,0.509033,-0.782959,1.595,-2.863,0.229,32.00
2026-02-12 18:21:47.835,599.700,0.319092,0.505615,-0.786133,1.595,-2.679,0.168,32.10
2026-02-12 18:21:47.935,599.800,0.318604,0.506592,-0.780762,1.908,-2.931,0.206,31.90
2026-02-12 18:21:48.035,599.900,0.318115,0.510010,-0.777832,1.786,-2.832,0.443,32.20
2026-02-12 18:21:48.135,600.000,0.317383,0.509766,-0.774658,1.641,-3.107,0.198,31.71
2026-02-12 18:21:48.235,600.100,0.321045,0.502197,-0.777832,1.565,-2.771,0.466,32.10
2026-02-12 18:21:48.335,600.200,0.321533,0.504639,-0.781982,1.580,-2.588,-0.160,32.05
2026-02-12 18:21:48.435,600.300,0.319824,0.505859,-0.781494,1.573,-2.840,0.321,32.20
2026-02-12 18:21:48.535,600.400,0.317627,0.506348,-0.780762,1.618,-2.939,0.435,31.90
2026-02-12 18:21:48.635,600.500,0.320557,0.503906,-0.778320,1.702,-2.802,0.473,32.20
2026-02-12 18:21:48.735,600.600,0.318848,0.506348,-0.780273,1.748,-3.023,0.206,31.90
2026-02-12 18:21:48.835,600.700,0.318115,0.499756,-0.775635,1.557,-2.809,0.282,32.00
2026-02-12 18:21:48.935,600.800,0.318115,0.510254,-0.785400,1.931,-2.588,0.122,31.71
2026-02-12 18:21:49.035,600.900,0.321289,0.505371,-0.787598,1.443,-2.939,0.252,32.20
2026-02-12 18:21:49.135,601.000,0.318115,0.507568,-0.778564,1.580,-2.611,0.275,32.05
2026-02-12 18:21:49.235,601.100,0.316406,0.509766,-0.781982,1.786,-2.641,0.076,31.85
2026-02-12 18:21:49.335,601.200,0.320312,0.507812,-0.783203,1.840,-2.947,0.420,32.10
2026-02-12 18:21:49.435,601.300,0.321045,0.508301,-0.781982,1.542,-2.756,0.206,32.05
2026-02-12 18:21:49.535,601.400,0.318115,0.508789,-0.779297,1.687,-2.695,0.176,32.10
2026-02-12 18:21:49.635,601.500,0.320801,0.509521,-0.774414,1.565,-2.840,0.420,31.90
2026-02-12 18:21:49.735,601.600,0.316895,0.505615,-0.777344,1.603,-2.885,0.191,32.00
2026-02-12 18:21:49.835,601.700,0.317139,0.504883,-0.783447,1.557,-3.130,-0.015,31.90
2026-02-12 18:21:49.935,601.800,0.320801,0.511475,-0.779297,1.885,-2.908,0.107,31.85
2026-02-12 18:21:50.035,601.900,0.320801,0.507324,-0.782471,1.718,-2.847,0.237,32.20
2026-02-12 18:21:50.135,602.000,0.317383,0.505371,-0.784180,1.679,-2.969,0.198,32.20
2026-02-12 18:21:50.235,602.100,0.318115,0.506348,-0.771484,1.733,-2.855,0.000,31.85
2026-02-12 18:21:50.335,602.200,0.319092,0.506104,-0.777832,1.763,-2.878,0.519,31.90
2026-02-12 18:21:50.435,602.300,0.318604,0.503418,-0.785645,1.893,-3.061,0.176,32.10
2026-02-12 18:21:50.535,602.400,0.322021,0.506592,-0.786377,1.718,-2.687,0.237,31.85
2026-02-12 18:21:50.635,602.500,0.318848,0.503418,-0.777588,1.595,-2.870,0.008,32.05
2026-02-12 18:21:50.735,602.600,0.320068,0.506592,-0.783447,1.550,-2.809,0.130,32.29
2026-02-12 18:21:50.835,602.700,0.316895,0.505127,-0.787109,1.740,-2.916,0.336,32.20
2026-02-12 18:21:50.935,602.800,0.322266,0.504150,-0.779785,1.733,-2.931,0.137,32.29
2026-02-12 18:21:51.035,602.900,0.319580,0.506104,-0.782959,1.679,-2.756,0.168,31.85
2026-02-12 18:21:51.135,603.000,0.321289,0.506836,-0.788086,1.847,-2.931,0.260,32.05
2026-02-12 18:21:51.235,603.100,0.316895,0.506104,-0.784912,1.748,-3.053,0.282,31.90
2026-02-12 18:21:51.335,603.200,0.316895,0.508301,-0.782471,1.718,-2.847,0.351,32.00
2026-02-12 18:21:51.435,603.300,0.320557,0.504883,-0.782715,1.786,-3.290,0.160,31.76
2026-02-12 18:21:51.535,603.400,0.319824,0.505859,-0.783447,2.145,-2.786,0.435,31.85
2026-02-12 18:21:51.635,603.500,0.318848,0.504883,-0.787109,1.878,-2.779,0.183,31.85
2026-02-12 18:21:51.735,603.600,0.320801,0.507324,-0.778564,1.634,-2.885,0.267,32.05
2026-02-12 18:21:51.835,603.700,0.318848,0.506104,-0.774902,1.725,-2.855,0.389,32.10
2026-02-12 18:21:51.935,603.800,0.315918,0.502686,-0.782715,1.687,-2.618,-0.061,32.39
2026-02-12 18:21:52.035,603.900,0.320557,0.506104,-0.777344,1.824,-2.794,0.443,31.76
2026-02-12 18:21:52.135,604.000,0.312744,0.505615,-0.784912,1.634,-3.076,0.511,32.00
2026-02-12 18:21:52.235,604.100,0.320801,0.510498,-0.782715,1.840,-2.870,0.427,31.90
2026-02-12 18:21:52.335,604.200,0.317383,0.506836,-0.780273,1.969,-3.061,0.168,31.90
2026-02-12 18:21:52.435,604.300,0.315430,0.505371,-0.779785,1.733,-2.939,0.160,32.05
2026-02-12 18:21:52.535,604.400,0.318359,0.507812,-0.780029,1.702,-2.847,0.458,32.00
2026-02-12 18:21:52.635,604.500,0.320557,0.506592,-0.782471,1.748,-2.740,0.099,31.90
2026-02-12 18:21:52.735,604.600,0.318115,0.507080,-0.778076,1.649,-2.748,0.191,32.20
2026-02-12 18:21:52.835,604.700,0.319092,0.506104,-0.781738,1.588,-2.763,0.176,32.20
2026-02-12 18:21:52.935,604.800,0.315674,0.507324,-0.780762,1.786,-2.588,0.420,32.05
2026-02-12 18:21:53.035,604.900,0.321289,0.507080,-0.781494,1.473,-3.092,0.122,32.05
2026-02-12 18:21:53.135,605.000,0.315430,0.508057,-0.781738,1.725,-2.847,0.221,32.00
2026-02-12 18:21:53.235,605.100,0.318848,0.500977,-0.784424,1.618,-2.748,0.153,32.00
2026-02-12 18:21:53.335,605.200,0.321045,0.507324,-0.784668,1.939,-2.725,0.389,32.05
2026-02-12 18:21:53.435,605.300,0.320312,0.504639,-0.778564,1.702,-2.611,0.389,32.10
2026-02-12 18:21:53.535,605.400,0.316406,0.501953,-0.783447,1.672,-2.771,0.344,32.00
2026-02-12 18:21:53.635,605.500,0.318604,0.508057,-0.780762,1.618,-2.626,0.450,32.10
2026-02-12 18:21:53.735,605.600,0.317871,0.504883,-0.783936,1.748,-2.878,0.435,32.00
2026-02-12 18:21:53.835,605.700,0.321045,0.506592,-0.776123,1.748,-3.046,0.069,32.05
2026-02-12 18:21:53.935,605.800,0.323975,0.505371,-0.780518,1.771,-2.908,0.298,32.05
2026-02-12 18:21:54.035,605.900,0.318604,0.507812,-0.783203,1.802,-2.870,0.084,32.05
2026-02-12 18:21:54.135,606.000,0.320801,0.502930,-0.781738,1.863,-2.947,0.160,32.05
2026-02-12 18:21:54.235,606.100,0.319092,0.507324,-0.773926,1.603,-2.924,0.290,32.05
2026-02-12 18:21:54.335,606.200,0.320801,0.506836,-0.778564,1.557,-3.023,0.328,31.76
2026-02-12 18:21:54.435,606.300,0.319580,0.505859,-0.781006,1.802,-3.084,-0.008,32.00
2026-02-12 18:21:54.535,606.400,0.318604,0.505371,-0.784912,1.885,-2.939,0.397,32.05
2026-02-12 18:21:54.635,606.500,0.315430,0.506104,-0.781006,1.672,-2.832,0.130,31.56
2026-02-12 18:21:54.735,606.600,0.316406,0.504639,-0.779541,1.817,-2.931,0.542,31.71
2026-02-12 18:21:54.835,606.700,0.319580,0.500732,-0.778809,1.908,-2.878,0.267,32.10
2026-02-12 18:21:54.935,606.800,0.317383,0.509277,-0.781250,1.763,-2.832,0.389,31.85
2026-02-12 18:21:55.035,606.900,0.319824,0.504639,-0.775879,1.588,-2.802,0.435,31.90
2026-02-12 18:21:55.135,607.000,0.318848,0.507080,-0.785645,1.733,-2.809,0.053,32.20
2026-02-12 18:21:55.235,607.100,0.318604,0.505615,-0.781250,1.824,-2.649,0.405,31.85
2026-02-12 18:21:55.335,607.200,0.317627,0.506348,-0.782471,1.504,-2.840,0.298,32.20
2026-02-12 18:21:55.435,607.300,0.322510,0.505859,-0.784180,1.618,-2.595,0.458,31.90
2026-02-12 18:21:55.535,607.400,0.318359,0.504395,-0.781006,1.725,-2.924,0.351,32.05
2026-02-12 18:21:55.635,607.500,0.317139,0.508301,-0.772949,1.534,-2.740,0.489,32.20
2026-02-12 18:21:55.735,607.600,0.317871,0.505859,-0.779053,1.832,-2.824,0.351,31.90
2026-02-12 18:21:55.835,607.700,0.318604,0.503174,-0.781494,1.641,-2.817,0.359,32.05
2026-02-12 18:21:55.935,607.800,0.318359,0.506348,-0.785645,1.618,-2.855,0.145,32.20
2026-02-12 18:21:56.035,607.900,0.319336,0.509277,-0.782227,1.771,-2.855,0.122,31.85
2026-02-12 18:21:56.135,608.000,0.318604,0.506104,-0.782471,1.626,-2.969,0.473,32.00
2026-02-12 18:21:56.235,608.100,0.317871,0.506348,-0.780273,1.771,-2.695,0.565,32.10
2026-02-12 18:21:56.335,608.200,0.320312,0.509521,-0.781982,1.458,-2.565,0.267,31.85
2026-02-12 18:21:56.435,608.300,0.316162,0.502441,-0.777100,1.756,-2.679,0.328,32.10
2026-02-12 18:21:56.535,608.400,0.318359,0.504639,-0.783691,1.679,-2.595,0.282,32.00
2026-02-12 18:21:56.635,608.500,0.317627,0.505127,-0.779785,1.763,-2.901,0.405,32.10
2026-02-12 18:21:56.735,608.600,0.317627,0.505615,-0.784668,1.893,-2.992,0.305,32.00
2026-02-12 18:21:56.835,608.700,0.316895,0.508057,-0.778809,1.702,-2.878,0.000,31.90
2026-02-12 18:21:56.935,608.800,0.318604,0.505127,-0.782959,1.687,-2.733,0.229,31.90
2026-02-12 18:21:57.035,608.900,0.317383,0.508301,-0.779785,1.519,-2.733,0.305,32.10
2026-02-12 18:21:57.135,609.000,0.317139,0.508789,-0.782227,1.595,-3.000,0.489,31.76
2026-02-12 18:21:57.235,609.100,0.318848,0.509277,-0.786133,1.595,-2.672,0.344,32.00
2026-02-12 18:21:57.335,609.200,0.316406,0.504883,-0.781006,1.626,-2.458,0.229,32.00
2026-02-12 18:21:57.435,609.300,0.313965,0.506592,-0.785889,1.870,-2.649,0.702,32.05
2026-02-12 18:21:57.535,609.400,0.316650,0.503662,-0.781006,1.695,-2.847,0.305,31.85
2026-02-12 18:21:57.635,609.500,0.319580,0.509766,-0.778564,1.763,-2.771,0.412,32.05
2026-02-12 18:21:57.735,609.600,0.316895,0.505127,-0.785400,1.809,-2.962,0.260,32.00
2026-02-12 18:21:57.835,609.700,0.320801,0.506104,-0.786133,1.725,-2.893,0.183,32.20
2026-02-12 18:21:57.935,609.800,0.317627,0.507324,-0.776367,1.618,-2.885,0.191,32.00
2026-02-12 18:21:58.035,609.900,0.314941,0.504883,-0.781494,1.847,-3.053,0.359,32.00
2026-02-12 18:21:58.135,610.000,0.319824,0.507324,-0.786865,1.527,-2.954,0.191,32.25
2026-02-12 18:21:58.235,610.100,0.318115,0.504395,-0.779297,1.870,-2.702,-0.038,32.10
2026-02-12 18:21:58.335,610.200,0.321289,0.509033,-0.781250,1.763,-2.924,0.069,32.10
2026-02-12 18:21:58.435,610.300,0.321533,0.504395,-0.781738,1.847,-2.595,0.672,32.10
2026-02-12 18:21:58.535,610.400,0.321045,0.507080,-0.785156,1.947,-2.878,-0.023,32.10
2026-02-12 18:21:58.635,610.500,0.319092,0.504883,-0.780029,1.626,-2.763,0.267,32.10
2026-02-12 18:21:58.735,610.600,0.321289,0.508789,-0.782227,1.756,-2.885,0.061,32.00
2026-02-12 18:21:58.835,610.700,0.321289,0.503662,-0.782227,1.763,-2.924,0.351,32.10
2026-02-12 18:21:58.935,610.800,0.318115,0.508789,-0.780273,1.893,-2.664,0.298,32.20
2026-02-12 18:21:59.035,610.900,0.320312,0.502197,-0.783447,1.565,-2.740,0.443,32.05
2026-02-12 18:21:59.135,611.000,0.317627,0.507080,-0.777100,1.618,-2.550,0.374,32.00
2026-02-12 18:21:59.235,611.100,0.318359,0.505127,-0.792480,1.672,-2.870,0.305,31.76
2026-02-12 18:21:59.335,611.200,0.320312,0.505127,-0.780029,1.496,-2.870,0.198,31.66
2026-02-12 18:21:59.435,611.300,0.315918,0.507568,-0.776367,1.901,-2.756,0.031,32.00
2026-02-12 18:21:59.535,611.400,0.319580,0.506836,-0.778809,1.809,-2.794,0.313,32.00
2026-02-12 18:21:59.635,611.500,0.319824,0.505127,-0.777832,1.611,-3.092,0.237,32.10
2026-02-12 18:21:59.735,611.600,0.318848,0.504883,-0.782227,1.733,-2.756,0.389,31.76
2026-02-12 18:21:59.835,611.700,0.317627,0.508057,-0.782715,2.046,-2.847,0.458,31.90
2026-02-12 18:21:59.935,611.800,0.321777,0.506104,-0.776123,1.649,-2.901,0.252,32.05
2026-02-12 18:22:00.035,611.900,0.319092,0.507812,-0.782471,1.779,-2.771,0.298,31.66
2026-02-12 18:22:00.135,612.000,0.314453,0.503906,-0.782715,1.840,-2.809,0.443,32.00
2026-02-12 18:22:00.235,612.100,0.320312,0.506592,-0.780762,1.817,-2.893,0.420,31.76
2026-02-12 18:22:00.335,612.200,0.319336,0.507324,-0.783447,1.679,-2.618,0.382,31.85
2026-02-12 18:22:00.435,612.300,0.319092,0.504150,-0.781982,1.679,-2.885,0.298,32.20
2026-02-12 18:22:00.535,612.400,0.320312,0.507324,-0.776123,1.672,-3.069,0.252,32.10
2026-02-12 18:22:00.635,612.500,0.317139,0.507080,-0.777832,1.779,-2.763,0.336,32.00
2026-02-12 18:22:00.735,612.600,0.319092,0.509766,-0.781494,1.603,-2.809,0.427,32.20
2026-02-12 18:22:00.835,612.700,0.317871,0.505615,-0.782959,1.679,-2.740,0.321,31.85
2026-02-12 18:22:00.935,612.800,0.320312,0.507568,-0.785645,1.763,-2.771,0.214,32.20
2026-02-12 18:22:01.035,612.900,0.321777,0.504395,-0.775879,1.565,-2.969,0.481,32.10
2026-02-12 18:22:01.135,613.000,0.318359,0.508057,-0.783691,1.588,-2.733,0.237,31.85
2026-02-12 18:22:01.235,613.100,0.317139,0.507568,-0.782471,1.626,-2.771,0.298,32.10
2026-02-12 18:22:01.335,613.200,0.318848,0.506348,-0.779541,1.840,-2.893,0.099,32.20
2026-02-12 18:22:01.435,613.300,0.318359,0.506104,-0.783936,1.611,-2.893,0.275,32.20
2026-02-12 18:22:01.535,613.400,0.318604,0.505371,-0.790527,1.382,-2.733,0.107,31.85
2026-02-12 18:22:01.635,613.500,0.317383,0.501465,-0.787354,1.725,-2.611,0.221,32.10
2026-02-12 18:22:01.735,613.600,0.320557,0.505127,-0.788086,1.634,-2.718,0.458,31.90
2026-02-12 18:22:01.835,613.700,0.321533,0.507080,-0.780518,1.840,-2.954,0.534,31.85
2026-02-12 18:22:01.935,613.800,0.318359,0.508057,-0.783203,1.695,-2.794,0.344,32.20
2026-02-12 18:22:02.035,613.900,0.318115,0.506104,-0.784180,1.748,-3.137,0.191,32.10
2026-02-12 18:22:02.135,614.000,0.313232,0.508789,-0.788818,1.672,-2.733,0.092,32.05
2026-02-12 18:22:02.235,614.100,0.317383,0.507812,-0.779053,1.962,-2.802,0.069,31.90
2026-02-12 18:22:02.335,614.200,0.320801,0.501709,-0.778320,1.672,-2.710,0.260,31.90
2026-02-12 18:22:02.435,614.300,0.317627,0.505859,-0.782715,1.878,-2.863,0.443,32.00
2026-02-12 18:22:02.535,614.400,0.315186,0.506836,-0.784912,1.763,-3.000,0.160,32.05
2026-02-12 18:22:02.635,614.500,0.316162,0.506348,-0.784668,1.718,-2.863,0.565,32.05
2026-02-12 18:22:02.735,614.600,0.320801,0.505615,-0.785156,1.962,-3.023,0.534,32.05
2026-02-12 18:22:02.835,614.700,0.321289,0.506104,-0.783447,1.595,-3.046,0.641,31.90
2026-02-12 18:22:02.935,614.800,0.319336,0.506104,-0.781982,1.931,-2.756,0.458,32.10
2026-02-12 18:22:03.035,614.900,0.316895,0.505127,-0.785400,1.573,-2.725,0.298,31.90
2026-02-12 18:22:03.135,615.000,0.317383,0.506348,-0.783447,1.885,-2.908,0.550,32.10
2026-02-12 18:22:03.235,615.100,0.315918,0.506348,-0.785156,1.885,-2.840,0.435,31.85
2026-02-12 18:22:03.335,615.200,0.318115,0.509033,-0.780029,1.794,-2.809,0.023,32.39
2026-02-12 18:22:03.435,615.300,0.315674,0.504395,-0.781982,1.802,-2.939,0.282,32.10
2026-02-12 18:22:03.535,615.400,0.322754,0.504150,-0.778076,2.038,-2.855,0.267,32.05
2026-02-12 18:22:03.635,615.500,0.318848,0.506592,-0.781982,1.916,-2.985,0.374,32.00
2026-02-12 18:22:03.735,615.600,0.318848,0.505859,-0.784180,1.580,-3.061,0.267,32.00
2026-02-12 18:22:03.835,615.700,0.318604,0.510742,-0.776611,1.908,-2.641,0.221,32.20
2026-02-12 18:22:03.935,615.800,0.319580,0.504150,-0.781250,1.916,-2.725,-0.107,32.00
2026-02-12 18:22:04.035,615.900,0.318359,0.506348,-0.786377,1.855,-2.908,0.305,32.00
2026-02-12 18:22:04.135,616.000,0.323486,0.504883,-0.779785,1.710,-2.740,0.252,32.20
2026-02-12 18:22:04.235,616.100,0.320557,0.508789,-0.782959,1.718,-3.015,0.153,32.20
2026-02-12 18:22:04.335,616.200,0.320801,0.503662,-0.783447,1.695,-2.786,0.427,32.10
2026-02-12 18:22:04.435,616.300,0.319824,0.507568,-0.779541,1.679,-2.916,0.275,32.20
2026-02-12 18:22:04.535,616.400,0.321777,0.506592,-0.784668,1.786,-2.557,0.160,32.10
2026-02-12 18:22:04.635,616.500,0.316895,0.503174,-0.779541,1.710,-2.779,0.351,31.85
2026-02-12 18:22:04.735,616.600,0.321777,0.506104,-0.783203,1.771,-2.916,0.267,32.00
2026-02-12 18:22:04.835,616.700,0.320312,0.510986,-0.785889,1.756,-2.725,0.198,32.20
2026-02-12 18:22:04.935,616.800,0.317871,0.506104,-0.781250,1.733,-2.985,0.374,32.29
2026-02-12 18:22:05.035,616.900,0.321533,0.504395,-0.781006,1.679,-2.878,0.260,32.25
2026-02-12 18:22:05.135,617.000,0.315918,0.501953,-0.782715,1.832,-2.763,0.244,31.90
2026-02-12 18:22:05.235,617.100,0.319336,0.505615,-0.779541,1.550,-2.733,0.206,31.85
2026-02-12 18:22:05.335,617.200,0.316406,0.509033,-0.782959,1.687,-2.893,0.473,32.05
2026-02-12 18:22:05.435,617.300,0.314453,0.511719,-0.774902,1.908,-2.702,0.206,32.00
2026-02-12 18:22:05.535,617.400,0.319092,0.502441,-0.784668,1.702,-2.809,0.206,31.85
2026-02-12 18:22:05.635,617.500,0.321777,0.503174,-0.785645,1.611,-2.672,0.298,32.10
2026-02-12 18:22:05.735,617.600,0.317383,0.507080,-0.779297,1.847,-3.000,0.198,32.10
2026-02-12 18:22:05.835,617.700,0.319336,0.508301,-0.780762,1.786,-2.763,0.511,31.76
2026-02-12 18:22:05.935,617.800,0.318359,0.503662,-0.784912,1.786,-2.855,0.092,32.10
2026-02-12 18:22:06.035,617.900,0.317627,0.505615,-0.781982,1.565,-3.099,0.527,32.00
2026-02-12 18:22:06.135,618.000,0.317871,0.510498,-0.777832,1.809,-2.977,0.359,32.10
2026-02-12 18:22:06.235,618.100,0.318848,0.507568,-0.777100,1.618,-2.695,-0.015,31.76
2026-02-12 18:22:06.335,618.200,0.318604,0.503662,-0.781738,1.687,-2.916,-0.145,32.00
2026-02-12 18:22:06.435,618.300,0.317871,0.505615,-0.783936,1.771,-2.756,0.198,32.10
2026-02-12 18:22:06.535,618.400,0.320068,0.505371,-0.781250,1.649,-2.748,-0.008,31.85
2026-02-12 18:22:06.635,618.500,0.319092,0.504639,-0.781738,1.473,-2.992,0.382,32.10
2026-02-12 18:22:06.735,618.600,0.319092,0.506104,-0.783936,1.870,-3.015,0.252,32.00
2026-02-12 18:22:06.835,618.700,0.319580,0.506348,-0.780518,1.588,-2.863,0.405,31.90
2026-02-12 18:22:06.935,618.800,0.320312,0.504639,-0.777588,1.611,-2.618,0.130,32.05
2026-02-12 18:22:07.035,618.900,0.321289,0.504639,-0.777588,1.870,-3.099,0.351,32.25
2026-02-12 18:22:07.135,619.000,0.316895,0.504639,-0.775391,1.618,-2.885,0.168,31.90
2026-02-12 18:22:07.235,619.100,0.320557,0.507324,-0.783447,1.664,-2.679,0.053,32.10
2026-02-12 18:22:07.335,619.200,0.319336,0.505615,-0.780518,1.687,-2.832,0.420,32.00
2026-02-12 18:22:07.435,619.300,0.321045,0.506104,-0.784180,1.550,-2.924,0.206,32.10
2026-02-12 18:22:07.535,619.400,0.322510,0.504395,-0.776367,1.519,-2.794,0.412,32.00
2026-02-12 18:22:07.635,619.500,0.318848,0.505859,-0.780273,1.863,-2.985,0.382,32.00
2026-02-12 18:22:07.735,619.600,0.316650,0.505371,-0.782715,1.687,-3.023,-0.053,32.20
2026-02-12 18:22:07.835,619.700,0.319824,0.503662,-0.781738,1.901,-2.924,0.321,32.10
2026-02-12 18:22:07.935,619.800,0.321777,0.507812,-0.779297,1.771,-2.794,0.321,32.05
2026-02-12 18:22:08.035,619.900,0.320312,0.504883,-0.780518,1.718,-2.809,0.420,32.00
2026-02-12 18:22:08.135,620.000,0.320068,0.506836,-0.783936,1.947,-3.214,0.008,32.20
2026-02-12 18:22:08.235,620.100,0.318848,0.507080,-0.785400,1.679,-3.000,0.374,32.05
2026-02-12 18:22:08.335,620.200,0.317627,0.499756,-0.783203,1.824,-3.107,0.206,32.10
2026-02-12 18:22:08.435,620.300,0.317139,0.504639,-0.784912,1.702,-3.031,0.290,31.90
2026-02-12 18:22:08.535,620.400,0.318115,0.508301,-0.775391,1.740,-2.893,0.298,32.20
2026-02-12 18:22:08.635,620.500,0.316895,0.506836,-0.777832,1.595,-2.786,0.473,32.00
2026-02-12 18:22:08.735,620.600,0.316895,0.506104,-0.784424,1.832,-3.214,0.374,32.20
2026-02-12 18:22:08.835,620.700,0.317871,0.508545,-0.782227,1.672,-2.809,0.328,31.85
2026-02-12 18:22:08.935,620.800,0.317383,0.508057,-0.783936,1.687,-3.061,0.489,32.20
2026-02-12 18:22:09.035,620.900,0.319824,0.503662,-0.777588,1.733,-2.855,0.191,32.10
2026-02-12 18:22:09.135,621.000,0.319092,0.505127,-0.779297,1.557,-2.908,0.313,31.90
2026-02-12 18:22:09.235,621.100,0.318604,0.503174,-0.785645,1.786,-2.969,0.229,32.00
2026-02-12 18:22:09.335,621.200,0.319824,0.503906,-0.777100,1.611,-2.931,-0.084,32.00
2026-02-12 18:22:09.435,621.300,0.319824,0.507568,-0.777832,1.710,-2.748,0.664,31.90
2026-02-12 18:22:09.535,621.400,0.318604,0.500732,-0.778320,1.702,-3.168,0.038,32.10
2026-02-12 18:22:09.635,621.500,0.317139,0.505859,-0.780273,1.916,-2.710,0.328,32.05
2026-02-12 18:22:09.735,621.600,0.317627,0.506836,-0.783203,1.779,-2.786,0.473,32.00
2026-02-12 18:22:09.835,621.700,0.316162,0.502686,-0.781982,1.702,-2.725,0.168,32.20
2026-02-12 18:22:09.935,621.800,0.322998,0.503418,-0.780762,1.511,-2.824,0.290,32.00
2026-02-12 18:22:10.035,621.900,0.322510,0.505371,-0.779053,1.695,-2.939,0.092,32.10
2026-02-12 18:22:10.135,622.000,0.316162,0.505371,-0.779297,1.710,-2.573,0.298,31.90
2026-02-12 18:22:10.235,622.100,0.317871,0.505127,-0.779785,1.908,-2.679,0.252,32.00
2026-02-12 18:22:10.335,622.200,0.322998,0.504639,-0.779785,1.756,-2.939,0.221,32.00
2026-02-12 18:22:10.435,622.300,0.318848,0.507324,-0.783447,1.794,-2.817,0.183,32.10
2026-02-12 18:22:10.535,622.400,0.316895,0.504883,-0.782959,1.702,-2.901,0.252,32.10
2026-02-12 18:22:10.635,622.500,0.320557,0.503418,-0.783936,1.771,-2.809,-0.046,31.90
2026-02-12 18:22:10.735,622.600,0.322266,0.503174,-0.788330,1.794,-2.885,0.168,31.71
2026-02-12 18:22:10.835,622.700,0.319580,0.503174,-0.783936,1.748,-2.977,0.252,32.20
2026-02-12 18:22:10.935,622.800,0.320312,0.506104,-0.775146,1.878,-2.641,0.214,32.25
2026-02-12 18:22:11.035,622.900,0.320312,0.504150,-0.781982,1.573,-2.908,0.084,32.10
2026-02-12 18:22:11.135,623.000,0.319092,0.506592,-0.784668,1.687,-2.863,0.206,32.25
2026-02-12 18:22:11.235,623.100,0.318604,0.505371,-0.781494,1.473,-3.031,0.405,32.10
2026-02-12 18:22:11.335,623.200,0.319580,0.504883,-0.781250,1.634,-2.939,0.313,32.05
2026-02-12 18:22:11.435,623.300,0.320068,0.503906,-0.785156,1.542,-2.771,0.145,32.05
2026-02-12 18:22:11.535,623.400,0.319580,0.509277,-0.781006,1.740,-3.015,0.275,31.85
2026-02-12 18:22:11.635,623.500,0.318604,0.505859,-0.776611,1.863,-2.916,0.366,31.76
2026-02-12 18:22:11.735,623.600,0.318115,0.506836,-0.776611,1.672,-2.672,0.038,31.76
2026-02-12 18:22:11.835,623.700,0.318848,0.503906,-0.783936,1.595,-2.924,0.344,32.05
2026-02-12 18:22:11.935,623.800,0.317627,0.507812,-0.781006,1.740,-2.855,0.298,32.05
2026-02-12 18:22:12.035,623.900,0.321777,0.507080,-0.780029,1.718,-2.802,0.214,32.10
2026-02-12 18:22:12.135,624.000,0.319580,0.509766,-0.780029,1.840,-2.550,0.122,32.05
2026-02-12 18:22:12.235,624.100,0.313477,0.508301,-0.784912,1.725,-3.053,0.130,32.05
2026-02-12 18:22:12.335,624.200,0.318604,0.509521,-0.787842,1.557,-2.779,0.260,31.56
2026-02-12 18:22:12.435,624.300,0.318359,0.507324,-0.781738,1.664,-3.023,0.351,31.85
2026-02-12 18:22:12.535,624.400,0.317871,0.505615,-0.782471,1.557,-2.740,0.267,32.00
2026-02-12 18:22:12.635,624.500,0.320312,0.505127,-0.781982,1.656,-2.809,0.214,31.90
2026-02-12 18:22:12.735,624.600,0.314941,0.507324,-0.782471,1.679,-2.740,0.275,32.20
2026-02-12 18:22:12.835,624.700,0.318359,0.506104,-0.779541,1.672,-2.840,0.214,32.20
2026-02-12 18:22:12.935,624.800,0.319580,0.504395,-0.780762,1.702,-2.664,0.237,32.20
2026-02-12 18:22:13.035,624.900,0.320068,0.505127,-0.782959,1.626,-2.824,0.130,32.00
2026-02-12 18:22:13.135,625.000,0.319092,0.505859,-0.780518,1.679,-2.931,0.534,32.10
2026-02-12 18:22:13.235,625.100,0.320068,0.508057,-0.780762,1.603,-2.740,0.252,32.20
2026-02-12 18:22:13.335,625.200,0.318115,0.504883,-0.782715,1.863,-2.847,0.298,32.20
2026-02-12 18:22:13.435,625.300,0.320068,0.505127,-0.782715,1.695,-2.893,0.130,32.00
2026-02-12 18:22:13.535,625.400,0.317383,0.506836,-0.778564,1.725,-2.947,0.481,32.05
2026-02-12 18:22:13.635,625.500,0.321045,0.504150,-0.786133,1.702,-2.695,0.420,32.05
2026-02-12 18:22:13.735,625.600,0.320068,0.503418,-0.787842,1.916,-2.878,0.153,32.10
2026-02-12 18:22:13.835,625.700,0.321289,0.508057,-0.781982,1.565,-2.817,0.061,32.20
2026-02-12 18:22:13.935,625.800,0.317383,0.507080,-0.777832,1.595,-2.771,0.229,32.20
2026-02-12 18:22:14.035,625.900,0.318848,0.505371,-0.781494,1.511,-2.847,0.519,32.05
2026-02-12 18:22:14.135,626.000,0.320312,0.504639,-0.781250,1.458,-2.802,0.198,32.39
2026-02-12 18:22:14.235,626.100,0.319580,0.502197,-0.784668,1.634,-2.656,-0.015,32.00
2026-02-12 18:22:14.335,626.200,0.321777,0.502197,-0.781494,1.542,-2.710,-0.008,32.20
2026-02-12 18:22:14.435,626.300,0.319092,0.508789,-0.781494,1.802,-2.779,0.084,32.20
2026-02-12 18:22:14.535,626.400,0.317139,0.506348,-0.776855,1.618,-2.557,0.244,32.00
2026-02-12 18:22:14.635,626.500,0.321045,0.505127,-0.776611,1.382,-2.931,0.496,32.20
2026-02-12 18:22:14.735,626.600,0.319824,0.502686,-0.779785,1.794,-2.702,0.214,31.76
2026-02-12 18:22:14.835,626.700,0.317383,0.508789,-0.787109,1.710,-2.710,0.053,32.10
2026-02-12 18:22:14.935,626.800,0.314209,0.505859,-0.782715,1.733,-2.710,0.313,31.90
2026-02-12 18:22:15.035,626.900,0.316895,0.504883,-0.780518,1.733,-2.855,0.282,32.00
2026-02-12 18:22:15.135,627.000,0.316650,0.507080,-0.782715,1.626,-3.015,0.237,32.25
2026-02-12 18:22:15.235,627.100,0.317871,0.505859,-0.781738,1.573,-3.008,0.145,32.00
2026-02-12 18:22:15.335,627.200,0.314453,0.502686,-0.783203,1.588,-2.947,0.229,32.20
2026-02-12 18:22:15.435,627.300,0.319336,0.508545,-0.781250,1.840,-2.718,-0.107,31.90
2026-02-12 18:22:15.535,627.400,0.315186,0.506836,-0.777832,1.718,-2.847,0.183,32.00
2026-02-12 18:22:15.635,627.500,0.318848,0.503662,-0.784424,1.649,-2.718,0.084,31.90
2026-02-12 18:22:15.735,627.600,0.317871,0.504883,-0.784912,1.939,-2.779,0.298,32.10
2026-02-12 18:22:15.835,627.700,0.319336,0.507324,-0.789307,1.855,-2.916,0.145,32.05
2026-02-12 18:22:15.935,627.800,0.316650,0.506592,-0.775146,1.847,-3.000,0.351,32.00
2026-02-12 18:22:16.035,627.900,0.322266,0.505859,-0.782471,1.664,-2.931,0.405,32.10
2026-02-12 18:22:16.135,628.000,0.317627,0.506104,-0.783691,1.595,-3.053,0.420,32.00
2026-02-12 18:22:16.235,628.100,0.313721,0.504395,-0.784180,1.550,-2.893,0.282,32.10
2026-02-12 18:22:16.335,628.200,0.318604,0.501953,-0.788574,1.656,-2.473,0.328,31.76
2026-02-12 18:22:16.435,628.300,0.320068,0.507568,-0.784424,1.603,-2.718,0.092,32.25
2026-02-12 18:22:16.535,628.400,0.316650,0.506104,-0.777344,1.504,-2.901,0.435,32.10
2026-02-12 18:22:16.635,628.500,0.317627,0.503906,-0.780762,1.626,-2.840,0.260,32.05
2026-02-12 18:22:16.735,628.600,0.313965,0.505371,-0.782227,1.626,-2.908,0.405,32.05
2026-02-12 18:22:16.835,628.700,0.321777,0.507324,-0.783203,1.710,-2.924,0.214,32.10
2026-02-12 18:22:16.935,628.800,0.319336,0.504883,-0.785156,1.664,-2.885,0.344,32.44
2026-02-12 18:22:17.035,628.900,0.317871,0.507812,-0.781006,1.672,-2.756,0.092,32.00
2026-02-12 18:22:17.135,629.000,0.315186,0.503174,-0.777344,1.786,-3.015,0.267,31.76
2026-02-12 18:22:17.235,629.100,0.318848,0.505127,-0.782959,1.695,-3.023,0.313,32.00
2026-02-12 18:22:17.335,629.200,0.315918,0.508057,-0.776611,1.718,-2.977,0.267,32.20
2026-02-12 18:22:17.435,629.300,0.321289,0.507080,-0.788574,1.672,-2.519,0.206,32.10
2026-02-12 18:22:17.535,629.400,0.320068,0.501221,-0.784180,1.450,-2.748,0.229,32.00
2026-02-12 18:22:17.635,629.500,0.319580,0.506836,-0.784180,1.641,-2.985,0.244,32.05
2026-02-12 18:22:17.735,629.600,0.317627,0.502930,-0.780029,1.809,-2.931,0.092,32.10
2026-02-12 18:22:17.835,629.700,0.314941,0.505371,-0.776855,1.878,-3.023,0.275,31.85
2026-02-12 18:22:17.935,629.800,0.317627,0.504639,-0.779541,1.664,-2.954,0.481,31.90
2026-02-12 18:22:18.035,629.900,0.317627,0.504395,-0.781738,1.756,-2.939,0.405,32.10
2026-02-12 18:22:18.135,630.000,0.318848,0.507080,-0.778809,1.740,-2.954,0.160,32.05
2026-02-12 18:22:18.235,630.100,0.315674,0.505127,-0.780518,1.626,-2.794,0.275,32.10
2026-02-12 18:22:18.335,630.200,0.318115,0.504150,-0.787842,1.511,-3.015,0.122,32.00
2026-02-12 18:22:18.435,630.300,0.317627,0.504883,-0.784180,1.840,-2.992,0.237,32.10
2026-02-12 18:22:18.535,630.400,0.323242,0.507324,-0.788574,1.695,-2.794,0.359,32.05
2026-02-12 18:22:18.635,630.500,0.314697,0.501709,-0.789795,1.847,-2.992,0.298,32.10
2026-02-12 18:22:18.735,630.600,0.321289,0.504395,-0.781738,1.534,-3.061,0.405,32.20
2026-02-12 18:22:18.835,630.700,0.317627,0.504639,-0.782471,1.397,-2.969,0.160,32.10
2026-02-12 18:22:18.935,630.800,0.317871,0.505127,-0.780273,1.855,-3.031,0.328,32.10
2026-02-12 18:22:19.035,630.900,0.317383,0.503906,-0.779053,1.931,-2.840,0.313,32.05
2026-02-12 18:22:19.135,631.000,0.321533,0.508057,-0.784180,1.656,-2.954,0.244,32.10
2026-02-12 18:22:19.235,631.100,0.316895,0.502441,-0.779297,1.664,-2.756,0.229,32.20
2026-02-12 18:22:19.335,631.200,0.320312,0.506104,-0.781494,1.626,-2.985,0.450,32.20
2026-02-12 18:22:19.435,631.300,0.317871,0.506348,-0.778564,1.817,-2.672,0.137,31.90
2026-02-12 18:22:19.535,631.400,0.320801,0.508057,-0.786133,1.412,-3.153,0.015,32.00
2026-02-12 18:22:19.635,631.500,0.317627,0.501709,-0.782959,1.527,-2.885,0.412,32.10
2026-02-12 18:22:19.735,631.600,0.318848,0.507324,-0.781982,1.824,-2.756,0.412,32.25
2026-02-12 18:22:19.835,631.700,0.321045,0.508301,-0.782959,1.710,-3.099,0.130,32.05
2026-02-12 18:22:19.935,631.800,0.321045,0.509033,-0.779053,1.649,-2.847,0.298,32.10
2026-02-12 18:22:20.035,631.900,0.319092,0.506836,-0.783936,1.580,-2.725,0.237,32.00
2026-02-12 18:22:20.135,632.000,0.317383,0.506104,-0.781982,1.756,-2.305,0.290,32.10
2026-02-12 18:22:20.235,632.100,0.317627,0.505615,-0.778076,2.015,-2.985,0.061,32.10
2026-02-12 18:22:20.335,632.200,0.322266,0.508301,-0.778076,1.824,-2.893,0.565,32.10
2026-02-12 18:22:20.435,632.300,0.320557,0.504395,-0.781250,1.672,-2.695,0.252,32.00
2026-02-12 18:22:20.535,632.400,0.320068,0.506104,-0.781006,1.786,-3.008,0.153,32.20
2026-02-12 18:22:20.635,632.500,0.317871,0.502930,-0.783447,1.565,-2.649,0.229,32.10
2026-02-12 18:22:20.735,632.600,0.319824,0.506104,-0.784668,1.840,-3.290,0.588,32.10
2026-02-12 18:22:20.835,632.700,0.319336,0.505615,-0.786621,1.626,-2.885,0.298,32.10
2026-02-12 18:22:20.935,632.800,0.316895,0.504883,-0.777832,1.351,-2.947,0.427,32.10
2026-02-12 18:22:21.035,632.900,0.319092,0.504883,-0.780762,1.687,-2.954,0.351,31.85
2026-02-12 18:22:21.135,633.000,0.318848,0.507568,-0.785400,1.641,-2.893,0.450,32.20
2026-02-12 18:22:21.235,633.100,0.319824,0.508301,-0.782227,1.908,-2.947,0.252,32.10
2026-02-12 18:22:21.335,633.200,0.319824,0.506348,-0.780273,1.656,-2.992,0.229,32.00
2026-02-12 18:22:21.435,633.300,0.315186,0.503906,-0.781982,1.573,-2.947,0.221,32.00
2026-02-12 18:22:21.535,633.400,0.316650,0.506592,-0.783936,1.618,-2.748,0.107,32.05
2026-02-12 18:22:21.635,633.500,0.315430,0.505371,-0.784668,1.588,-2.832,0.237,32.10
2026-02-12 18:22:21.735,633.600,0.316162,0.507324,-0.780029,1.740,-2.969,0.344,32.20
2026-02-12 18:22:21.835,633.700,0.315918,0.507812,-0.781982,1.710,-2.847,0.038,32.25
2026-02-12 18:22:21.935,633.800,0.316162,0.505127,-0.783447,1.756,-2.985,0.237,32.10
2026-02-12 18:22:22.035,633.900,0.313477,0.504883,-0.778564,1.641,-2.855,0.328,32.00
2026-02-12 18:22:22.135,634.000,0.316162,0.508301,-0.781006,1.504,-2.885,0.260,32.29
2026-02-12 18:22:22.235,634.100,0.317139,0.506348,-0.781738,1.847,-2.809,0.366,32.05
2026-02-12 18:22:22.335,634.200,0.317383,0.503662,-0.779053,1.595,-2.947,0.580,32.25
2026-02-12 18:22:22.435,634.300,0.319824,0.509033,-0.786865,1.626,-2.702,0.504,31.90
2026-02-12 18:22:22.535,634.400,0.318359,0.506348,-0.786621,1.740,-2.763,0.496,32.39
2026-02-12 18:22:22.635,634.500,0.319092,0.504639,-0.781250,1.618,-2.809,0.267,32.05
2026-02-12 18:22:22.735,634.600,0.319336,0.503906,-0.781250,1.672,-2.710,0.344,32.20
2026-02-12 18:22:22.835,634.700,0.320557,0.507080,-0.776367,1.443,-2.771,0.137,32.25
2026-02-12 18:22:22.935,634.800,0.319824,0.505859,-0.776367,1.763,-2.763,0.176,32.05
2026-02-12 18:22:23.035,634.900,0.320312,0.504639,-0.783691,1.565,-3.061,0.023,32.05
2026-02-12 18:22:23.135,635.000,0.318604,0.504883,-0.778076,1.672,-3.046,-0.038,32.20
2026-02-12 18:22:23.235,635.100,0.318359,0.505371,-0.787354,1.885,-2.817,-0.130,32.20
2026-02-12 18:22:23.335,635.200,0.320068,0.503906,-0.776855,1.626,-2.847,0.458,32.10
2026-02-12 18:22:23.435,635.300,0.320312,0.507324,-0.781250,1.809,-2.725,0.511,32.00
2026-02-12 18:22:23.535,635.400,0.319336,0.505859,-0.783691,1.550,-2.885,0.298,32.10
2026-02-12 18:22:23.635,635.500,0.317139,0.503174,-0.787842,1.611,-2.878,0.214,31.90
2026-02-12 18:22:23.735,635.600,0.319092,0.504150,-0.780273,1.870,-2.710,0.260,32.00
2026-02-12 18:22:23.835,635.700,0.318604,0.504395,-0.781738,1.656,-2.573,0.252,31.76
2026-02-12 18:22:23.935,635.800,0.316162,0.505615,-0.779541,1.656,-3.000,0.160,32.20
2026-02-12 18:22:24.035,635.900,0.318115,0.505371,-0.779053,1.626,-2.916,0.168,31.90
2026-02-12 18:22:24.135,636.000,0.322266,0.506836,-0.780518,1.756,-2.977,0.221,32.20
2026-02-12 18:22:24.235,636.100,0.314941,0.504883,-0.779785,1.779,-3.015,0.397,32.00
2026-02-12 18:22:24.335,636.200,0.315674,0.503662,-0.780273,1.885,-2.718,0.481,32.05
2026-02-12 18:22:24.435,636.300,0.317383,0.504639,-0.782959,1.878,-2.855,0.397,32.05
2026-02-12 18:22:24.535,636.400,0.316895,0.503662,-0.783447,1.519,-2.740,0.008,32.20
2026-02-12 18:22:24.635,636.500,0.319580,0.505859,-0.780518,1.664,-2.656,0.435,31.90
2026-02-12 18:22:24.735,636.600,0.318848,0.505127,-0.781250,1.840,-3.061,0.130,32.20
2026-02-12 18:22:24.835,636.700,0.317139,0.505859,-0.782959,1.718,-2.855,0.397,32.10
2026-02-12 18:22:24.935,636.800,0.318604,0.505371,-0.787598,1.763,-2.847,0.634,32.10
2026-02-12 18:22:25.035,636.900,0.320312,0.506104,-0.781982,1.824,-2.779,0.405,32.20
2026-02-12 18:22:25.135,637.000,0.319336,0.506348,-0.775146,1.870,-3.046,0.450,32.05
2026-02-12 18:22:25.235,637.100,0.323242,0.506836,-0.777832,1.534,-2.802,0.412,32.25
2026-02-12 18:22:25.335,637.200,0.316895,0.508545,-0.783691,1.794,-2.725,0.321,32.25
2026-02-12 18:22:25.435,637.300,0.315674,0.507812,-0.781982,1.733,-2.779,0.244,32.10
2026-02-12 18:22:25.535,637.400,0.317627,0.506592,-0.774170,1.443,-2.847,0.099,31.90
2026-02-12 18:22:25.635,637.500,0.318359,0.504150,-0.783203,1.649,-2.779,0.405,32.20
2026-02-12 18:22:25.735,637.600,0.315674,0.509033,-0.781006,1.756,-2.847,0.405,31.90
2026-02-12 18:22:25.835,637.700,0.321289,0.505371,-0.784180,1.466,-2.893,0.405,32.10
2026-02-12 18:22:25.935,637.800,0.316406,0.507080,-0.779785,1.687,-2.901,0.527,32.00
2026-02-12 18:22:26.035,637.900,0.319092,0.503418,-0.773926,1.763,-3.076,0.168,31.71
2026-02-12 18:22:26.135,638.000,0.318359,0.507080,-0.784668,2.023,-2.885,0.374,32.00
2026-02-12 18:22:26.235,638.100,0.317627,0.504395,-0.788818,1.672,-2.885,0.282,32.05
2026-02-12 18:22:26.335,638.200,0.320557,0.503662,-0.777344,1.672,-2.786,0.473,32.20
2026-02-12 18:22:26.435,638.300,0.314941,0.502686,-0.782471,1.832,-3.107,0.092,32.05
2026-02-12 18:22:26.535,638.400,0.318359,0.505371,-0.782715,1.756,-2.878,0.145,32.20
2026-02-12 18:22:26.635,638.500,0.320557,0.506348,-0.777588,1.649,-3.015,0.412,32.20
2026-02-12 18:22:26.735,638.600,0.318848,0.504639,-0.776611,1.664,-2.672,0.450,32.05
2026-02-12 18:22:26.835,638.700,0.323242,0.502930,-0.781494,1.740,-2.809,0.427,32.20
2026-02-12 18:22:26.935,638.800,0.321045,0.503662,-0.777344,1.863,-2.878,-0.038,32.10
2026-02-12 18:22:27.035,638.900,0.320557,0.501465,-0.782227,1.710,-2.733,0.145,32.05
2026-02-12 18:22:27.135,639.000,0.319824,0.501221,-0.779785,1.649,-2.832,0.672,32.10
2026-02-12 18:22:27.235,639.100,0.318848,0.505615,-0.785400,1.763,-2.809,0.176,31.90
2026-02-12 18:22:27.335,639.200,0.321533,0.505615,-0.782227,1.412,-2.519,0.336,32.05
2026-02-12 18:22:27.435,639.300,0.318359,0.504150,-0.781250,1.351,-2.504,0.183,32.25
2026-02-12 18:22:27.535,639.400,0.316650,0.508789,-0.782715,1.618,-2.611,0.176,32.05
2026-02-12 18:22:27.635,639.500,0.317383,0.502930,-0.783203,1.664,-2.893,0.267,32.20
2026-02-12 18:22:27.735,639.600,0.317139,0.507324,-0.781982,1.511,-3.008,0.038,32.20
2026-02-12 18:22:27.835,639.700,0.318604,0.506104,-0.780762,1.580,-2.939,0.305,32.39
2026-02-12 18:22:27.935,639.800,0.318604,0.503906,-0.782227,1.466,-2.649,0.443,32.29
2026-02-12 18:22:28.035,639.900,0.319092,0.504639,-0.780518,1.885,-2.840,0.191,32.05
2026-02-12 18:22:28.135,640.000,0.318359,0.505859,-0.784668,1.802,-2.710,0.344,32.10
2026-02-12 18:22:28.235,640.100,0.320312,0.505127,-0.782471,1.679,-2.954,0.153,32.25
2026-02-12 18:22:28.335,640.200,0.322266,0.508301,-0.781494,1.656,-2.962,0.557,32.25
2026-02-12 18:22:28.435,640.300,0.318115,0.507324,-0.781738,1.710,-2.847,0.252,32.10
2026-02-12 18:22:28.535,640.400,0.319580,0.503662,-0.780518,1.771,-2.847,0.023,31.90
2026-02-12 18:22:28.635,640.500,0.317383,0.506348,-0.778076,1.725,-2.710,0.176,32.29
2026-02-12 18:22:28.735,640.600,0.319336,0.506348,-0.782959,1.840,-3.107,0.405,32.25
2026-02-12 18:22:28.835,640.700,0.318359,0.510254,-0.786621,1.588,-2.893,0.397,32.05
2026-02-12 18:22:28.935,640.800,0.321045,0.505127,-0.779785,1.931,-2.519,0.366,32.20
2026-02-12 18:22:29.035,640.900,0.321045,0.506592,-0.781250,1.718,-2.939,0.176,32.10
2026-02-12 18:22:29.135,641.000,0.318115,0.506592,-0.781982,2.076,-3.107,0.244,32.20
2026-02-12 18:22:29.235,641.100,0.319092,0.506104,-0.784912,1.939,-2.977,0.229,32.10
2026-02-12 18:22:29.335,641.200,0.319580,0.505859,-0.784180,1.542,-2.695,0.069,32.00
2026-02-12 18:22:29.435,641.300,0.315430,0.501709,-0.781006,1.748,-2.893,0.473,32.05
2026-02-12 18:22:29.535,641.400,0.319092,0.505127,-0.778564,1.832,-2.908,0.374,32.25
2026-02-12 18:22:29.635,641.500,0.319336,0.507812,-0.777100,1.374,-2.748,0.496,32.20
2026-02-12 18:22:29.735,641.600,0.320068,0.505859,-0.781982,1.733,-2.771,0.336,32.25
2026-02-12 18:22:29.835,641.700,0.319580,0.509766,-0.786377,1.901,-3.015,0.397,32.10
2026-02-12 18:22:29.935,641.800,0.318604,0.505615,-0.777588,1.771,-2.893,0.336,32.10
2026-02-12 18:22:30.035,641.900,0.317139,0.507080,-0.785889,1.733,-2.931,0.107,31.90
2026-02-12 18:22:30.135,642.000,0.315918,0.510742,-0.782227,1.687,-2.679,0.313,32.20
2026-02-12 18:22:30.235,642.100,0.322021,0.505615,-0.781006,1.611,-2.473,0.153,32.20
2026-02-12 18:22:30.335,642.200,0.319580,0.504883,-0.782715,1.771,-2.664,0.542,32.00
2026-02-12 18:22:30.435,642.300,0.318848,0.507080,-0.782715,1.542,-2.786,0.573,32.25
2026-02-12 18:22:30.535,642.400,0.322021,0.507080,-0.778076,1.962,-3.092,0.313,32.00
2026-02-12 18:22:30.635,642.500,0.323486,0.503906,-0.780518,1.634,-2.931,0.359,31.90
2026-02-12 18:22:30.735,642.600,0.321045,0.506104,-0.783936,1.840,-2.809,0.015,32.10
2026-02-12 18:22:30.835,642.700,0.319824,0.502930,-0.776855,1.725,-2.901,0.023,32.20
2026-02-12 18:22:30.935,642.800,0.318604,0.505859,-0.784668,1.809,-2.954,0.252,32.20
2026-02-12 18:22:31.035,642.900,0.315430,0.507080,-0.787842,1.626,-2.740,0.153,32.10
2026-02-12 18:22:31.135,643.000,0.322754,0.505615,-0.781006,1.664,-2.840,0.321,31.85
2026-02-12 18:22:31.235,643.100,0.322266,0.505859,-0.781006,1.435,-2.908,0.168,32.10
2026-02-12 18:22:31.335,643.200,0.317627,0.505859,-0.784424,1.855,-2.985,0.435,32.00
2026-02-12 18:22:31.435,643.300,0.322998,0.506836,-0.783447,1.618,-2.763,0.359,32.10
2026-02-12 18:22:31.535,643.400,0.319824,0.506104,-0.788574,1.595,-2.878,0.580,32.00
2026-02-12 18:22:31.635,643.500,0.317627,0.508301,-0.778320,1.756,-2.969,0.427,32.10
2026-02-12 18:22:31.735,643.600,0.319092,0.504639,-0.781738,1.672,-2.756,0.145,32.39
2026-02-12 18:22:31.835,643.700,0.318115,0.505615,-0.787842,1.771,-2.763,0.290,32.20
2026-02-12 18:22:31.935,643.800,0.318115,0.506592,-0.780273,1.542,-3.145,0.282,32.20
2026-02-12 18:22:32.035,643.900,0.317871,0.507324,-0.784424,1.931,-2.908,0.511,32.20
2026-02-12 18:22:32.135,644.000,0.316895,0.503906,-0.773438,1.626,-2.664,0.206,32.10
2026-02-12 18:22:32.235,644.100,0.319336,0.508301,-0.777344,1.702,-2.939,0.351,32.10
2026-02-12 18:22:32.335,644.200,0.316895,0.504395,-0.789551,1.702,-2.885,-0.092,32.20
2026-02-12 18:22:32.435,644.300,0.317383,0.506348,-0.783447,1.878,-2.763,0.328,32.20
2026-02-12 18:22:32.535,644.400,0.320557,0.504395,-0.784424,1.672,-2.771,0.534,31.76
2026-02-12 18:22:32.635,644.500,0.322510,0.507568,-0.779297,1.756,-2.885,0.023,32.20
2026-02-12 18:22:32.735,644.600,0.320312,0.501465,-0.781982,1.901,-2.740,0.221,32.10
2026-02-12 18:22:32.835,644.700,0.316895,0.506348,-0.785156,1.679,-2.687,0.298,32.00
2026-02-12 18:22:32.935,644.800,0.319092,0.502197,-0.777832,1.733,-3.023,0.687,32.20
2026-02-12 18:22:33.035,644.900,0.318359,0.507568,-0.781250,1.710,-2.908,0.214,32.00
2026-02-12 18:22:33.135,645.000,0.317871,0.508789,-0.777344,1.649,-3.038,-0.115,32.00
2026-02-12 18:22:33.235,645.100,0.318604,0.505127,-0.783203,1.962,-2.817,0.305,32.05
2026-02-12 18:22:33.335,645.200,0.317627,0.505127,-0.779785,1.458,-2.786,0.397,32.10
2026-02-12 18:22:33.435,645.300,0.319824,0.502930,-0.781738,1.802,-2.939,0.038,32.20
2026-02-12 18:22:33.535,645.400,0.321289,0.508545,-0.782471,1.573,-2.824,0.137,32.20
2026-02-12 18:22:33.635,645.500,0.312012,0.508301,-0.790039,1.725,-2.939,0.015,32.20
2026-02-12 18:22:33.735,645.600,0.319824,0.502197,-0.781494,1.656,-2.740,0.443,31.90
2026-02-12 18:22:33.835,645.700,0.321533,0.505859,-0.784424,1.817,-3.061,0.137,32.10
2026-02-12 18:22:33.935,645.800,0.316162,0.507324,-0.782471,1.489,-2.740,0.305,32.20
2026-02-12 18:22:34.035,645.900,0.319092,0.508301,-0.782471,1.756,-3.061,0.366,32.20
2026-02-12 18:22:34.135,646.000,0.315430,0.506836,-0.779053,1.893,-3.023,0.389,32.10
2026-02-12 18:22:34.235,646.100,0.319092,0.506592,-0.779297,1.916,-3.061,0.427,32.20
2026-02-12 18:22:34.335,646.200,0.317871,0.508545,-0.781738,1.634,-2.931,0.237,31.85
2026-02-12 18:22:34.435,646.300,0.320557,0.505371,-0.781006,1.458,-2.931,0.344,32.00
2026-02-12 18:22:34.535,646.400,0.318848,0.506592,-0.782959,1.618,-2.962,0.008,32.20
2026-02-12 18:22:34.635,646.500,0.322021,0.508057,-0.782471,1.695,-2.870,0.130,32.05
2026-02-12 18:22:34.735,646.600,0.317627,0.505371,-0.780762,1.702,-2.893,0.275,32.20
2026-02-12 18:22:34.835,646.700,0.315430,0.506592,-0.781738,1.611,-2.702,0.137,31.90
2026-02-12 18:22:34.935,646.800,0.316162,0.505615,-0.777100,1.794,-3.183,0.382,32.20
2026-02-12 18:22:35.035,646.900,0.319336,0.502197,-0.787354,1.809,-2.954,0.260,31.71
2026-02-12 18:22:35.135,647.000,0.319336,0.504395,-0.777832,1.618,-2.962,0.267,32.20
2026-02-12 18:22:35.235,647.100,0.317139,0.505859,-0.781250,1.855,-2.969,0.260,32.05
2026-02-12 18:22:35.335,647.200,0.315674,0.503662,-0.775879,2.008,-2.832,0.649,32.20
2026-02-12 18:22:35.435,647.300,0.314209,0.505127,-0.782959,1.702,-2.962,0.061,32.20
2026-02-12 18:22:35.535,647.400,0.315918,0.505371,-0.784180,1.634,-2.756,0.168,31.90
2026-02-12 18:22:35.635,647.500,0.315186,0.505371,-0.788574,1.718,-2.832,0.130,32.25
2026-02-12 18:22:35.735,647.600,0.313477,0.506348,-0.778320,1.878,-2.702,0.183,32.20
2026-02-12 18:22:35.835,647.700,0.316895,0.506592,-0.783203,2.008,-2.863,0.168,32.20
2026-02-12 18:22:35.935,647.800,0.320557,0.508057,-0.786377,1.641,-2.962,0.198,32.29
2026-02-12 18:22:36.035,647.900,0.318359,0.505371,-0.779297,1.687,-2.977,0.588,32.00
2026-02-12 18:22:36.135,648.000,0.320312,0.505615,-0.781006,1.527,-2.855,0.450,32.20
2026-02-12 18:22:36.235,648.100,0.317383,0.510010,-0.784180,1.908,-3.061,0.412,32.10
2026-02-12 18:22:36.335,648.200,0.316406,0.503662,-0.778076,1.710,-2.733,0.145,32.25
2026-02-12 18:22:36.435,648.300,0.316162,0.505859,-0.776123,1.725,-2.695,0.267,32.20
2026-02-12 18:22:36.535,648.400,0.314941,0.506836,-0.782471,1.908,-2.679,0.160,32.29
2026-02-12 18:22:36.635,648.500,0.316895,0.505371,-0.784912,1.847,-3.053,0.351,32.05
2026-02-12 18:22:36.735,648.600,0.320312,0.507568,-0.782715,1.603,-2.779,0.305,31.90
2026-02-12 18:22:36.835,648.700,0.316895,0.511719,-0.783203,1.908,-2.924,0.695,32.10
2026-02-12 18:22:36.935,648.800,0.318359,0.507812,-0.779785,1.786,-2.901,0.191,32.20
2026-02-12 18:22:37.035,648.900,0.317627,0.505859,-0.780518,1.740,-2.962,0.214,32.10
2026-02-12 18:22:37.135,649.000,0.314941,0.506348,-0.786133,1.863,-2.656,0.389,32.20
2026-02-12 18:22:37.235,649.100,0.321045,0.508301,-0.780273,1.603,-2.847,0.321,32.20
2026-02-12 18:22:37.335,649.200,0.319336,0.502197,-0.781006,1.924,-2.901,0.092,32.10
2026-02-12 18:22:37.435,649.300,0.322510,0.509277,-0.786621,1.458,-2.679,0.160,32.10
2026-02-12 18:22:37.535,649.400,0.317871,0.504395,-0.785400,1.527,-3.038,0.221,32.05
2026-02-12 18:22:37.635,649.500,0.318115,0.505371,-0.785645,1.878,-3.115,0.420,32.00
2026-02-12 18:22:37.735,649.600,0.317139,0.506836,-0.780518,1.672,-2.847,0.359,32.20
2026-02-12 18:22:37.835,649.700,0.316650,0.506592,-0.783447,1.977,-3.183,0.260,32.00
2026-02-12 18:22:37.935,649.800,0.318848,0.505859,-0.783936,1.504,-2.916,0.252,32.25
2026-02-12 18:22:38.035,649.900,0.320557,0.502441,-0.785645,1.519,-2.664,0.313,31.90
2026-02-12 18:22:38.135,650.000,0.322998,0.504395,-0.780029,1.817,-2.832,0.321,32.10
2026-02-12 18:22:38.235,650.100,0.318115,0.506104,-0.781982,1.595,-2.817,0.313,31.90
2026-02-12 18:22:38.335,650.200,0.319336,0.504883,-0.785156,1.779,-2.924,0.427,32.10
2026-02-12 18:22:38.435,650.300,0.318115,0.500732,-0.786133,1.756,-2.992,0.191,32.20
2026-02-12 18:22:38.535,650.400,0.322998,0.503174,-0.782715,1.916,-3.038,0.328,32.10
2026-02-12 18:22:38.635,650.500,0.318604,0.505615,-0.779053,1.542,-2.702,0.099,32.25
2026-02-12 18:22:38.735,650.600,0.318604,0.506592,-0.774170,1.321,-2.885,0.443,32.00
2026-02-12 18:22:38.835,650.700,0.320557,0.510498,-0.781982,1.809,-2.908,0.420,32.05
2026-02-12 18:22:38.935,650.800,0.317627,0.506104,-0.786865,1.550,-2.718,0.420,32.05
2026-02-12 18:22:39.035,650.900,0.318604,0.509033,-0.785889,1.565,-2.870,0.321,32.10
2026-02-12 18:22:39.135,651.000,0.315674,0.506104,-0.783447,1.649,-2.786,0.053,32.25
2026-02-12 18:22:39.235,651.100,0.318115,0.503418,-0.776367,1.901,-2.588,-0.008,32.10
2026-02-12 18:22:39.335,651.200,0.319092,0.504883,-0.787842,1.802,-2.992,0.389,32.00
2026-02-12 18:22:39.435,651.300,0.317871,0.506592,-0.783936,1.763,-2.656,0.763,31.85
2026-02-12 18:22:39.535,651.400,0.318848,0.507080,-0.784180,1.855,-2.802,0.412,32.20
2026-02-12 18:22:39.635,651.500,0.315186,0.505615,-0.782715,1.634,-2.832,0.496,31.85
2026-02-12 18:22:39.735,651.600,0.317871,0.506836,-0.772461,1.855,-2.863,0.031,32.10
2026-02-12 18:22:39.835,651.700,0.315918,0.508545,-0.781006,1.588,-2.641,0.405,32.20
2026-02-12 18:22:39.935,651.800,0.319824,0.506592,-0.783447,1.634,-2.878,0.359,32.05
2026-02-12 18:22:40.035,651.900,0.320312,0.506592,-0.788086,1.611,-2.763,0.397,32.20
2026-02-12 18:22:40.135,652.000,0.313721,0.504883,-0.787598,1.702,-2.855,0.542,32.25
2026-02-12 18:22:40.235,652.100,0.318604,0.500977,-0.789062,1.611,-2.847,0.366,32.10
2026-02-12 18:22:40.335,652.200,0.316162,0.507812,-0.780273,1.672,-2.687,0.244,32.29
2026-02-12 18:22:40.435,652.300,0.317139,0.506104,-0.783447,1.427,-2.740,0.130,32.10
2026-02-12 18:22:40.535,652.400,0.318848,0.506104,-0.780029,1.748,-2.817,0.122,32.39
2026-02-12 18:22:40.635,652.500,0.317871,0.507568,-0.788330,1.595,-2.664,0.084,32.25
2026-02-12 18:22:40.735,652.600,0.322754,0.504639,-0.787842,1.725,-3.107,0.282,32.05
2026-02-12 18:22:40.835,652.700,0.316162,0.504639,-0.783691,1.695,-2.947,0.336,32.25
2026-02-12 18:22:40.935,652.800,0.318848,0.507568,-0.781982,1.863,-2.656,0.298,32.10
2026-02-12 18:22:41.035,652.900,0.314697,0.506592,-0.780518,1.626,-2.786,0.244,32.00
2026-02-12 18:22:41.135,653.000,0.321045,0.505127,-0.778564,1.771,-2.817,0.107,32.20
2026-02-12 18:22:41.235,653.100,0.317627,0.508789,-0.781982,1.626,-2.710,0.420,31.90
2026-02-12 18:22:41.335,653.200,0.319092,0.503418,-0.781738,1.809,-2.771,0.015,32.10
2026-02-12 18:22:41.435,653.300,0.321045,0.507080,-0.784912,1.748,-3.076,0.336,32.39
2026-02-12 18:22:41.535,653.400,0.313477,0.502197,-0.785156,1.779,-2.908,0.427,32.10
2026-02-12 18:22:41.635,653.500,0.317139,0.504150,-0.780518,1.809,-2.618,0.122,32.25
2026-02-12 18:22:41.735,653.600,0.315430,0.507568,-0.781738,1.702,-3.038,0.153,31.90
2026-02-12 18:22:41.835,653.700,0.321533,0.507080,-0.780029,1.718,-2.962,0.008,32.20
2026-02-12 18:22:41.935,653.800,0.317871,0.503418,-0.780762,1.916,-2.893,0.168,32.10
2026-02-12 18:22:42.035,653.900,0.319580,0.504395,-0.782471,1.679,-2.977,0.237,32.20
2026-02-12 18:22:42.135,654.000,0.322266,0.508301,-0.786865,1.763,-2.901,0.206,32.20
2026-02-12 18:22:42.235,654.100,0.317139,0.507080,-0.781250,1.580,-2.733,0.389,32.39
2026-02-12 18:22:42.335,654.200,0.318115,0.503174,-0.783203,1.740,-2.802,0.015,32.20
2026-02-12 18:22:42.435,654.300,0.320557,0.504150,-0.781982,1.794,-2.870,0.473,32.20
2026-02-12 18:22:42.535,654.400,0.322510,0.508545,-0.782471,1.641,-2.847,0.221,32.20
2026-02-12 18:22:42.635,654.500,0.319336,0.510742,-0.781982,1.740,-2.947,0.282,32.10
2026-02-12 18:22:42.735,654.600,0.318115,0.503174,-0.781738,1.641,-3.000,0.282,32.10
2026-02-12 18:22:42.835,654.700,0.320312,0.506836,-0.784180,1.649,-3.031,0.580,31.90
2026-02-12 18:22:42.935,654.800,0.316406,0.500732,-0.784668,1.763,-2.809,0.221,32.44
2026-02-12 18:22:43.035,654.900,0.317871,0.506348,-0.784180,1.710,-2.817,0.237,32.29
2026-02-12 18:22:43.135,655.000,0.316895,0.507812,-0.784668,1.679,-3.053,0.298,32.00
2026-02-12 18:22:43.235,655.100,0.315918,0.506348,-0.782227,1.649,-2.893,0.321,32.20
2026-02-12 18:22:43.335,655.200,0.316895,0.503906,-0.789795,1.771,-2.626,0.496,32.10
2026-02-12 18:22:43.435,655.300,0.318115,0.507812,-0.784180,1.733,-2.748,0.252,32.20
2026-02-12 18:22:43.535,655.400,0.317627,0.503906,-0.781982,1.756,-2.824,0.550,32.05
2026-02-12 18:22:43.635,655.500,0.316406,0.505859,-0.784180,1.832,-2.824,0.282,32.20
2026-02-12 18:22:43.735,655.600,0.322266,0.505127,-0.780029,1.916,-2.832,0.405,32.20
2026-02-12 18:22:43.835,655.700,0.316650,0.504395,-0.787109,1.641,-2.908,0.191,32.10
2026-02-12 18:22:43.935,655.800,0.318848,0.506592,-0.783691,1.840,-2.863,0.290,32.25
2026-02-12 18:22:44.035,655.900,0.319824,0.502686,-0.778320,1.748,-2.748,0.076,32.20
2026-02-12 18:22:44.135,656.000,0.318848,0.505127,-0.780273,1.634,-2.649,0.252,32.00
2026-02-12 18:22:44.235,656.100,0.319824,0.500977,-0.781982,1.565,-2.649,0.313,32.10
2026-02-12 18:22:44.335,656.200,0.315674,0.508057,-0.787354,1.725,-2.763,0.344,32.20
2026-02-12 18:22:44.435,656.300,0.312988,0.506592,-0.781006,1.771,-2.702,0.298,32.05
2026-02-12 18:22:44.535,656.400,0.319336,0.504395,-0.783936,1.786,-2.901,0.374,32.10
2026-02-12 18:22:44.635,656.500,0.316406,0.501221,-0.782715,1.840,-3.237,0.328,31.90
2026-02-12 18:22:44.735,656.600,0.319824,0.508301,-0.779785,1.740,-2.794,0.137,32.25
2026-02-12 18:22:44.835,656.700,0.317871,0.507568,-0.784180,1.557,-2.832,0.397,32.29
2026-02-12 18:22:44.935,656.800,0.315674,0.507568,-0.778320,1.695,-2.916,0.847,32.10
2026-02-12 18:22:45.035,656.900,0.318359,0.507324,-0.779785,1.458,-2.893,0.176,32.10
2026-02-12 18:22:45.135,657.000,0.317871,0.505859,-0.781250,1.885,-2.718,0.534,32.20
2026-02-12 18:22:45.235,657.100,0.319824,0.508057,-0.780029,1.611,-2.878,0.267,32.05
2026-02-12 18:22:45.335,657.200,0.317383,0.507080,-0.780273,1.710,-2.832,0.122,32.20
2026-02-12 18:22:45.435,657.300,0.321045,0.503906,-0.782715,1.634,-2.802,0.298,32.05
2026-02-12 18:22:45.535,657.400,0.314453,0.502930,-0.783691,1.916,-2.725,0.374,32.05
2026-02-12 18:22:45.635,657.500,0.319580,0.509033,-0.782959,1.557,-2.733,0.359,32.29
2026-02-12 18:22:45.735,657.600,0.319336,0.509277,-0.783447,1.725,-2.969,0.237,32.05
2026-02-12 18:22:45.835,657.700,0.316162,0.506836,-0.782715,1.924,-3.031,0.374,32.10
2026-02-12 18:22:45.935,657.800,0.319336,0.506836,-0.781006,1.656,-2.847,0.237,32.20
2026-02-12 18:22:46.035,657.900,0.315186,0.505615,-0.785156,1.359,-2.893,0.321,32.00
2026-02-12 18:22:46.135,658.000,0.317871,0.505615,-0.777344,1.687,-2.672,-0.053,32.00
2026-02-12 18:22:46.235,658.100,0.320312,0.507324,-0.780273,1.534,-2.931,0.252,32.10
2026-02-12 18:22:46.335,658.200,0.318604,0.505615,-0.781250,1.527,-2.962,0.305,31.90
2026-02-12 18:22:46.435,658.300,0.318115,0.504639,-0.781494,1.557,-2.824,0.198,32.20
2026-02-12 18:22:46.535,658.400,0.316895,0.506836,-0.782959,1.504,-2.847,0.000,31.90
2026-02-12 18:22:46.635,658.500,0.318115,0.503418,-0.781982,1.740,-2.855,0.267,32.29
2026-02-12 18:22:46.735,658.600,0.321045,0.505859,-0.787842,1.870,-2.779,0.237,32.39
2026-02-12 18:22:46.835,658.700,0.320801,0.502197,-0.779297,1.786,-3.153,0.206,32.00
2026-02-12 18:22:46.935,658.800,0.319336,0.503174,-0.780762,1.771,-2.863,0.336,31.85
2026-02-12 18:22:47.035,658.900,0.316650,0.504150,-0.783447,1.626,-2.870,0.298,32.05
2026-02-12 18:22:47.135,659.000,0.316162,0.504639,-0.783691,1.855,-3.000,-0.084,32.05
2026-02-12 18:22:47.235,659.100,0.321289,0.505859,-0.778564,1.779,-2.954,0.130,32.00
2026-02-12 18:22:47.335,659.200,0.317139,0.503662,-0.785645,1.679,-3.130,0.359,31.90
2026-02-12 18:22:47.435,659.300,0.317139,0.503418,-0.784180,1.863,-2.947,-0.023,32.20
2026-02-12 18:22:47.535,659.400,0.318359,0.503418,-0.780273,1.824,-2.840,0.313,32.20
2026-02-12 18:22:47.635,659.500,0.321045,0.506104,-0.783691,1.496,-2.962,0.366,31.90
2026-02-12 18:22:47.735,659.600,0.317139,0.506348,-0.784912,1.718,-2.832,0.183,32.20
2026-02-12 18:22:47.835,659.700,0.319092,0.502441,-0.781738,2.237,-3.031,0.198,32.05
2026-02-12 18:22:47.935,659.800,0.322510,0.505615,-0.780762,1.786,-2.947,-0.008,32.25
2026-02-12 18:22:48.035,659.900,0.320557,0.506348,-0.781982,1.695,-2.954,0.282,32.10
2026-02-12 18:22:48.135,660.000,0.318359,0.503662,-0.783936,1.725,-2.710,0.023,32.20
2026-02-12 18:22:48.235,660.100,0.319580,0.508301,-0.787598,1.679,-2.771,0.145,32.10
2026-02-12 18:22:48.335,660.200,0.321289,0.505127,-0.782959,1.527,-2.557,0.191,32.05
2026-02-12 18:22:48.435,660.300,0.318604,0.507324,-0.776611,1.481,-2.901,0.420,32.20
2026-02-12 18:22:48.535,660.400,0.317139,0.510010,-0.784424,1.756,-2.908,0.397,32.20
2026-02-12 18:22:48.635,660.500,0.317871,0.502930,-0.783447,1.550,-2.954,0.389,32.20
2026-02-12 18:22:48.735,660.600,0.316895,0.502197,-0.786133,1.725,-2.779,0.359,32.00
2026-02-12 18:22:48.835,660.700,0.319092,0.505127,-0.775879,1.748,-2.977,0.038,32.10
2026-02-12 18:22:48.935,660.800,0.316406,0.503906,-0.784668,1.550,-3.069,0.260,32.10
2026-02-12 18:22:49.035,660.900,0.319336,0.501709,-0.778320,1.687,-2.908,0.092,32.05
2026-02-12 18:22:49.135,661.000,0.317383,0.507324,-0.786865,1.893,-2.672,0.160,32.05
2026-02-12 18:22:49.235,661.100,0.317871,0.505859,-0.778076,1.420,-2.901,0.115,32.20
2026-02-12 18:22:49.335,661.200,0.314697,0.504150,-0.784912,1.450,-2.794,0.046,32.10
2026-02-12 18:22:49.435,661.300,0.318359,0.506104,-0.777832,1.832,-2.809,0.366,32.39
2026-02-12 18:22:49.535,661.400,0.319824,0.504150,-0.778809,1.786,-2.855,0.160,32.10
2026-02-12 18:22:49.635,661.500,0.319092,0.503906,-0.780029,1.550,-2.771,0.198,32.10
2026-02-12 18:22:49.735,661.600,0.319824,0.506348,-0.780273,1.893,-2.802,0.763,32.00
2026-02-12 18:22:49.835,661.700,0.311523,0.503662,-0.776611,1.550,-2.893,0.221,32.20
2026-02-12 18:22:49.935,661.800,0.317871,0.502441,-0.781006,1.855,-3.061,0.214,32.05
2026-02-12 18:22:50.035,661.900,0.317383,0.506836,-0.780518,1.725,-3.038,0.137,32.10
2026-02-12 18:22:50.135,662.000,0.320557,0.501221,-0.784668,1.748,-2.779,0.527,32.20
2026-02-12 18:22:50.235,662.100,0.319824,0.504395,-0.778320,1.618,-2.695,0.427,32.25
2026-02-12 18:22:50.335,662.200,0.318115,0.504150,-0.780762,1.267,-2.634,0.099,32.00
2026-02-12 18:22:50.435,662.300,0.317139,0.504883,-0.787109,1.626,-2.893,0.260,32.00
2026-02-12 18:22:50.535,662.400,0.318848,0.506104,-0.783203,1.580,-2.725,0.336,32.29
2026-02-12 18:22:50.635,662.500,0.320557,0.507812,-0.782471,1.679,-2.947,0.618,32.20
2026-02-12 18:22:50.735,662.600,0.321045,0.504883,-0.786865,1.878,-2.939,0.344,32.10
2026-02-12 18:22:50.835,662.700,0.317383,0.508301,-0.782471,1.611,-2.947,-0.053,32.20
2026-02-12 18:22:50.935,662.800,0.318115,0.507568,-0.783691,1.725,-2.718,0.412,32.10
2026-02-12 18:22:51.035,662.900,0.316406,0.503418,-0.782959,1.496,-2.802,0.076,32.20
2026-02-12 18:22:51.135,663.000,0.317871,0.500244,-0.782715,1.443,-2.779,0.244,32.20
2026-02-12 18:22:51.235,663.100,0.317871,0.502930,-0.781982,1.779,-2.656,0.496,32.05
2026-02-12 18:22:51.335,663.200,0.318604,0.507568,-0.781006,1.588,-2.771,0.145,32.29
2026-02-12 18:22:51.435,663.300,0.314941,0.507324,-0.781250,1.626,-3.137,0.466,32.20
2026-02-12 18:22:51.535,663.400,0.318115,0.505127,-0.776855,1.458,-2.931,0.534,32.25
2026-02-12 18:22:51.635,663.500,0.317871,0.505371,-0.785156,1.763,-2.870,0.183,32.10
2026-02-12 18:22:51.735,663.600,0.319824,0.505859,-0.783936,1.718,-2.695,0.153,32.05
2026-02-12 18:22:51.835,663.700,0.312988,0.505127,-0.781982,1.618,-2.893,0.275,32.20
2026-02-12 18:22:51.935,663.800,0.317383,0.503906,-0.780029,1.573,-2.771,0.038,32.20
2026-02-12 18:22:52.035,663.900,0.319580,0.504395,-0.775146,1.840,-2.939,0.450,32.05
2026-02-12 18:22:52.135,664.000,0.319092,0.505615,-0.779541,1.824,-2.740,0.313,32.20
2026-02-12 18:22:52.235,664.100,0.317871,0.507812,-0.780762,1.496,-3.015,0.221,32.05
2026-02-12 18:22:52.335,664.200,0.316895,0.503662,-0.780029,1.664,-2.695,0.153,32.10
2026-02-12 18:22:52.435,664.300,0.319092,0.506104,-0.784912,1.595,-2.733,0.412,32.10
2026-02-12 18:22:52.535,664.400,0.321289,0.504150,-0.781006,1.511,-2.771,0.214,32.20
2026-02-12 18:22:52.635,664.500,0.319580,0.505127,-0.781738,1.863,-3.092,0.130,32.05
2026-02-12 18:22:52.735,664.600,0.317383,0.502930,-0.787598,1.748,-2.771,0.115,32.39
2026-02-12 18:22:52.835,664.700,0.313477,0.504639,-0.779541,1.702,-2.847,0.443,32.10
2026-02-12 18:22:52.935,664.800,0.316650,0.504883,-0.787354,1.473,-2.611,0.168,32.10
2026-02-12 18:22:53.035,664.900,0.316162,0.504883,-0.785889,1.542,-2.947,0.183,32.29
2026-02-12 18:22:53.135,665.000,0.318359,0.500488,-0.778320,1.565,-2.748,0.466,32.05
2026-02-12 18:22:53.235,665.100,0.322266,0.508789,-0.787109,1.718,-2.817,-0.115,31.90
2026-02-12 18:22:53.335,665.200,0.318848,0.503906,-0.784912,1.962,-2.954,0.328,32.20
2026-02-12 18:22:53.435,665.300,0.320068,0.505371,-0.779541,1.588,-2.901,0.397,32.05
2026-02-12 18:22:53.535,665.400,0.318848,0.506348,-0.783203,1.588,-2.672,0.290,32.10
2026-02-12 18:22:53.635,665.500,0.321533,0.504883,-0.784668,1.702,-2.733,0.122,32.00
2026-02-12 18:22:53.735,665.600,0.313477,0.503174,-0.783447,1.618,-2.794,0.298,32.10
2026-02-12 18:22:53.835,665.700,0.315918,0.506348,-0.781494,1.588,-2.931,0.221,32.20
2026-02-12 18:22:53.935,665.800,0.315430,0.506348,-0.780029,1.641,-2.832,0.267,32.05
2026-02-12 18:22:54.035,665.900,0.317627,0.501465,-0.777588,1.794,-2.824,0.145,31.90
2026-02-12 18:22:54.135,666.000,0.318359,0.503174,-0.784668,1.687,-2.763,0.038,32.39
2026-02-12 18:22:54.235,666.100,0.316650,0.506348,-0.780029,1.565,-2.710,0.496,32.25
2026-02-12 18:22:54.335,666.200,0.314209,0.502197,-0.782227,1.595,-2.679,0.252,32.29
2026-02-12 18:22:54.435,666.300,0.315918,0.508057,-0.782715,1.802,-2.969,0.397,32.25
2026-02-12 18:22:54.535,666.400,0.319580,0.504395,-0.784180,1.611,-2.939,0.298,32.20
2026-02-12 18:22:54.635,666.500,0.318359,0.505615,-0.778809,1.702,-2.649,0.420,32.10
2026-02-12 18:22:54.735,666.600,0.320312,0.505127,-0.783447,1.588,-3.115,0.321,32.20
2026-02-12 18:22:54.835,666.700,0.321777,0.504395,-0.782715,1.779,-2.695,0.450,32.10
2026-02-12 18:22:54.935,666.800,0.318359,0.506836,-0.779053,1.580,-2.931,0.115,32.05
2026-02-12 18:22:55.035,666.900,0.321533,0.503418,-0.777100,1.878,-3.122,0.252,32.00
2026-02-12 18:22:55.135,667.000,0.315918,0.504150,-0.780762,1.611,-2.786,0.565,32.10
2026-02-12 18:22:55.235,667.100,0.316406,0.504883,-0.779785,1.718,-2.733,0.382,32.39
2026-02-12 18:22:55.335,667.200,0.317871,0.504395,-0.779541,1.740,-3.069,0.229,32.00
2026-02-12 18:22:55.435,667.300,0.314697,0.508789,-0.779541,1.527,-2.947,0.405,32.20
2026-02-12 18:22:55.535,667.400,0.314941,0.506592,-0.777100,1.649,-2.885,0.450,32.10
2026-02-12 18:22:55.635,667.500,0.316895,0.506836,-0.781250,1.672,-3.023,0.336,32.44
2026-02-12 18:22:55.735,667.600,0.320312,0.506104,-0.784912,1.786,-2.809,0.229,32.00
2026-02-12 18:22:55.835,667.700,0.317139,0.505615,-0.783203,1.557,-3.046,0.053,32.20
2026-02-12 18:22:55.935,667.800,0.321289,0.503662,-0.781982,1.641,-3.023,0.260,32.25
2026-02-12 18:22:56.035,667.900,0.320312,0.505127,-0.775635,1.725,-2.656,0.489,32.10
2026-02-12 18:22:56.135,668.000,0.317871,0.505371,-0.785400,1.443,-3.008,0.122,32.25
2026-02-12 18:22:56.235,668.100,0.319824,0.504883,-0.783691,1.618,-3.099,0.176,32.05
2026-02-12 18:22:56.335,668.200,0.321289,0.506348,-0.784180,1.901,-3.260,0.282,32.10
2026-02-12 18:22:56.435,668.300,0.316406,0.503174,-0.780518,1.733,-2.924,0.389,32.29
2026-02-12 18:22:56.535,668.400,0.317627,0.502930,-0.779785,1.672,-2.824,0.275,32.25
2026-02-12 18:22:56.635,668.500,0.321533,0.505371,-0.785889,1.748,-2.893,0.458,31.90
2026-02-12 18:22:56.735,668.600,0.319824,0.507812,-0.772461,1.679,-2.794,0.405,32.05
2026-02-12 18:22:56.835,668.700,0.316406,0.502930,-0.781250,1.481,-2.779,0.221,32.10
2026-02-12 18:22:56.935,668.800,0.316406,0.505371,-0.780273,1.702,-2.786,0.153,31.90
2026-02-12 18:22:57.035,668.900,0.319580,0.505859,-0.783447,1.977,-3.023,0.008,32.25
2026-02-12 18:22:57.135,669.000,0.318359,0.503662,-0.780273,1.733,-2.870,0.290,32.05
2026-02-12 18:22:57.235,669.100,0.314453,0.503906,-0.777344,1.779,-2.855,0.214,32.10
2026-02-12 18:22:57.335,669.200,0.320312,0.503418,-0.779785,2.031,-3.076,0.069,32.20
2026-02-12 18:22:57.435,669.300,0.318604,0.502441,-0.779785,1.542,-2.794,0.214,32.10
2026-02-12 18:22:57.535,669.400,0.319336,0.506836,-0.782471,1.565,-2.756,0.282,32.10
2026-02-12 18:22:57.635,669.500,0.321777,0.503418,-0.775879,1.740,-2.878,0.298,32.05
2026-02-12 18:22:57.735,669.600,0.317871,0.508301,-0.782227,2.000,-2.832,-0.038,32.25
2026-02-12 18:22:57.835,669.700,0.319580,0.509521,-0.789551,1.832,-2.908,0.244,32.00
2026-02-12 18:22:57.935,669.800,0.315918,0.502930,-0.782471,1.756,-2.672,0.420,32.20
2026-02-12 18:22:58.035,669.900,0.319580,0.501709,-0.790039,1.695,-2.985,0.191,32.20
2026-02-12 18:22:58.135,670.000,0.320068,0.504883,-0.782227,1.809,-2.641,0.489,32.25
2026-02-12 18:22:58.235,670.100,0.317139,0.505127,-0.786133,1.740,-3.061,0.344,32.20
2026-02-12 18:22:58.335,670.200,0.316650,0.506592,-0.783936,1.649,-2.847,0.244,32.20
2026-02-12 18:22:58.435,670.300,0.317139,0.505127,-0.787598,1.847,-2.542,0.153,32.20
2026-02-12 18:22:58.535,670.400,0.314941,0.504150,-0.784912,1.611,-2.603,0.038,32.20
2026-02-12 18:22:58.635,670.500,0.319580,0.503174,-0.780518,1.763,-2.794,0.344,32.20
2026-02-12 18:22:58.735,670.600,0.315674,0.507812,-0.780518,1.802,-3.183,0.321,32.25
2026-02-12 18:22:58.835,670.700,0.317139,0.501465,-0.782471,1.580,-2.832,0.504,32.20
2026-02-12 18:22:58.935,670.800,0.319336,0.504150,-0.783936,2.061,-2.855,0.122,32.54
2026-02-12 18:22:59.035,670.900,0.318848,0.508301,-0.780518,1.527,-3.183,0.046,32.29
2026-02-12 18:22:59.135,671.000,0.319824,0.506592,-0.782715,1.916,-2.855,0.168,32.10
2026-02-12 18:22:59.235,671.100,0.313477,0.501953,-0.786621,1.656,-2.916,0.511,32.20
2026-02-12 18:22:59.335,671.200,0.317627,0.505127,-0.778076,1.481,-2.771,0.053,31.85
2026-02-12 18:22:59.435,671.300,0.318848,0.506348,-0.778076,1.618,-2.817,0.450,32.25
2026-02-12 18:22:59.535,671.400,0.321045,0.506348,-0.781006,1.672,-2.817,0.481,31.90
2026-02-12 18:22:59.635,671.500,0.320312,0.506348,-0.787354,1.595,-2.618,0.450,32.25
2026-02-12 18:22:59.735,671.600,0.322998,0.505371,-0.778076,1.687,-2.809,-0.053,32.05
2026-02-12 18:22:59.835,671.700,0.318359,0.504150,-0.781006,1.634,-2.924,0.382,32.20
2026-02-12 18:22:59.935,671.800,0.316406,0.506348,-0.786865,1.641,-3.061,0.198,32.10
2026-02-12 18:23:00.035,671.900,0.318115,0.505859,-0.782471,1.641,-2.908,0.366,32.20
2026-02-12 18:23:00.135,672.000,0.322998,0.503906,-0.779785,1.687,-2.863,0.519,32.25
2026-02-12 18:23:00.235,672.100,0.318848,0.507812,-0.776611,1.626,-2.771,0.267,32.20
2026-02-12 18:23:00.335,672.200,0.317383,0.503174,-0.785400,1.710,-2.863,0.206,32.29
2026-02-12 18:23:00.435,672.300,0.319824,0.506592,-0.781494,1.870,-3.023,0.168,32.59
2026-02-12 18:23:00.535,672.400,0.312988,0.508057,-0.781982,1.695,-2.931,0.527,32.10
2026-02-12 18:23:00.635,672.500,0.316406,0.503174,-0.780029,1.649,-2.664,0.069,32.25
2026-02-12 18:23:00.735,672.600,0.320557,0.504150,-0.789795,1.687,-2.756,0.336,31.90
2026-02-12 18:23:00.835,672.700,0.318604,0.506104,-0.781006,1.710,-2.901,0.542,32.29
2026-02-12 18:23:00.935,672.800,0.317139,0.500977,-0.779541,1.550,-2.786,0.099,32.25
2026-02-12 18:23:01.035,672.900,0.319092,0.504639,-0.784668,1.702,-2.893,0.038,32.20
2026-02-12 18:23:01.135,673.000,0.320557,0.506104,-0.785645,1.618,-2.931,0.412,32.10
2026-02-12 18:23:01.235,673.100,0.315918,0.508057,-0.780273,1.725,-2.992,0.450,32.20
2026-02-12 18:23:01.335,673.200,0.317383,0.504883,-0.780762,1.763,-2.878,0.275,32.10
2026-02-12 18:23:01.435,673.300,0.318604,0.507812,-0.779541,1.679,-3.168,0.412,32.25
2026-02-12 18:23:01.535,673.400,0.322266,0.507324,-0.779541,1.374,-2.817,0.206,32.20
2026-02-12 18:23:01.635,673.500,0.321045,0.505859,-0.778076,1.695,-2.641,0.534,32.39
2026-02-12 18:23:01.735,673.600,0.317871,0.503662,-0.784424,1.603,-2.710,0.366,32.20
2026-02-12 18:23:01.835,673.700,0.317139,0.507324,-0.778564,1.542,-2.710,0.550,32.29
2026-02-12 18:23:01.935,673.800,0.316650,0.504883,-0.779541,1.893,-2.840,0.023,32.00
2026-02-12 18:23:02.035,673.900,0.314697,0.505859,-0.781738,1.939,-2.763,0.183,32.00
2026-02-12 18:23:02.135,674.000,0.315918,0.507324,-0.786133,1.649,-3.153,0.137,32.20
2026-02-12 18:23:02.235,674.100,0.315674,0.507080,-0.780762,1.634,-2.992,0.183,31.85
2026-02-12 18:23:02.335,674.200,0.320312,0.503418,-0.784912,1.763,-2.931,0.176,32.25
2026-02-12 18:23:02.435,674.300,0.320557,0.503906,-0.786133,1.802,-3.092,0.389,32.29
2026-02-12 18:23:02.535,674.400,0.315430,0.508057,-0.783447,1.710,-3.015,0.298,32.25
2026-02-12 18:23:02.635,674.500,0.315186,0.503906,-0.780518,1.611,-2.962,0.260,32.25
2026-02-12 18:23:02.735,674.600,0.321777,0.504639,-0.784180,1.656,-2.832,0.351,32.29
2026-02-12 18:23:02.835,674.700,0.315186,0.503906,-0.784180,1.519,-2.893,0.115,32.05
2026-02-12 18:23:02.935,674.800,0.317871,0.503418,-0.781250,1.618,-2.924,0.496,32.05
2026-02-12 18:23:03.035,674.900,0.318848,0.504883,-0.787842,1.740,-2.855,0.313,32.10
2026-02-12 18:23:03.135,675.000,0.321777,0.504639,-0.781494,1.557,-2.802,0.344,31.85
2026-02-12 18:23:03.235,675.100,0.316895,0.501953,-0.784668,1.542,-2.725,0.244,32.59
2026-02-12 18:23:03.335,675.200,0.318604,0.507324,-0.781250,1.656,-2.656,0.389,32.10
2026-02-12 18:23:03.435,675.300,0.316650,0.509033,-0.780273,1.557,-2.947,0.267,32.54
2026-02-12 18:23:03.535,675.400,0.319580,0.506104,-0.776611,1.580,-2.771,0.206,32.10
2026-02-12 18:23:03.635,675.500,0.319336,0.505859,-0.783936,1.802,-2.687,0.511,32.20
2026-02-12 18:23:03.735,675.600,0.319580,0.504150,-0.781006,1.496,-2.962,0.305,32.20
2026-02-12 18:23:03.835,675.700,0.319824,0.504395,-0.781738,1.809,-2.664,0.313,32.05
2026-02-12 18:23:03.935,675.800,0.321045,0.508301,-0.784180,1.626,-2.924,0.351,32.20
2026-02-12 18:23:04.035,675.900,0.317139,0.504395,-0.778320,1.664,-2.786,0.412,32.10
2026-02-12 18:23:04.135,676.000,0.320801,0.503906,-0.787354,1.565,-2.763,0.046,32.05
2026-02-12 18:23:04.235,676.100,0.317139,0.507568,-0.785156,1.939,-3.008,0.084,32.20
2026-02-12 18:23:04.335,676.200,0.318359,0.505859,-0.784668,1.542,-2.824,0.420,32.25
2026-02-12 18:23:04.435,676.300,0.314941,0.505127,-0.786133,1.634,-2.969,0.313,32.20
2026-02-12 18:23:04.535,676.400,0.319824,0.505615,-0.780518,1.733,-3.023,0.244,32.05
2026-02-12 18:23:04.635,676.500,0.315674,0.503662,-0.779785,1.702,-3.023,0.420,32.39
2026-02-12 18:23:04.735,676.600,0.318115,0.506348,-0.780029,1.817,-3.023,-0.107,32.29
2026-02-12 18:23:04.835,676.700,0.313965,0.503662,-0.778809,1.794,-2.840,0.328,31.90
2026-02-12 18:23:04.935,676.800,0.318359,0.506104,-0.784180,1.656,-2.634,0.092,32.00
2026-02-12 18:23:05.035,676.900,0.318115,0.507324,-0.785400,1.664,-2.847,0.504,32.20
2026-02-12 18:23:05.135,677.000,0.318604,0.508301,-0.787109,1.565,-2.794,0.214,32.25
2026-02-12 18:23:05.235,677.100,0.319824,0.506592,-0.782959,1.794,-2.985,0.176,32.05
2026-02-12 18:23:05.335,677.200,0.317871,0.509277,-0.783936,1.718,-2.771,0.153,32.39
2026-02-12 18:23:05.435,677.300,0.320312,0.507080,-0.780762,1.809,-2.725,0.305,32.20
2026-02-12 18:23:05.535,677.400,0.318359,0.503418,-0.786133,1.664,-2.672,0.145,32.05
2026-02-12 18:23:05.635,677.500,0.318359,0.505615,-0.778809,1.580,-2.641,0.130,32.25
2026-02-12 18:23:05.735,677.600,0.318359,0.506348,-0.779785,1.603,-2.893,0.275,32.20
2026-02-12 18:23:05.835,677.700,0.316895,0.504883,-0.784180,1.908,-2.802,0.298,32.25
2026-02-12 18:23:05.935,677.800,0.315918,0.506104,-0.780273,1.481,-2.832,0.344,32.05
2026-02-12 18:23:06.035,677.900,0.318115,0.505127,-0.787354,1.710,-2.893,0.275,32.54
2026-02-12 18:23:06.135,678.000,0.321777,0.505127,-0.784180,1.427,-3.031,0.244,32.39
2026-02-12 18:23:06.235,678.100,0.315918,0.506348,-0.785400,1.679,-2.634,0.435,32.29
2026-02-12 18:23:06.335,678.200,0.319580,0.507568,-0.783691,1.580,-2.489,0.214,32.25
2026-02-12 18:23:06.435,678.300,0.315674,0.503662,-0.779541,1.634,-2.969,0.450,32.20
2026-02-12 18:23:06.535,678.400,0.318115,0.505859,-0.776611,1.710,-2.618,0.137,32.25
2026-02-12 18:23:06.635,678.500,0.318848,0.505859,-0.782715,1.580,-2.847,0.305,32.10
2026-02-12 18:23:06.735,678.600,0.318115,0.505859,-0.780273,1.763,-2.756,0.282,32.20
2026-02-12 18:23:06.835,678.700,0.318115,0.506104,-0.782227,1.916,-2.809,0.229,32.25
2026-02-12 18:23:06.935,678.800,0.318359,0.508545,-0.784912,1.664,-3.107,0.237,32.20
2026-02-12 18:23:07.035,678.900,0.316162,0.505615,-0.779541,1.656,-3.046,0.504,32.05
2026-02-12 18:23:07.135,679.000,0.321289,0.506592,-0.781006,1.580,-2.794,0.153,32.05
2026-02-12 18:23:07.235,679.100,0.315918,0.506836,-0.782227,1.466,-2.977,0.496,32.20
2026-02-12 18:23:07.335,679.200,0.314209,0.504639,-0.784668,1.687,-2.649,0.237,31.90
2026-02-12 18:23:07.435,679.300,0.317383,0.505615,-0.783691,1.641,-3.031,0.061,32.25
2026-02-12 18:23:07.535,679.400,0.316895,0.503662,-0.784912,1.840,-2.878,0.344,32.10
2026-02-12 18:23:07.635,679.500,0.317139,0.508057,-0.784912,1.779,-2.779,0.229,32.29
2026-02-12 18:23:07.735,679.600,0.316406,0.504150,-0.778809,1.771,-2.695,0.420,32.20
2026-02-12 18:23:07.835,679.700,0.317871,0.506348,-0.789062,1.679,-2.763,0.389,32.10
2026-02-12 18:23:07.935,679.800,0.320312,0.507324,-0.785156,1.863,-2.733,-0.084,32.20
2026-02-12 18:23:08.035,679.900,0.322998,0.505127,-0.783936,1.641,-2.931,0.183,32.00
2026-02-12 18:23:08.135,680.000,0.316650,0.501221,-0.776611,1.908,-2.809,0.466,32.05
2026-02-12 18:23:08.235,680.100,0.319580,0.506348,-0.781494,1.649,-2.916,0.145,32.05
2026-02-12 18:23:08.335,680.200,0.316406,0.503174,-0.785156,1.748,-2.656,0.351,32.44
2026-02-12 18:23:08.435,680.300,0.318848,0.506592,-0.781250,1.748,-2.687,0.137,32.44
2026-02-12 18:23:08.535,680.400,0.318115,0.503906,-0.785156,1.603,-2.687,0.237,32.29
2026-02-12 18:23:08.635,680.500,0.317139,0.509521,-0.778320,1.817,-3.115,0.183,32.29
2026-02-12 18:23:08.735,680.600,0.316895,0.506836,-0.781738,1.679,-2.786,0.275,32.20
2026-02-12 18:23:08.835,680.700,0.319824,0.503662,-0.780029,1.893,-2.756,0.397,32.25
2026-02-12 18:23:08.935,680.800,0.315186,0.504883,-0.784424,1.710,-2.748,0.137,32.20
2026-02-12 18:23:09.035,680.900,0.318115,0.501709,-0.780273,2.000,-2.885,0.237,32.25
2026-02-12 18:23:09.135,681.000,0.319580,0.505615,-0.780273,1.931,-2.901,0.076,32.20
2026-02-12 18:23:09.235,681.100,0.318848,0.505615,-0.783203,1.748,-3.008,0.053,32.20
2026-02-12 18:23:09.335,681.200,0.321045,0.504883,-0.783203,1.702,-2.832,0.420,32.20
2026-02-12 18:23:09.435,681.300,0.320801,0.503662,-0.785889,1.702,-2.687,0.183,32.29
2026-02-12 18:23:09.535,681.400,0.318604,0.509033,-0.781982,1.664,-2.779,0.366,32.20
2026-02-12 18:23:09.635,681.500,0.318359,0.502686,-0.779541,1.687,-2.885,0.031,32.25
2026-02-12 18:23:09.735,681.600,0.318604,0.506592,-0.778809,1.641,-2.550,0.504,32.25
2026-02-12 18:23:09.835,681.700,0.320557,0.507324,-0.780762,1.618,-2.885,0.351,32.00
2026-02-12 18:23:09.935,681.800,0.317627,0.503418,-0.782227,1.565,-2.840,0.153,32.25
2026-02-12 18:23:10.035,681.900,0.316650,0.508545,-0.786865,1.595,-2.771,0.053,32.10
2026-02-12 18:23:10.135,682.000,0.316895,0.505615,-0.783447,1.626,-3.092,0.313,32.20
2026-02-12 18:23:10.235,682.100,0.316650,0.504150,-0.778076,1.817,-2.908,0.092,32.20
2026-02-12 18:23:10.335,682.200,0.321045,0.504395,-0.774902,1.649,-2.710,0.260,32.10
2026-02-12 18:23:10.435,682.300,0.317139,0.501709,-0.790771,1.771,-2.908,0.427,32.39
2026-02-12 18:23:10.535,682.400,0.317383,0.503662,-0.781006,1.771,-2.672,0.183,32.29
2026-02-12 18:23:10.635,682.500,0.316406,0.507324,-0.778076,1.527,-2.702,0.412,32.10
2026-02-12 18:23:10.735,682.600,0.319336,0.506592,-0.776855,1.580,-2.824,0.115,32.10
2026-02-12 18:23:10.835,682.700,0.316406,0.502930,-0.782471,1.702,-3.069,0.107,32.10
2026-02-12 18:23:10.935,682.800,0.320801,0.506592,-0.784424,1.977,-2.664,0.565,32.29
2026-02-12 18:23:11.035,682.900,0.318604,0.508057,-0.785400,1.733,-3.198,0.313,32.39
2026-02-12 18:23:11.135,683.000,0.315918,0.501953,-0.785645,1.847,-2.840,0.405,32.25
2026-02-12 18:23:11.235,683.100,0.319336,0.504395,-0.780029,1.740,-2.855,0.473,32.59
2026-02-12 18:23:11.335,683.200,0.316162,0.504150,-0.782959,1.931,-2.908,0.160,32.29
2026-02-12 18:23:11.435,683.300,0.319092,0.507080,-0.781494,1.702,-2.939,0.359,32.20
2026-02-12 18:23:11.535,683.400,0.321533,0.506348,-0.783691,1.832,-2.695,0.382,32.25
2026-02-12 18:23:11.635,683.500,0.316406,0.503174,-0.781738,1.672,-2.962,0.168,32.20
2026-02-12 18:23:11.735,683.600,0.317383,0.508057,-0.785645,1.603,-3.046,0.374,32.05
2026-02-12 18:23:11.835,683.700,0.318115,0.504150,-0.776855,1.824,-2.908,0.145,32.44
2026-02-12 18:23:11.935,683.800,0.315430,0.503174,-0.779053,1.924,-2.794,0.275,32.39
2026-02-12 18:23:12.035,683.900,0.315674,0.506836,-0.781494,1.710,-2.771,0.244,32.44
2026-02-12 18:23:12.135,684.000,0.320801,0.504639,-0.776123,1.687,-2.794,0.328,32.20
2026-02-12 18:23:12.235,684.100,0.317383,0.503906,-0.785400,1.649,-3.038,0.458,32.25
2026-02-12 18:23:12.335,684.200,0.317383,0.504639,-0.784180,2.069,-3.031,0.282,32.10
2026-02-12 18:23:12.435,684.300,0.316162,0.504395,-0.788818,1.740,-2.679,0.084,32.20
2026-02-12 18:23:12.535,684.400,0.319336,0.504150,-0.784180,1.771,-3.000,0.634,32.29
2026-02-12 18:23:12.635,684.500,0.314453,0.508789,-0.784424,1.618,-2.794,0.382,32.20
2026-02-12 18:23:12.735,684.600,0.319824,0.503418,-0.786133,1.908,-2.786,0.237,32.39
2026-02-12 18:23:12.835,684.700,0.317871,0.505371,-0.789062,1.557,-2.756,0.366,32.20
2026-02-12 18:23:12.935,684.800,0.315430,0.504639,-0.782959,1.763,-2.733,0.023,32.10
2026-02-12 18:23:13.035,684.900,0.317871,0.506104,-0.782959,1.779,-3.023,0.244,32.39
2026-02-12 18:23:13.135,685.000,0.314209,0.505615,-0.783936,1.611,-2.939,0.252,32.20
2026-02-12 18:23:13.235,685.100,0.319824,0.504639,-0.780273,1.664,-3.069,0.321,32.20
2026-02-12 18:23:13.335,685.200,0.317627,0.510986,-0.786865,1.863,-2.954,0.695,32.25
2026-02-12 18:23:13.435,685.300,0.319336,0.507080,-0.781982,1.763,-2.832,0.076,32.29
2026-02-12 18:23:13.535,685.400,0.314697,0.503418,-0.787109,1.557,-2.878,0.344,32.20
2026-02-12 18:23:13.635,685.500,0.318115,0.508301,-0.781738,1.603,-2.603,0.046,32.39
2026-02-12 18:23:13.735,685.600,0.313965,0.507812,-0.777588,1.550,-2.733,0.489,32.54
2026-02-12 18:23:13.835,685.700,0.320068,0.506348,-0.782471,1.580,-2.847,0.656,32.39
2026-02-12 18:23:13.935,685.800,0.318359,0.505615,-0.781494,1.992,-2.641,0.382,32.10
2026-02-12 18:23:14.035,685.900,0.316895,0.506836,-0.782959,1.893,-2.802,0.359,32.25
2026-02-12 18:23:14.135,686.000,0.319824,0.504639,-0.782227,1.916,-2.779,0.603,32.20
2026-02-12 18:23:14.235,686.100,0.316406,0.503418,-0.785156,1.504,-2.939,0.481,32.25
2026-02-12 18:23:14.335,686.200,0.321289,0.505859,-0.784912,1.809,-2.840,0.412,32.29
2026-02-12 18:23:14.435,686.300,0.317139,0.508545,-0.781250,1.748,-2.748,0.191,32.20
2026-02-12 18:23:14.535,686.400,0.320312,0.508789,-0.779785,1.695,-2.779,0.405,32.29
2026-02-12 18:23:14.635,686.500,0.318359,0.505859,-0.781494,1.634,-2.763,0.244,32.25
2026-02-12 18:23:14.735,686.600,0.319336,0.505371,-0.782471,1.641,-3.008,0.252,32.20
2026-02-12 18:23:14.835,686.700,0.317383,0.507324,-0.786377,1.870,-3.122,0.244,32.25
2026-02-12 18:23:14.935,686.800,0.318359,0.503662,-0.780762,1.931,-3.015,0.206,32.05
2026-02-12 18:23:15.035,686.900,0.317627,0.505859,-0.783203,1.565,-2.924,0.527,32.05
2026-02-12 18:23:15.135,687.000,0.315674,0.504883,-0.783691,1.687,-2.916,0.092,32.10
2026-02-12 18:23:15.235,687.100,0.318848,0.506348,-0.784668,1.885,-2.939,0.298,32.10
2026-02-12 18:23:15.335,687.200,0.319092,0.507568,-0.778809,1.519,-2.634,0.305,32.05
2026-02-12 18:23:15.435,687.300,0.318115,0.504639,-0.785645,1.756,-2.779,0.290,32.54
2026-02-12 18:23:15.535,687.400,0.320801,0.502197,-0.783936,1.725,-2.893,0.275,32.25
2026-02-12 18:23:15.635,687.500,0.313477,0.504150,-0.782471,1.855,-2.809,0.137,32.39
2026-02-12 18:23:15.735,687.600,0.314453,0.505859,-0.786133,1.916,-2.840,0.130,32.20
2026-02-12 18:23:15.835,687.700,0.319824,0.506348,-0.781250,1.947,-2.924,0.450,32.20
2026-02-12 18:23:15.935,687.800,0.316895,0.503174,-0.789551,1.855,-2.878,0.351,32.00
2026-02-12 18:23:16.035,687.900,0.320801,0.504395,-0.780518,1.573,-2.656,0.397,32.25
2026-02-12 18:23:16.135,688.000,0.318359,0.505371,-0.781006,1.740,-2.893,0.252,32.20
2026-02-12 18:23:16.235,688.100,0.320068,0.505615,-0.777588,1.687,-2.702,0.130,32.20
2026-02-12 18:23:16.335,688.200,0.319824,0.506104,-0.777588,1.695,-3.084,0.198,32.20
2026-02-12 18:23:16.435,688.300,0.318115,0.508057,-0.786865,1.595,-3.137,0.481,32.39
2026-02-12 18:23:16.535,688.400,0.318848,0.510010,-0.779541,1.664,-2.931,0.191,32.05
2026-02-12 18:23:16.635,688.500,0.317139,0.506104,-0.781250,1.443,-2.870,0.397,32.25
2026-02-12 18:23:16.735,688.600,0.318848,0.504150,-0.778076,1.916,-2.809,0.137,32.20
2026-02-12 18:23:16.835,688.700,0.321533,0.503906,-0.785156,1.771,-2.817,0.237,32.10
2026-02-12 18:23:16.935,688.800,0.320557,0.506592,-0.783203,1.519,-3.107,0.099,32.05
2026-02-12 18:23:17.035,688.900,0.318604,0.505615,-0.779541,1.779,-2.855,0.344,32.10
2026-02-12 18:23:17.135,689.000,0.319336,0.504150,-0.789307,1.595,-3.160,0.267,32.20
2026-02-12 18:23:17.235,689.100,0.316895,0.505859,-0.780273,1.649,-2.893,0.336,32.29
2026-02-12 18:23:17.335,689.200,0.315674,0.502930,-0.781982,1.664,-2.748,-0.061,32.25
2026-02-12 18:23:17.435,689.300,0.316162,0.503906,-0.783203,1.748,-2.863,-0.023,32.05
2026-02-12 18:23:17.535,689.400,0.316895,0.508057,-0.784668,1.786,-2.779,0.237,32.05
2026-02-12 18:23:17.635,689.500,0.319580,0.505371,-0.784180,1.939,-2.931,0.198,32.20
2026-02-12 18:23:17.735,689.600,0.318359,0.503418,-0.780762,1.763,-2.802,0.107,32.25
2026-02-12 18:23:17.835,689.700,0.315186,0.505615,-0.783936,1.756,-2.725,0.458,32.29
2026-02-12 18:23:17.935,689.800,0.321045,0.504395,-0.781006,1.771,-2.916,0.244,32.25
2026-02-12 18:23:18.035,689.900,0.317871,0.507080,-0.782227,1.802,-2.908,0.107,32.20
2026-02-12 18:23:18.135,690.000,0.318604,0.506836,-0.782471,1.603,-2.977,0.298,32.20
2026-02-12 18:23:18.235,690.100,0.317627,0.505127,-0.784180,1.664,-3.000,0.183,32.25
2026-02-12 18:23:18.335,690.200,0.316895,0.504395,-0.780762,1.511,-2.962,0.198,32.39
2026-02-12 18:23:18.435,690.300,0.314941,0.508301,-0.783691,1.763,-2.611,0.198,32.25
2026-02-12 18:23:18.535,690.400,0.313721,0.506104,-0.783691,1.824,-2.855,0.328,32.20
2026-02-12 18:23:18.635,690.500,0.318359,0.506104,-0.778564,1.672,-2.802,0.137,32.25
2026-02-12 18:23:18.735,690.600,0.319824,0.504883,-0.781006,1.885,-2.733,0.366,32.25
2026-02-12 18:23:18.835,690.700,0.314209,0.503662,-0.791992,1.641,-2.771,-0.084,32.20
2026-02-12 18:23:18.935,690.800,0.317139,0.504883,-0.776855,1.626,-2.794,0.244,32.59
2026-02-12 18:23:19.035,690.900,0.317139,0.507080,-0.787109,1.878,-2.969,0.214,32.44
2026-02-12 18:23:19.135,691.000,0.319336,0.505859,-0.784424,1.588,-3.023,0.374,32.20
2026-02-12 18:23:19.235,691.100,0.315674,0.506592,-0.781982,1.649,-2.718,0.198,32.29
2026-02-12 18:23:19.335,691.200,0.321533,0.505371,-0.786865,1.763,-3.099,0.122,32.25
2026-02-12 18:23:19.435,691.300,0.316406,0.503174,-0.783203,1.710,-2.878,0.511,32.25
2026-02-12 18:23:19.535,691.400,0.315918,0.504150,-0.777832,1.733,-3.084,0.145,32.10
2026-02-12 18:23:19.635,691.500,0.318604,0.504639,-0.780273,1.756,-2.947,0.183,32.39
2026-02-12 18:23:19.735,691.600,0.317383,0.502686,-0.788574,1.664,-2.924,-0.038,32.10
2026-02-12 18:23:19.835,691.700,0.317383,0.506104,-0.784912,1.725,-2.863,0.137,32.25
2026-02-12 18:23:19.935,691.800,0.317871,0.508545,-0.784180,1.412,-2.992,0.557,32.29
2026-02-12 18:23:20.035,691.900,0.316406,0.506104,-0.785400,1.656,-2.733,0.069,32.20
2026-02-12 18:23:20.135,692.000,0.323242,0.507568,-0.780518,1.718,-2.603,0.336,32.20
2026-02-12 18:23:20.235,692.100,0.316162,0.504883,-0.784668,1.817,-2.985,0.290,32.29
2026-02-12 18:23:20.335,692.200,0.317627,0.504150,-0.781250,1.824,-3.000,0.458,32.25
2026-02-12 18:23:20.435,692.300,0.319580,0.505127,-0.786621,1.603,-2.595,0.481,32.39
2026-02-12 18:23:20.535,692.400,0.321045,0.506104,-0.782471,1.725,-2.908,0.321,32.29
2026-02-12 18:23:20.635,692.500,0.319824,0.504395,-0.786377,1.595,-2.802,0.130,32.10
2026-02-12 18:23:20.735,692.600,0.316650,0.507568,-0.779541,1.802,-2.962,0.344,32.25
2026-02-12 18:23:20.835,692.700,0.319824,0.504639,-0.776367,1.679,-2.840,0.160,32.00
2026-02-12 18:23:20.935,692.800,0.319336,0.503418,-0.782227,1.794,-2.885,0.344,32.00
2026-02-12 18:23:21.035,692.900,0.317627,0.505127,-0.775635,1.565,-2.901,0.031,32.20
2026-02-12 18:23:21.135,693.000,0.320068,0.507324,-0.783691,1.786,-3.061,0.397,32.10
2026-02-12 18:23:21.235,693.100,0.315430,0.508545,-0.776367,1.527,-2.557,0.244,32.20
2026-02-12 18:23:21.335,693.200,0.318848,0.508301,-0.788086,1.763,-3.069,0.313,32.54
2026-02-12 18:23:21.435,693.300,0.317383,0.505127,-0.783936,1.893,-3.008,0.099,32.20
2026-02-12 18:23:21.535,693.400,0.318604,0.503662,-0.779785,1.733,-2.756,0.542,32.20
2026-02-12 18:23:21.635,693.500,0.317139,0.502197,-0.783447,1.924,-2.947,0.336,32.25
2026-02-12 18:23:21.735,693.600,0.317627,0.506104,-0.780273,1.748,-2.962,0.298,32.29
2026-02-12 18:23:21.835,693.700,0.321533,0.503662,-0.784424,1.550,-3.107,0.496,32.20
2026-02-12 18:23:21.935,693.800,0.315674,0.505127,-0.782227,1.748,-3.092,0.489,32.29
2026-02-12 18:23:22.035,693.900,0.317383,0.503906,-0.782471,1.672,-3.015,0.023,32.20
2026-02-12 18:23:22.135,694.000,0.314697,0.507080,-0.782715,1.611,-3.023,0.389,32.10
2026-02-12 18:23:22.235,694.100,0.317627,0.507812,-0.787842,1.649,-3.023,0.130,32.00
2026-02-12 18:23:22.335,694.200,0.318115,0.503906,-0.783447,1.954,-2.977,0.229,32.10
2026-02-12 18:23:22.435,694.300,0.318604,0.506592,-0.782959,1.863,-2.611,0.260,32.44
2026-02-12 18:23:22.535,694.400,0.315186,0.502686,-0.783936,1.740,-2.733,0.458,32.10
2026-02-12 18:23:22.635,694.500,0.318115,0.506104,-0.784912,1.679,-2.985,0.160,32.20
2026-02-12 18:23:22.735,694.600,0.318848,0.503906,-0.782471,1.702,-2.916,0.198,32.29
2026-02-12 18:23:22.835,694.700,0.315918,0.502197,-0.780273,1.863,-2.901,0.382,32.25
2026-02-12 18:23:22.935,694.800,0.321045,0.507812,-0.786377,1.695,-2.855,0.351,32.59
2026-02-12 18:23:23.035,694.900,0.318848,0.505127,-0.778809,1.824,-2.924,0.214,32.20
2026-02-12 18:23:23.135,695.000,0.315674,0.506348,-0.781494,1.847,-2.771,0.069,32.25
2026-02-12 18:23:23.235,695.100,0.316406,0.505859,-0.779297,1.779,-2.756,0.252,32.29
2026-02-12 18:23:23.335,695.200,0.322510,0.502441,-0.781006,1.794,-2.939,0.267,32.25
2026-02-12 18:23:23.435,695.300,0.320068,0.506592,-0.779541,1.595,-2.901,0.229,32.29
2026-02-12 18:23:23.535,695.400,0.314697,0.508057,-0.777588,1.809,-2.954,0.206,32.20
2026-02-12 18:23:23.635,695.500,0.318604,0.507568,-0.781982,1.679,-2.939,0.489,32.39
2026-02-12 18:23:23.735,695.600,0.321045,0.505371,-0.780518,1.527,-2.740,0.206,32.44
2026-02-12 18:23:23.835,695.700,0.317139,0.506104,-0.781006,1.573,-3.061,0.084,32.10
2026-02-12 18:23:23.935,695.800,0.317871,0.502686,-0.779541,1.756,-2.779,0.298,32.39
2026-02-12 18:23:24.035,695.900,0.318848,0.505615,-0.779541,1.710,-2.664,0.397,32.20
2026-02-12 18:23:24.135,696.000,0.316406,0.505859,-0.782959,1.756,-2.817,0.466,32.39
2026-02-12 18:23:24.235,696.100,0.316406,0.507324,-0.783691,1.580,-2.695,0.038,32.29
2026-02-12 18:23:24.335,696.200,0.315918,0.507568,-0.778564,1.626,-2.710,0.145,32.29
2026-02-12 18:23:24.435,696.300,0.322754,0.506836,-0.785889,2.015,-2.740,0.260,32.39
2026-02-12 18:23:24.535,696.400,0.313232,0.503418,-0.780029,1.527,-2.725,0.122,32.29
2026-02-12 18:23:24.635,696.500,0.317871,0.501709,-0.782471,1.725,-2.489,0.397,32.29
2026-02-12 18:23:24.735,696.600,0.317383,0.503906,-0.784180,1.519,-3.023,0.511,32.20
2026-02-12 18:23:24.835,696.700,0.317627,0.508057,-0.781250,1.763,-2.809,0.366,32.20
2026-02-12 18:23:24.935,696.800,0.317139,0.505371,-0.783691,1.641,-2.725,0.275,32.25
2026-02-12 18:23:25.035,696.900,0.319824,0.507324,-0.782959,1.489,-2.870,0.351,32.20
2026-02-12 18:23:25.135,697.000,0.316650,0.505859,-0.784424,1.718,-2.817,0.435,32.44
2026-02-12 18:23:25.235,697.100,0.316650,0.505371,-0.782471,1.641,-3.008,0.076,32.29
2026-02-12 18:23:25.335,697.200,0.317627,0.504150,-0.779541,1.832,-2.977,0.420,32.25
2026-02-12 18:23:25.435,697.300,0.318604,0.504395,-0.779785,1.771,-3.084,0.382,32.29
2026-02-12 18:23:25.535,697.400,0.320068,0.507812,-0.783691,1.779,-2.672,0.252,32.20
2026-02-12 18:23:25.635,697.500,0.318604,0.506592,-0.781982,1.687,-2.740,0.366,32.05
2026-02-12 18:23:25.735,697.600,0.319824,0.506836,-0.778809,1.824,-2.832,0.168,32.05
2026-02-12 18:23:25.835,697.700,0.319092,0.505371,-0.780762,1.733,-2.718,0.260,32.39
2026-02-12 18:23:25.935,697.800,0.320068,0.502197,-0.791748,1.718,-2.725,-0.069,32.29
2026-02-12 18:23:26.035,697.900,0.317627,0.505127,-0.783936,1.672,-2.779,0.198,32.10
2026-02-12 18:23:26.135,698.000,0.315918,0.502197,-0.777588,1.672,-2.763,0.519,32.25
2026-02-12 18:23:26.235,698.100,0.316650,0.502197,-0.781982,1.626,-2.847,0.000,32.20
2026-02-12 18:23:26.335,698.200,0.319092,0.502930,-0.785889,1.672,-2.771,0.122,32.00
2026-02-12 18:23:26.435,698.300,0.315918,0.506104,-0.774414,1.779,-3.038,0.099,32.20
2026-02-12 18:23:26.535,698.400,0.319336,0.506592,-0.784912,1.534,-3.015,0.527,32.29
2026-02-12 18:23:26.635,698.500,0.314941,0.509033,-0.778076,1.763,-2.740,0.313,32.25
2026-02-12 18:23:26.735,698.600,0.313965,0.506348,-0.788086,1.885,-2.939,0.298,32.10
2026-02-12 18:23:26.835,698.700,0.315186,0.506836,-0.779053,1.840,-2.924,0.366,32.20
2026-02-12 18:23:26.935,698.800,0.313721,0.503906,-0.788330,1.649,-2.855,0.260,32.29
2026-02-12 18:23:27.035,698.900,0.318115,0.507568,-0.780518,1.924,-3.000,0.473,32.39
2026-02-12 18:23:27.135,699.000,0.319092,0.503174,-0.785400,1.969,-3.000,0.389,32.29
2026-02-12 18:23:27.235,699.100,0.316895,0.503906,-0.781006,1.786,-2.962,0.198,32.29
2026-02-12 18:23:27.335,699.200,0.315918,0.506592,-0.780762,1.626,-2.603,-0.160,32.20
2026-02-12 18:23:27.435,699.300,0.314453,0.505859,-0.785645,1.840,-3.000,0.244,32.44
2026-02-12 18:23:27.535,699.400,0.314453,0.507812,-0.786377,1.588,-2.855,0.336,32.10
2026-02-12 18:23:27.635,699.500,0.316650,0.504639,-0.781494,1.702,-2.824,0.191,32.20
2026-02-12 18:23:27.735,699.600,0.319336,0.502930,-0.780029,1.840,-2.855,0.137,32.39
2026-02-12 18:23:27.835,699.700,0.315674,0.505859,-0.778076,1.763,-2.977,0.328,32.25
2026-02-12 18:23:27.935,699.800,0.319580,0.507812,-0.783447,1.679,-2.786,0.366,32.59
2026-02-12 18:23:28.035,699.900,0.317627,0.507568,-0.779297,1.595,-2.855,0.359,32.39
2026-02-12 18:23:28.135,700.000,0.318359,0.507568,-0.782959,1.763,-2.626,0.527,32.39
2026-02-12 18:23:28.235,700.100,0.319336,0.507324,-0.784912,1.779,-2.878,0.458,32.25
2026-02-12 18:23:28.335,700.200,0.313965,0.502197,-0.774658,1.695,-2.809,0.061,32.20
2026-02-12 18:23:28.435,700.300,0.319336,0.507568,-0.780762,1.740,-2.794,-0.015,32.39
2026-02-12 18:23:28.535,700.400,0.315674,0.504150,-0.784424,1.740,-2.908,0.183,32.29
2026-02-12 18:23:28.635,700.500,0.318604,0.504639,-0.783203,2.000,-2.756,0.282,32.39
2026-02-12 18:23:28.735,700.600,0.319092,0.503174,-0.777832,1.901,-3.122,0.527,32.10
2026-02-12 18:23:28.835,700.700,0.316895,0.507812,-0.778076,1.695,-2.939,0.450,32.20
2026-02-12 18:23:28.935,700.800,0.317139,0.505859,-0.784668,2.031,-2.901,0.580,32.39
2026-02-12 18:23:29.035,700.900,0.313965,0.507568,-0.780518,1.809,-2.962,0.641,32.25
2026-02-12 18:23:29.135,701.000,0.320557,0.501709,-0.780518,1.603,-2.855,0.069,32.20
2026-02-12 18:23:29.235,701.100,0.318359,0.504883,-0.779541,1.756,-2.908,0.038,32.29
2026-02-12 18:23:29.335,701.200,0.320557,0.506348,-0.783447,1.779,-2.725,0.527,32.25
2026-02-12 18:23:29.435,701.300,0.312500,0.506104,-0.773438,1.603,-2.748,0.427,32.39
2026-02-12 18:23:29.535,701.400,0.316650,0.503174,-0.782227,1.641,-2.618,0.176,32.10
2026-02-12 18:23:29.635,701.500,0.317383,0.507324,-0.781250,1.901,-2.740,0.427,32.44
2026-02-12 18:23:29.735,701.600,0.319336,0.508057,-0.781006,1.679,-2.878,0.405,32.10
2026-02-12 18:23:29.835,701.700,0.315430,0.504883,-0.782471,2.038,-2.969,0.443,32.20
2026-02-12 18:23:29.935,701.800,0.314209,0.505859,-0.783203,1.656,-2.687,0.550,32.20
2026-02-12 18:23:30.035,701.900,0.318359,0.498047,-0.785400,1.641,-2.626,0.359,32.59
2026-02-12 18:23:30.135,702.000,0.318848,0.505859,-0.779785,1.656,-2.733,-0.046,32.29
2026-02-12 18:23:30.235,702.100,0.317871,0.503906,-0.779541,1.618,-2.756,0.168,32.20
2026-02-12 18:23:30.335,702.200,0.317871,0.508545,-0.779541,1.519,-2.702,0.466,32.44
2026-02-12 18:23:30.435,702.300,0.317871,0.504639,-0.773682,1.779,-2.832,0.275,32.10
2026-02-12 18:23:30.535,702.400,0.315918,0.507812,-0.784424,1.618,-2.908,0.305,32.29
2026-02-12 18:23:30.635,702.500,0.320068,0.505615,-0.781494,1.748,-2.771,0.076,32.20
2026-02-12 18:23:30.735,702.600,0.315430,0.504150,-0.777344,1.641,-2.718,0.122,32.20
2026-02-12 18:23:30.835,702.700,0.313965,0.504395,-0.781494,1.763,-2.870,0.298,32.39
2026-02-12 18:23:30.935,702.800,0.317627,0.505859,-0.782715,1.611,-2.908,0.260,32.25
2026-02-12 18:23:31.035,702.900,0.320801,0.505859,-0.782715,1.672,-2.626,0.176,32.20
2026-02-12 18:23:31.135,703.000,0.319092,0.507080,-0.780273,1.756,-2.870,0.275,32.10
2026-02-12 18:23:31.235,703.100,0.316162,0.504883,-0.784668,1.542,-2.802,0.275,32.29
2026-02-12 18:23:31.335,703.200,0.315430,0.507812,-0.791016,1.718,-2.924,0.397,32.29
2026-02-12 18:23:31.435,703.300,0.320801,0.505127,-0.783936,1.412,-3.084,0.527,32.25
2026-02-12 18:23:31.535,703.400,0.316895,0.503906,-0.783447,1.527,-3.008,0.168,32.05
2026-02-12 18:23:31.635,703.500,0.316406,0.505371,-0.783936,1.718,-2.748,0.519,32.25
2026-02-12 18:23:31.735,703.600,0.318115,0.503906,-0.784912,1.672,-3.298,0.550,32.25
2026-02-12 18:23:31.835,703.700,0.319092,0.507080,-0.779541,1.710,-2.504,0.275,32.25
2026-02-12 18:23:31.935,703.800,0.313721,0.511719,-0.777344,1.580,-2.626,0.260,32.39
2026-02-12 18:23:32.035,703.900,0.320068,0.505371,-0.785156,1.664,-3.046,0.450,32.39
2026-02-12 18:23:32.135,704.000,0.315430,0.504150,-0.785156,1.916,-2.992,0.267,32.25
2026-02-12 18:23:32.235,704.100,0.317871,0.510010,-0.778076,1.489,-2.847,0.282,32.20
2026-02-12 18:23:32.335,704.200,0.316895,0.506836,-0.780273,1.718,-2.947,0.374,32.39
2026-02-12 18:23:32.435,704.300,0.316162,0.506104,-0.780518,1.824,-3.061,0.290,32.10
2026-02-12 18:23:32.535,704.400,0.318604,0.508545,-0.778809,1.588,-3.176,0.374,32.29
2026-02-12 18:23:32.635,704.500,0.316650,0.505615,-0.777832,1.779,-2.870,0.595,32.05
2026-02-12 18:23:32.735,704.600,0.318848,0.507080,-0.779297,1.779,-2.542,0.366,32.25
2026-02-12 18:23:32.835,704.700,0.318848,0.508301,-0.781494,1.756,-2.710,0.183,32.39
2026-02-12 18:23:32.935,704.800,0.316162,0.502441,-0.783691,1.687,-2.802,0.168,32.20
2026-02-12 18:23:33.035,704.900,0.315918,0.502686,-0.781250,1.397,-3.031,0.130,32.25
2026-02-12 18:23:33.135,705.000,0.315674,0.505615,-0.780762,1.985,-2.802,0.580,32.44
2026-02-12 18:23:33.235,705.100,0.322021,0.501953,-0.785645,1.763,-2.756,0.252,32.10
2026-02-12 18:23:33.335,705.200,0.319092,0.500732,-0.786621,1.779,-3.122,0.107,32.25
2026-02-12 18:23:33.435,705.300,0.317871,0.505859,-0.785645,1.740,-2.786,0.244,32.29
2026-02-12 18:23:33.535,705.400,0.318115,0.504395,-0.777344,1.725,-2.847,-0.008,32.20
2026-02-12 18:23:33.635,705.500,0.321045,0.507812,-0.786377,2.076,-2.817,0.389,32.29
2026-02-12 18:23:33.735,705.600,0.315918,0.502441,-0.782471,1.756,-2.878,0.336,32.25
2026-02-12 18:23:33.835,705.700,0.316895,0.506348,-0.781982,1.733,-3.099,0.305,32.39
2026-02-12 18:23:33.935,705.800,0.318848,0.506836,-0.787598,1.626,-2.908,0.450,32.25
2026-02-12 18:23:34.035,705.900,0.321289,0.504639,-0.783447,1.565,-2.885,0.328,32.25
2026-02-12 18:23:34.135,706.000,0.314697,0.506592,-0.783691,1.435,-2.954,0.198,32.05
2026-02-12 18:23:34.235,706.100,0.317627,0.505859,-0.782471,1.885,-2.786,0.603,32.20
2026-02-12 18:23:34.335,706.200,0.318359,0.503662,-0.781982,1.840,-2.786,0.382,32.29
2026-02-12 18:23:34.435,706.300,0.318604,0.502930,-0.786865,1.847,-2.748,0.443,32.39
2026-02-12 18:23:34.535,706.400,0.317139,0.505127,-0.790527,1.710,-2.656,0.305,32.10
2026-02-12 18:23:34.635,706.500,0.319336,0.503906,-0.782471,1.786,-3.015,0.260,32.29
2026-02-12 18:23:34.735,706.600,0.317871,0.504639,-0.779785,1.580,-2.954,0.275,32.25
2026-02-12 18:23:34.835,706.700,0.320801,0.505371,-0.785645,1.710,-2.947,0.557,32.29
2026-02-12 18:23:34.935,706.800,0.313721,0.506104,-0.776367,1.748,-2.649,0.405,32.10
2026-02-12 18:23:35.035,706.900,0.317383,0.504150,-0.781982,1.611,-2.733,0.115,32.29
2026-02-12 18:23:35.135,707.000,0.318115,0.502197,-0.783447,1.672,-2.901,0.061,32.29
2026-02-12 18:23:35.235,707.100,0.315430,0.504639,-0.779785,1.656,-2.916,0.176,32.20
2026-02-12 18:23:35.335,707.200,0.315674,0.508057,-0.784668,1.916,-2.931,0.038,32.44
2026-02-12 18:23:35.435,707.300,0.322266,0.503906,-0.782715,1.817,-2.832,0.366,32.20
2026-02-12 18:23:35.535,707.400,0.318604,0.505127,-0.785889,1.748,-2.756,-0.031,32.20
2026-02-12 18:23:35.635,707.500,0.319824,0.503906,-0.776855,1.687,-2.664,0.466,32.29
2026-02-12 18:23:35.735,707.600,0.317627,0.504150,-0.789307,1.519,-2.718,0.336,32.25
2026-02-12 18:23:35.835,707.700,0.317627,0.506104,-0.776367,1.672,-3.015,0.198,32.25
2026-02-12 18:23:35.935,707.800,0.317383,0.504883,-0.781006,1.656,-2.611,0.412,32.25
2026-02-12 18:23:36.035,707.900,0.312500,0.505615,-0.782471,1.672,-2.847,0.298,32.20
2026-02-12 18:23:36.135,708.000,0.320557,0.507080,-0.780518,1.557,-3.137,0.221,32.29
2026-02-12 18:23:36.235,708.100,0.316406,0.506592,-0.782715,2.015,-2.672,0.221,32.64
2026-02-12 18:23:36.335,708.200,0.317871,0.506836,-0.786865,1.656,-2.786,0.000,32.10
2026-02-12 18:23:36.435,708.300,0.317871,0.505127,-0.780762,1.557,-3.000,0.458,32.25
2026-02-12 18:23:36.535,708.400,0.316650,0.503662,-0.785400,1.580,-2.779,0.466,32.10
2026-02-12 18:23:36.635,708.500,0.318604,0.506592,-0.785889,1.725,-3.046,0.573,32.05
2026-02-12 18:23:36.735,708.600,0.316895,0.507080,-0.781006,1.534,-2.870,0.519,32.25
2026-02-12 18:23:36.835,708.700,0.321045,0.505371,-0.786377,1.557,-2.664,0.092,32.29
2026-02-12 18:23:36.935,708.800,0.320801,0.502441,-0.783447,1.740,-3.023,0.282,32.29
2026-02-12 18:23:37.035,708.900,0.322021,0.503662,-0.782471,1.893,-2.779,0.557,32.44
2026-02-12 18:23:37.135,709.000,0.316406,0.504395,-0.785889,1.771,-2.954,0.198,32.29
2026-02-12 18:23:37.235,709.100,0.320801,0.503418,-0.784424,1.809,-2.656,0.504,32.39
2026-02-12 18:23:37.335,709.200,0.315186,0.508789,-0.785400,1.802,-2.794,0.496,32.25
2026-02-12 18:23:37.435,709.300,0.316406,0.501709,-0.781494,1.634,-2.977,0.130,32.10
2026-02-12 18:23:37.535,709.400,0.318604,0.505615,-0.785156,1.489,-2.954,0.305,32.44
2026-02-12 18:23:37.635,709.500,0.318604,0.504150,-0.779297,1.687,-2.885,0.458,32.54
2026-02-12 18:23:37.735,709.600,0.317383,0.501953,-0.780518,1.427,-2.794,0.397,32.39
2026-02-12 18:23:37.835,709.700,0.319580,0.505127,-0.775879,1.756,-2.740,0.122,32.39
2026-02-12 18:23:37.935,709.800,0.317627,0.503906,-0.777832,1.817,-2.809,0.290,32.05
2026-02-12 18:23:38.035,709.900,0.313965,0.505127,-0.786865,1.435,-2.794,0.160,32.00
2026-02-12 18:23:38.135,710.000,0.320801,0.506104,-0.778809,1.687,-2.832,0.305,32.64
2026-02-12 18:23:38.235,710.100,0.318115,0.507324,-0.784180,1.885,-2.847,0.282,32.25
2026-02-12 18:23:38.335,710.200,0.316162,0.506348,-0.779297,1.565,-3.031,0.214,32.20
2026-02-12 18:23:38.435,710.300,0.317871,0.504639,-0.782959,1.550,-2.740,0.252,32.25
2026-02-12 18:23:38.535,710.400,0.312256,0.504883,-0.781250,1.649,-2.740,0.198,32.54
2026-02-12 18:23:38.635,710.500,0.319824,0.502686,-0.778076,1.863,-2.916,0.382,32.29
2026-02-12 18:23:38.735,710.600,0.318604,0.508789,-0.781738,1.748,-2.969,0.344,32.39
2026-02-12 18:23:38.835,710.700,0.317627,0.508057,-0.785889,1.908,-2.870,0.420,32.10
2026-02-12 18:23:38.935,710.800,0.316895,0.503418,-0.782715,1.489,-2.725,0.527,32.64
2026-02-12 18:23:39.035,710.900,0.313477,0.505127,-0.784424,1.588,-3.237,0.298,32.44
2026-02-12 18:23:39.135,711.000,0.321045,0.502686,-0.776611,1.794,-3.023,0.298,32.54
2026-02-12 18:23:39.235,711.100,0.315918,0.505371,-0.780273,1.664,-2.802,0.046,31.85
2026-02-12 18:23:39.335,711.200,0.320557,0.502686,-0.780762,1.656,-3.115,-0.061,32.44
2026-02-12 18:23:39.435,711.300,0.314453,0.504883,-0.778809,1.802,-2.969,0.427,32.54
2026-02-12 18:23:39.535,711.400,0.316650,0.505371,-0.785400,1.954,-2.916,0.084,32.54
2026-02-12 18:23:39.635,711.500,0.314941,0.506104,-0.780273,1.573,-2.992,0.206,32.29
2026-02-12 18:23:39.735,711.600,0.318115,0.505859,-0.775391,1.763,-2.817,0.481,32.29
2026-02-12 18:23:39.835,711.700,0.315186,0.509033,-0.784180,1.618,-3.084,0.450,32.54
2026-02-12 18:23:39.935,711.800,0.314209,0.505371,-0.781006,1.763,-2.824,0.221,32.20
2026-02-12 18:23:40.035,711.900,0.320557,0.504639,-0.781250,1.802,-2.519,0.542,32.25
2026-02-12 18:23:40.135,712.000,0.316895,0.505615,-0.780273,1.565,-2.939,0.611,32.25
2026-02-12 18:23:40.235,712.100,0.315674,0.504395,-0.781494,1.634,-2.824,0.351,32.00
2026-02-12 18:23:40.335,712.200,0.317383,0.505127,-0.782227,1.710,-2.840,0.069,32.29
2026-02-12 18:23:40.435,712.300,0.316895,0.507568,-0.780518,1.435,-2.855,0.336,32.54
2026-02-12 18:23:40.535,712.400,0.316406,0.507812,-0.784180,1.710,-3.008,0.145,32.25
2026-02-12 18:23:40.635,712.500,0.319092,0.503662,-0.781006,1.863,-2.840,0.137,32.25
2026-02-12 18:23:40.735,712.600,0.317139,0.508301,-0.783691,1.557,-2.901,0.405,32.25
2026-02-12 18:23:40.835,712.700,0.318115,0.503906,-0.782227,1.260,-2.847,0.435,32.20
2026-02-12 18:23:40.935,712.800,0.318848,0.504639,-0.778809,1.580,-2.901,0.015,32.00
2026-02-12 18:23:41.035,712.900,0.315430,0.510254,-0.781250,1.794,-2.901,0.168,32.20
2026-02-12 18:23:41.135,713.000,0.318115,0.505127,-0.780518,1.802,-2.878,0.580,32.29
2026-02-12 18:23:41.235,713.100,0.318359,0.505615,-0.783447,1.580,-2.634,0.160,32.10
2026-02-12 18:23:41.335,713.200,0.318604,0.504883,-0.784180,1.977,-2.924,0.031,32.29
2026-02-12 18:23:41.435,713.300,0.315918,0.509521,-0.783691,1.664,-2.618,0.260,32.20
2026-02-12 18:23:41.535,713.400,0.320312,0.507568,-0.781494,1.634,-2.832,0.435,32.20
2026-02-12 18:23:41.635,713.500,0.316162,0.506348,-0.781982,1.641,-2.779,0.344,32.20
2026-02-12 18:23:41.735,713.600,0.318604,0.506348,-0.779541,1.870,-3.015,0.420,32.39
2026-02-12 18:23:41.835,713.700,0.317871,0.507080,-0.779053,1.672,-2.786,0.275,32.29
2026-02-12 18:23:41.935,713.800,0.314941,0.507812,-0.777588,1.557,-2.855,0.359,32.20
2026-02-12 18:23:42.035,713.900,0.317627,0.505371,-0.784180,1.718,-2.870,0.076,32.29
2026-02-12 18:23:42.135,714.000,0.318848,0.501709,-0.789307,1.702,-2.924,0.298,32.29
2026-02-12 18:23:42.235,714.100,0.318115,0.504639,-0.782227,1.641,-2.840,-0.053,32.20
2026-02-12 18:23:42.335,714.200,0.321533,0.503662,-0.780762,1.443,-2.626,0.244,32.44
2026-02-12 18:23:42.435,714.300,0.320068,0.501221,-0.786865,1.504,-2.969,0.351,32.25
2026-02-12 18:23:42.535,714.400,0.318604,0.505127,-0.779541,1.702,-2.847,0.397,32.20
2026-02-12 18:23:42.635,714.500,0.316406,0.504883,-0.779541,1.763,-2.756,0.130,32.39
2026-02-12 18:23:42.735,714.600,0.320068,0.508545,-0.781494,1.802,-2.733,0.405,32.39
2026-02-12 18:23:42.835,714.700,0.312988,0.510010,-0.781494,1.603,-2.740,0.511,32.25
2026-02-12 18:23:42.935,714.800,0.315430,0.503174,-0.782715,1.664,-3.008,0.130,32.20
2026-02-12 18:23:43.035,714.900,0.316895,0.508057,-0.777344,1.687,-2.740,0.435,32.29
2026-02-12 18:23:43.135,715.000,0.317871,0.505859,-0.782227,1.603,-2.824,0.206,32.39
2026-02-12 18:23:43.235,715.100,0.321777,0.508057,-0.781250,1.740,-2.847,0.366,31.90
2026-02-12 18:23:43.335,715.200,0.318848,0.503906,-0.782715,1.908,-2.916,0.351,32.44
2026-02-12 18:23:43.435,715.300,0.317383,0.508789,-0.783203,1.656,-2.840,0.122,32.54
2026-02-12 18:23:43.535,715.400,0.321533,0.503418,-0.787354,1.557,-2.641,0.313,32.29
2026-02-12 18:23:43.635,715.500,0.315674,0.505859,-0.784912,1.672,-2.565,0.221,32.20
2026-02-12 18:23:43.735,715.600,0.314941,0.507080,-0.784424,1.588,-2.840,0.382,32.44
2026-02-12 18:23:43.835,715.700,0.316650,0.507080,-0.781494,1.733,-2.748,0.397,32.44
2026-02-12 18:23:43.935,715.800,0.316162,0.508789,-0.780762,1.802,-2.893,0.511,32.10
2026-02-12 18:23:44.035,715.900,0.318359,0.504150,-0.784668,2.008,-2.916,0.511,32.54
2026-02-12 18:23:44.135,716.000,0.317139,0.507080,-0.787598,1.885,-2.969,0.061,32.10
2026-02-12 18:23:44.235,716.100,0.318848,0.503906,-0.784180,1.718,-2.870,0.351,32.05
2026-02-12 18:23:44.335,716.200,0.317383,0.504395,-0.781738,1.824,-2.847,0.130,32.05
2026-02-12 18:23:44.435,716.300,0.318848,0.505615,-0.775879,1.405,-3.191,0.153,32.29
2026-02-12 18:23:44.535,716.400,0.314697,0.507324,-0.781006,1.985,-3.038,0.618,32.25
2026-02-12 18:23:44.635,716.500,0.317871,0.505371,-0.776367,1.786,-3.015,0.137,32.29
2026-02-12 18:23:44.735,716.600,0.321777,0.506104,-0.777344,1.336,-2.542,0.122,32.39
2026-02-12 18:23:44.835,716.700,0.319580,0.508301,-0.781982,1.771,-2.885,-0.092,32.39
2026-02-12 18:23:44.935,716.800,0.318359,0.503174,-0.781982,1.618,-2.847,0.519,32.20
2026-02-12 18:23:45.035,716.900,0.316895,0.506836,-0.783203,1.802,-2.855,0.443,31.90
2026-02-12 18:23:45.135,717.000,0.323730,0.507568,-0.785400,1.504,-2.962,0.206,32.00
2026-02-12 18:23:45.235,717.100,0.319580,0.506592,-0.785645,1.939,-2.664,0.588,32.39
2026-02-12 18:23:45.335,717.200,0.317383,0.507812,-0.785645,1.511,-2.962,0.267,32.44
2026-02-12 18:23:45.435,717.300,0.318115,0.505859,-0.781494,1.595,-2.763,0.107,32.20
2026-02-12 18:23:45.535,717.400,0.315674,0.506836,-0.785156,1.634,-2.641,-0.053,32.39
2026-02-12 18:23:45.635,717.500,0.319336,0.501465,-0.789062,1.366,-2.908,0.137,32.20
2026-02-12 18:23:45.735,717.600,0.319092,0.505615,-0.782227,1.748,-2.885,0.313,32.05
2026-02-12 18:23:45.835,717.700,0.317139,0.504883,-0.782227,1.756,-2.954,0.611,32.00
2026-02-12 18:23:45.935,717.800,0.315430,0.508057,-0.778809,1.458,-2.863,0.191,32.29
2026-02-12 18:23:46.035,717.900,0.318115,0.508545,-0.781006,1.603,-2.756,0.489,32.25
2026-02-12 18:23:46.135,718.000,0.314209,0.507812,-0.783691,1.672,-2.634,0.504,32.54
2026-02-12 18:23:46.235,718.100,0.314453,0.507080,-0.779541,1.649,-2.939,0.061,32.29
2026-02-12 18:23:46.335,718.200,0.318115,0.507812,-0.778809,1.794,-2.893,0.221,32.10
2026-02-12 18:23:46.435,718.300,0.318115,0.509033,-0.785889,1.725,-2.908,0.092,32.29
2026-02-12 18:23:46.535,718.400,0.318604,0.507324,-0.783936,1.710,-2.947,0.260,32.20
2026-02-12 18:23:46.635,718.500,0.318359,0.505859,-0.784668,1.733,-2.885,0.702,32.00
2026-02-12 18:23:46.735,718.600,0.318359,0.509277,-0.785156,1.504,-2.626,0.267,32.39
2026-02-12 18:23:46.835,718.700,0.316650,0.505859,-0.787109,1.802,-2.794,0.420,32.54
2026-02-12 18:23:46.935,718.800,0.318115,0.503418,-0.783936,1.740,-2.725,0.351,32.44
2026-02-12 18:23:47.035,718.900,0.316162,0.506348,-0.778320,1.740,-2.916,0.221,32.20
2026-02-12 18:23:47.135,719.000,0.314209,0.505859,-0.777100,1.649,-2.695,0.427,32.29
2026-02-12 18:23:47.235,719.100,0.319824,0.505859,-0.778320,1.580,-2.870,0.519,32.20
2026-02-12 18:23:47.335,719.200,0.317383,0.505859,-0.782227,1.649,-2.947,0.282,32.29
2026-02-12 18:23:47.435,719.300,0.313477,0.506836,-0.782227,1.847,-3.092,0.237,32.29
2026-02-12 18:23:47.535,719.400,0.313721,0.505127,-0.779053,1.733,-2.885,0.641,32.25
2026-02-12 18:23:47.635,719.500,0.320068,0.506104,-0.781250,1.771,-2.901,0.511,32.25
2026-02-12 18:23:47.735,719.600,0.321777,0.505615,-0.783203,1.809,-2.969,0.443,32.29
2026-02-12 18:23:47.835,719.700,0.320068,0.500488,-0.781494,1.802,-3.046,0.481,32.29
2026-02-12 18:23:47.935,719.800,0.316406,0.504883,-0.783691,1.740,-2.740,0.489,32.29
2026-02-12 18:23:48.035,719.900,0.314941,0.506592,-0.785400,1.794,-2.947,0.130,32.39
2026-02-12 18:23:48.135,720.000,0.314941,0.507080,-0.785156,1.794,-2.901,0.275,32.25
2026-02-12 18:23:48.235,720.100,0.318115,0.506836,-0.777100,1.603,-3.229,0.130,32.44
2026-02-12 18:23:48.335,720.200,0.317139,0.508545,-0.787354,1.679,-2.885,0.473,32.10
2026-02-12 18:23:48.435,720.300,0.319824,0.507080,-0.782471,1.527,-2.664,-0.168,32.20
2026-02-12 18:23:48.535,720.400,0.316650,0.503662,-0.782227,1.496,-2.794,0.267,32.29
2026-02-12 18:23:48.635,720.500,0.317383,0.503418,-0.783936,1.664,-3.015,0.496,32.29
2026-02-12 18:23:48.735,720.600,0.315430,0.504639,-0.789062,1.824,-2.824,0.061,32.25
2026-02-12 18:23:48.835,720.700,0.315186,0.509766,-0.784424,1.618,-2.519,0.450,32.20
2026-02-12 18:23:48.935,720.800,0.318115,0.504395,-0.779053,1.756,-2.985,0.298,32.20
2026-02-12 18:23:49.035,720.900,0.318115,0.507080,-0.783203,1.435,-2.885,0.160,32.05
2026-02-12 18:23:49.135,721.000,0.317871,0.504395,-0.786377,1.580,-3.000,0.420,32.20
2026-02-12 18:23:49.235,721.100,0.318604,0.508057,-0.785645,1.679,-2.786,0.099,32.29
2026-02-12 18:23:49.335,721.200,0.320312,0.505371,-0.782227,1.863,-2.931,0.382,32.20
2026-02-12 18:23:49.435,721.300,0.315430,0.505371,-0.781982,1.580,-2.885,0.122,32.29
2026-02-12 18:23:49.535,721.400,0.320312,0.507324,-0.779297,1.718,-2.901,0.366,32.10
2026-02-12 18:23:49.635,721.500,0.318604,0.508301,-0.779053,2.015,-2.824,0.443,32.29
2026-02-12 18:23:49.735,721.600,0.316895,0.502930,-0.780762,1.603,-2.771,0.115,32.39
2026-02-12 18:23:49.835,721.700,0.318359,0.506104,-0.782959,1.756,-2.824,0.229,32.20
2026-02-12 18:23:49.935,721.800,0.313477,0.508789,-0.785400,1.725,-2.840,0.237,32.54
2026-02-12 18:23:50.035,721.900,0.320557,0.507812,-0.779785,1.542,-2.962,-0.031,32.25
2026-02-12 18:23:50.135,722.000,0.318604,0.503418,-0.779785,1.786,-2.595,0.252,32.20
2026-02-12 18:23:50.235,722.100,0.318359,0.505371,-0.781006,1.527,-2.756,0.450,32.10
2026-02-12 18:23:50.335,722.200,0.317627,0.504883,-0.778564,1.634,-2.885,0.191,32.25
2026-02-12 18:23:50.435,722.300,0.317139,0.507568,-0.780518,1.740,-3.000,0.344,32.29
2026-02-12 18:23:50.535,722.400,0.318115,0.508301,-0.784912,1.580,-2.756,0.046,32.44
2026-02-12 18:23:50.635,722.500,0.317871,0.505859,-0.782959,1.542,-2.710,0.137,32.39
2026-02-12 18:23:50.735,722.600,0.317627,0.504883,-0.783447,1.824,-2.901,0.176,32.20
2026-02-12 18:23:50.835,722.700,0.319824,0.506348,-0.779053,1.756,-3.023,0.450,32.10
2026-02-12 18:23:50.935,722.800,0.319092,0.507568,-0.782715,1.809,-2.992,0.298,32.20
2026-02-12 18:23:51.035,722.900,0.318848,0.504395,-0.781006,1.710,-2.710,0.443,32.10
2026-02-12 18:23:51.135,723.000,0.314453,0.501953,-0.788086,1.519,-2.885,0.321,32.05
2026-02-12 18:23:51.235,723.100,0.319092,0.507568,-0.778809,1.756,-2.992,0.557,32.39
2026-02-12 18:23:51.335,723.200,0.318115,0.505371,-0.786133,1.679,-2.901,0.305,32.25
2026-02-12 18:23:51.435,723.300,0.318848,0.507812,-0.784424,1.695,-2.710,0.290,32.25
2026-02-12 18:23:51.535,723.400,0.318115,0.502930,-0.781494,1.786,-3.061,0.305,32.59
2026-02-12 18:23:51.635,723.500,0.315430,0.506348,-0.785400,2.046,-3.130,0.267,32.10
2026-02-12 18:23:51.735,723.600,0.318848,0.504883,-0.782227,1.595,-2.992,0.374,32.05
2026-02-12 18:23:51.835,723.700,0.317871,0.503174,-0.781738,1.603,-2.924,0.107,32.44
2026-02-12 18:23:51.935,723.800,0.320312,0.506592,-0.782715,1.901,-3.031,0.015,32.59
2026-02-12 18:23:52.035,723.900,0.314209,0.504639,-0.782715,1.718,-2.969,0.153,32.44
2026-02-12 18:23:52.135,724.000,0.314941,0.506836,-0.777832,1.794,-3.046,0.351,32.39
2026-02-12 18:23:52.235,724.100,0.322021,0.510742,-0.782959,1.481,-2.611,0.351,32.10
2026-02-12 18:23:52.335,724.200,0.316895,0.504639,-0.786133,1.885,-2.969,0.145,32.74
2026-02-12 18:23:52.435,724.300,0.314697,0.506836,-0.789795,1.679,-2.969,0.382,32.59
2026-02-12 18:23:52.535,724.400,0.319580,0.506836,-0.780029,1.710,-2.878,0.725,32.39
2026-02-12 18:23:52.635,724.500,0.319580,0.508545,-0.781006,1.718,-3.084,0.527,32.20
2026-02-12 18:23:52.735,724.600,0.319580,0.502930,-0.782227,1.863,-2.802,0.344,32.20
2026-02-12 18:23:52.835,724.700,0.318604,0.503906,-0.782959,1.626,-2.756,0.168,32.44
2026-02-12 18:23:52.935,724.800,0.317139,0.503906,-0.778809,1.603,-2.908,0.344,32.39
2026-02-12 18:23:53.035,724.900,0.320068,0.504395,-0.785645,1.405,-2.885,0.290,32.44
2026-02-12 18:23:53.135,725.000,0.321289,0.505371,-0.782227,1.679,-2.985,0.252,32.44
2026-02-12 18:23:53.235,725.100,0.318115,0.501953,-0.782715,1.550,-2.870,0.374,32.29
2026-02-12 18:23:53.335,725.200,0.319824,0.505615,-0.779297,1.573,-2.863,0.038,32.20
2026-02-12 18:23:53.435,725.300,0.322021,0.502930,-0.777832,1.756,-3.053,0.053,32.20
2026-02-12 18:23:53.535,725.400,0.318359,0.509521,-0.785400,1.718,-2.947,0.092,32.44
2026-02-12 18:23:53.635,725.500,0.316162,0.505615,-0.784668,1.580,-2.542,0.588,32.20
2026-02-12 18:23:53.735,725.600,0.317871,0.504639,-0.782959,1.458,-2.595,0.336,32.10
2026-02-12 18:23:53.835,725.700,0.314453,0.501709,-0.784912,1.634,-2.618,0.031,32.54
2026-02-12 18:23:53.935,725.800,0.316895,0.507812,-0.781738,1.847,-2.931,0.443,32.25
2026-02-12 18:23:54.035,725.900,0.321289,0.507080,-0.780518,1.573,-2.924,0.099,32.20
2026-02-12 18:23:54.135,726.000,0.316406,0.502930,-0.780273,1.847,-2.733,0.321,32.10
2026-02-12 18:23:54.235,726.100,0.320801,0.506348,-0.778076,1.527,-2.718,0.328,32.29
2026-02-12 18:23:54.335,726.200,0.315430,0.500977,-0.781738,1.649,-2.824,0.198,32.20
2026-02-12 18:23:54.435,726.300,0.316406,0.503418,-0.784912,1.672,-2.847,0.221,32.44
2026-02-12 18:23:54.535,726.400,0.319580,0.508545,-0.791016,1.947,-3.107,0.267,32.10
2026-02-12 18:23:54.635,726.500,0.318848,0.507080,-0.785645,1.763,-2.794,0.160,32.59
2026-02-12 18:23:54.735,726.600,0.318115,0.505371,-0.785889,1.740,-2.725,0.191,32.44
2026-02-12 18:23:54.835,726.700,0.320068,0.509033,-0.782715,1.321,-2.779,0.153,32.20
2026-02-12 18:23:54.935,726.800,0.315674,0.503662,-0.777588,1.611,-2.863,0.282,32.29
2026-02-12 18:23:55.035,726.900,0.320312,0.504883,-0.785645,1.832,-2.847,0.496,32.00
2026-02-12 18:23:55.135,727.000,0.319336,0.506104,-0.778076,1.763,-2.908,0.366,32.20
2026-02-12 18:23:55.235,727.100,0.319336,0.508301,-0.782471,1.603,-2.824,0.206,32.00
2026-02-12 18:23:55.335,727.200,0.315674,0.505371,-0.782959,1.374,-3.015,0.359,32.25
2026-02-12 18:23:55.435,727.300,0.316895,0.510254,-0.782715,1.534,-2.832,0.252,32.29
2026-02-12 18:23:55.535,727.400,0.313477,0.503662,-0.787842,1.733,-2.573,0.252,32.29
2026-02-12 18:23:55.635,727.500,0.319580,0.504395,-0.782715,1.786,-2.924,0.214,32.05
2026-02-12 18:23:55.735,727.600,0.315918,0.506348,-0.783936,1.550,-2.969,0.435,32.00
2026-02-12 18:23:55.835,727.700,0.318848,0.510498,-0.783203,1.832,-2.779,0.252,32.54
2026-02-12 18:23:55.935,727.800,0.319824,0.506592,-0.780029,1.779,-2.908,0.580,32.10
2026-02-12 18:23:56.035,727.900,0.316895,0.503906,-0.782715,1.748,-2.740,0.221,32.25
2026-02-12 18:23:56.135,728.000,0.317383,0.502197,-0.779541,1.901,-2.840,0.198,32.25
2026-02-12 18:23:56.235,728.100,0.315674,0.505859,-0.784180,1.985,-2.962,0.160,32.25
2026-02-12 18:23:56.335,728.200,0.322754,0.503906,-0.780029,1.664,-3.076,0.053,32.20
2026-02-12 18:23:56.435,728.300,0.315186,0.508057,-0.784180,1.748,-2.840,0.412,32.10
2026-02-12 18:23:56.535,728.400,0.315918,0.504395,-0.783447,1.840,-2.763,0.115,32.44
2026-02-12 18:23:56.635,728.500,0.316895,0.507324,-0.780273,1.809,-2.916,0.176,32.44
2026-02-12 18:23:56.735,728.600,0.321289,0.502930,-0.780518,1.573,-2.809,0.351,32.00
2026-02-12 18:23:56.835,728.700,0.315918,0.509521,-0.777344,1.840,-2.977,0.191,32.44
2026-02-12 18:23:56.935,728.800,0.319092,0.500000,-0.780029,2.053,-3.000,0.382,32.29
2026-02-12 18:23:57.035,728.900,0.317139,0.506348,-0.776367,1.420,-2.656,0.321,32.54
2026-02-12 18:23:57.135,729.000,0.319580,0.506348,-0.783691,1.763,-2.840,0.351,32.29
2026-02-12 18:23:57.235,729.100,0.319824,0.501465,-0.779785,1.779,-2.885,0.244,32.25
2026-02-12 18:23:57.335,729.200,0.323486,0.505859,-0.780273,1.718,-2.718,0.038,32.20
2026-02-12 18:23:57.435,729.300,0.320068,0.503174,-0.785156,1.634,-2.924,0.053,32.20
2026-02-12 18:23:57.535,729.400,0.319092,0.507812,-0.780762,1.786,-2.855,0.443,32.39
2026-02-12 18:23:57.635,729.500,0.314941,0.500977,-0.780029,1.809,-2.740,0.565,32.39
2026-02-12 18:23:57.735,729.600,0.317139,0.504395,-0.783691,1.794,-2.748,0.298,32.44
2026-02-12 18:23:57.835,729.700,0.315918,0.504639,-0.781982,1.641,-2.595,0.130,32.29
2026-02-12 18:23:57.935,729.800,0.316895,0.504639,-0.784912,1.885,-2.908,0.412,32.64
2026-02-12 18:23:58.035,729.900,0.319092,0.504883,-0.785156,1.695,-2.748,0.542,32.25
2026-02-12 18:23:58.135,730.000,0.318604,0.504150,-0.782227,1.947,-2.969,0.237,32.29
2026-02-12 18:23:58.235,730.100,0.321777,0.506104,-0.782227,1.656,-2.893,0.557,32.39
2026-02-12 18:23:58.335,730.200,0.319336,0.506592,-0.785645,1.557,-2.611,0.290,32.20
2026-02-12 18:23:58.435,730.300,0.320068,0.504150,-0.783691,1.672,-2.893,0.595,32.25
2026-02-12 18:23:58.535,730.400,0.317139,0.507080,-0.786133,1.725,-2.954,0.275,32.29
2026-02-12 18:23:58.635,730.500,0.318359,0.505859,-0.780029,1.687,-2.763,0.260,32.25
2026-02-12 18:23:58.735,730.600,0.320312,0.500732,-0.785889,1.824,-2.603,0.489,32.20
2026-02-12 18:23:58.835,730.700,0.321289,0.505371,-0.776855,2.076,-2.863,0.595,32.25
2026-02-12 18:23:58.935,730.800,0.315674,0.507080,-0.782959,1.511,-2.817,0.359,32.10
2026-02-12 18:23:59.035,730.900,0.321533,0.506836,-0.780518,1.885,-2.817,0.382,32.39
2026-02-12 18:23:59.135,731.000,0.318604,0.501465,-0.782471,1.832,-2.802,0.160,32.59
2026-02-12 18:23:59.235,731.100,0.318359,0.506348,-0.779297,1.824,-2.870,0.397,32.00
2026-02-12 18:23:59.335,731.200,0.314941,0.505615,-0.785156,1.664,-2.771,0.046,32.20
2026-02-12 18:23:59.435,731.300,0.315430,0.504150,-0.778076,1.779,-2.786,0.359,32.39
2026-02-12 18:23:59.535,731.400,0.316162,0.503662,-0.780273,1.672,-2.626,0.115,32.20
2026-02-12 18:23:59.635,731.500,0.318848,0.504395,-0.784180,1.450,-2.947,0.244,32.25
2026-02-12 18:23:59.735,731.600,0.319580,0.507324,-0.782715,1.542,-3.000,0.214,32.44
2026-02-12 18:23:59.835,731.700,0.318604,0.508301,-0.776367,1.824,-2.847,0.313,32.29
2026-02-12 18:23:59.935,731.800,0.317139,0.505859,-0.781006,1.763,-2.641,0.176,32.39
2026-02-12 18:24:00.035,731.900,0.318604,0.507080,-0.782715,1.908,-3.153,0.382,32.59
2026-02-12 18:24:00.135,732.000,0.318604,0.503174,-0.784912,1.664,-2.817,0.511,32.44
2026-02-12 18:24:00.235,732.100,0.318115,0.505615,-0.776367,1.756,-2.977,0.206,32.25
2026-02-12 18:24:00.335,732.200,0.317871,0.503418,-0.781006,1.519,-2.763,-0.084,32.29
2026-02-12 18:24:00.435,732.300,0.316895,0.506836,-0.782959,1.855,-2.954,0.198,32.44
2026-02-12 18:24:00.535,732.400,0.318848,0.506104,-0.779541,2.038,-2.962,0.084,32.00
2026-02-12 18:24:00.635,732.500,0.319824,0.506592,-0.777100,1.351,-3.046,0.122,32.20
2026-02-12 18:24:00.735,732.600,0.318115,0.506836,-0.789062,1.595,-2.511,0.252,32.29
2026-02-12 18:24:00.835,732.700,0.322266,0.506348,-0.780518,1.664,-2.756,0.229,32.20
2026-02-12 18:24:00.935,732.800,0.321289,0.502197,-0.787842,1.733,-2.679,0.267,32.00
2026-02-12 18:24:01.035,732.900,0.316406,0.502441,-0.777344,1.740,-2.992,0.198,32.29
2026-02-12 18:24:01.135,733.000,0.322754,0.508301,-0.782471,1.725,-2.603,0.527,32.25
2026-02-12 18:24:01.235,733.100,0.315674,0.507812,-0.781982,1.748,-2.985,0.038,32.20
2026-02-12 18:24:01.335,733.200,0.321289,0.504639,-0.777588,1.458,-3.168,0.550,32.10
2026-02-12 18:24:01.435,733.300,0.318848,0.504639,-0.780518,1.611,-2.771,0.420,32.10
2026-02-12 18:24:01.535,733.400,0.315674,0.501221,-0.780273,1.725,-3.183,0.405,32.64
2026-02-12 18:24:01.635,733.500,0.317139,0.504395,-0.777832,1.611,-2.939,0.412,32.25
2026-02-12 18:24:01.735,733.600,0.317383,0.508057,-0.777588,1.824,-3.084,0.198,32.54
2026-02-12 18:24:01.835,733.700,0.319336,0.503662,-0.777588,1.954,-2.893,0.344,32.29
2026-02-12 18:24:01.935,733.800,0.315430,0.504883,-0.778564,2.015,-2.939,0.359,32.39
2026-02-12 18:24:02.035,733.900,0.315430,0.505371,-0.785400,1.771,-2.771,0.214,32.44
2026-02-12 18:24:02.135,734.000,0.319092,0.505127,-0.780518,1.656,-2.824,0.031,32.39
2026-02-12 18:24:02.235,734.100,0.316895,0.508789,-0.780273,1.687,-2.908,0.275,32.25
2026-02-12 18:24:02.335,734.200,0.318848,0.505615,-0.783447,1.840,-2.947,0.504,32.44
2026-02-12 18:24:02.435,734.300,0.315186,0.507324,-0.778564,1.702,-2.832,0.183,32.29
2026-02-12 18:24:02.535,734.400,0.316895,0.509033,-0.786377,1.374,-2.931,0.260,32.54
2026-02-12 18:24:02.635,734.500,0.316162,0.504395,-0.783691,1.603,-2.847,0.550,32.25
2026-02-12 18:24:02.735,734.600,0.314209,0.507324,-0.781494,1.870,-2.893,0.191,32.25
2026-02-12 18:24:02.835,734.700,0.316895,0.504395,-0.781738,1.664,-2.931,0.496,32.29
2026-02-12 18:24:02.935,734.800,0.319092,0.507324,-0.785400,1.771,-3.153,0.229,32.39
2026-02-12 18:24:03.035,734.900,0.315430,0.504639,-0.781006,1.580,-2.817,0.260,32.25
2026-02-12 18:24:03.135,735.000,0.321045,0.509766,-0.778809,1.679,-3.031,0.374,32.44
2026-02-12 18:24:03.235,735.100,0.315430,0.504883,-0.783203,1.756,-3.168,0.244,32.20
2026-02-12 18:24:03.335,735.200,0.317383,0.505127,-0.780762,1.710,-2.885,0.412,32.29
2026-02-12 18:24:03.435,735.300,0.320312,0.501465,-0.782471,1.672,-2.885,0.183,32.54
2026-02-12 18:24:03.535,735.400,0.317139,0.504883,-0.784180,1.725,-2.870,0.427,32.39
2026-02-12 18:24:03.635,735.500,0.317383,0.506592,-0.783936,1.618,-2.939,0.450,32.10
2026-02-12 18:24:03.735,735.600,0.320801,0.503906,-0.778320,1.725,-2.992,0.275,32.20
2026-02-12 18:24:03.835,735.700,0.316406,0.505859,-0.783203,1.672,-3.008,0.405,32.29
2026-02-12 18:24:03.935,735.800,0.316895,0.504150,-0.787109,1.924,-2.588,0.313,32.25
2026-02-12 18:24:04.035,735.900,0.315674,0.504883,-0.782715,1.863,-2.794,0.214,32.54
2026-02-12 18:24:04.135,736.000,0.316895,0.507324,-0.783447,1.595,-2.931,0.183,32.29
2026-02-12 18:24:04.235,736.100,0.321777,0.503662,-0.783203,1.718,-2.931,0.214,32.10
2026-02-12 18:24:04.335,736.200,0.316650,0.502930,-0.785400,1.611,-2.931,0.183,32.29
2026-02-12 18:24:04.435,736.300,0.319580,0.505615,-0.784180,1.626,-2.786,0.084,32.39
2026-02-12 18:24:04.535,736.400,0.319092,0.504883,-0.783691,1.779,-2.985,0.420,32.29
2026-02-12 18:24:04.635,736.500,0.317871,0.501953,-0.779541,1.802,-3.099,0.069,32.20
2026-02-12 18:24:04.735,736.600,0.320068,0.508301,-0.783447,1.695,-2.779,0.229,32.54
2026-02-12 18:24:04.835,736.700,0.315430,0.507324,-0.779053,1.679,-2.947,0.130,32.59
2026-02-12 18:24:04.935,736.800,0.318359,0.503174,-0.785645,1.626,-2.939,0.374,32.25
2026-02-12 18:24:05.035,736.900,0.318359,0.504639,-0.781006,1.763,-2.969,0.107,32.25
2026-02-12 18:24:05.135,737.000,0.321533,0.506348,-0.781738,1.718,-2.641,0.557,32.39
2026-02-12 18:24:05.235,737.100,0.318359,0.502930,-0.783936,1.855,-3.031,0.313,32.59
2026-02-12 18:24:05.335,737.200,0.312988,0.506836,-0.780273,1.794,-2.809,0.237,32.54
2026-02-12 18:24:05.435,737.300,0.317139,0.502930,-0.776123,1.695,-2.931,0.427,32.25
2026-02-12 18:24:05.535,737.400,0.315186,0.506104,-0.780518,1.626,-3.008,0.336,32.25
2026-02-12 18:24:05.635,737.500,0.315674,0.505371,-0.787598,1.573,-2.802,-0.099,32.10
2026-02-12 18:24:05.735,737.600,0.316650,0.506348,-0.780273,1.664,-3.053,0.107,32.10
2026-02-12 18:24:05.835,737.700,0.318115,0.506836,-0.780029,1.695,-2.885,0.305,32.25
2026-02-12 18:24:05.935,737.800,0.319336,0.505371,-0.782959,1.756,-2.832,0.099,32.20
2026-02-12 18:24:06.035,737.900,0.315918,0.504150,-0.775635,1.595,-2.908,0.061,32.29
2026-02-12 18:24:06.135,738.000,0.316406,0.505859,-0.783936,1.733,-2.916,0.336,32.39
2026-02-12 18:24:06.235,738.100,0.315674,0.509033,-0.783203,1.931,-3.038,0.160,32.25
2026-02-12 18:24:06.335,738.200,0.317871,0.505127,-0.780762,1.992,-2.824,0.466,32.59
2026-02-12 18:24:06.435,738.300,0.318848,0.502930,-0.782471,2.023,-2.954,0.168,32.20
2026-02-12 18:24:06.535,738.400,0.319092,0.503906,-0.785889,1.779,-2.893,0.313,32.54
2026-02-12 18:24:06.635,738.500,0.317383,0.511475,-0.782227,1.603,-2.603,0.351,32.44
2026-02-12 18:24:06.735,738.600,0.315674,0.507812,-0.782959,1.901,-3.115,0.107,32.29
2026-02-12 18:24:06.835,738.700,0.320557,0.508057,-0.776855,1.710,-2.855,0.305,32.54
2026-02-12 18:24:06.935,738.800,0.314697,0.504395,-0.784668,1.672,-3.198,0.435,32.10
2026-02-12 18:24:07.035,738.900,0.314209,0.503418,-0.785156,1.481,-3.015,0.069,32.44
2026-02-12 18:24:07.135,739.000,0.320312,0.504150,-0.783447,1.748,-3.015,0.107,32.29
2026-02-12 18:24:07.235,739.100,0.315186,0.506104,-0.777832,1.748,-2.786,0.198,32.25
2026-02-12 18:24:07.335,739.200,0.318359,0.508057,-0.777344,1.771,-2.725,0.389,32.10
2026-02-12 18:24:07.435,739.300,0.316895,0.505127,-0.783447,2.069,-2.947,0.412,32.29
2026-02-12 18:24:07.535,739.400,0.316162,0.505127,-0.792236,1.595,-3.061,0.611,32.39
2026-02-12 18:24:07.635,739.500,0.318359,0.504395,-0.783936,1.542,-2.779,0.168,32.39
2026-02-12 18:24:07.735,739.600,0.318359,0.504150,-0.783936,1.664,-2.863,0.427,32.59
2026-02-12 18:24:07.835,739.700,0.313721,0.503906,-0.778564,1.679,-2.634,0.321,32.39
2026-02-12 18:24:07.935,739.800,0.315918,0.505615,-0.783936,1.580,-2.809,0.351,32.59
2026-02-12 18:24:08.035,739.900,0.317139,0.507568,-0.778809,1.496,-2.924,0.214,32.29
2026-02-12 18:24:08.135,740.000,0.316895,0.505127,-0.780762,1.931,-2.885,0.252,32.25
2026-02-12 18:24:08.235,740.100,0.316895,0.507080,-0.782227,1.687,-2.947,0.374,32.25
2026-02-12 18:24:08.335,740.200,0.313232,0.503662,-0.785156,1.847,-2.802,0.252,32.29
2026-02-12 18:24:08.435,740.300,0.318604,0.507324,-0.780029,1.550,-2.748,0.420,32.10
2026-02-12 18:24:08.535,740.400,0.316162,0.502197,-0.781982,1.809,-2.809,0.176,32.54
2026-02-12 18:24:08.635,740.500,0.322021,0.504395,-0.778076,1.771,-2.824,0.076,32.05
2026-02-12 18:24:08.735,740.600,0.318604,0.507568,-0.782959,1.840,-3.099,0.191,32.29
2026-02-12 18:24:08.835,740.700,0.318359,0.505371,-0.786865,1.656,-3.145,0.130,32.20
2026-02-12 18:24:08.935,740.800,0.314941,0.505371,-0.783447,1.733,-2.649,0.443,32.29
2026-02-12 18:24:09.035,740.900,0.315674,0.502441,-0.780518,2.069,-2.954,0.679,32.39
2026-02-12 18:24:09.135,741.000,0.318604,0.502686,-0.788086,1.763,-2.840,0.420,32.54
2026-02-12 18:24:09.235,741.100,0.319580,0.505859,-0.785645,1.878,-2.901,0.061,32.29
2026-02-12 18:24:09.335,741.200,0.319824,0.505859,-0.781494,1.870,-2.962,0.145,32.39
2026-02-12 18:24:09.435,741.300,0.317871,0.504395,-0.779297,1.710,-2.931,0.214,32.25
2026-02-12 18:24:09.535,741.400,0.316406,0.504150,-0.781982,1.687,-2.985,0.252,32.25
2026-02-12 18:24:09.635,741.500,0.317383,0.506348,-0.786621,2.023,-2.847,0.160,32.25
2026-02-12 18:24:09.735,741.600,0.317139,0.503174,-0.782227,1.725,-3.092,0.427,32.39
2026-02-12 18:24:09.835,741.700,0.312744,0.504883,-0.786865,1.588,-2.992,0.099,32.05
2026-02-12 18:24:09.935,741.800,0.317627,0.506592,-0.788086,1.603,-2.786,0.374,32.20
2026-02-12 18:24:10.035,741.900,0.320557,0.504639,-0.784668,1.641,-2.511,0.542,32.20
2026-02-12 18:24:10.135,742.000,0.320557,0.507080,-0.784668,1.557,-2.725,0.137,32.29
2026-02-12 18:24:10.235,742.100,0.314697,0.504883,-0.786377,1.534,-3.092,0.351,32.54
2026-02-12 18:24:10.335,742.200,0.316162,0.507568,-0.781738,1.473,-2.771,0.336,32.29
2026-02-12 18:24:10.435,742.300,0.317871,0.505127,-0.785156,1.573,-2.939,0.031,32.54
2026-02-12 18:24:10.535,742.400,0.317627,0.502930,-0.777832,1.580,-2.740,0.466,32.20
2026-02-12 18:24:10.635,742.500,0.318359,0.505127,-0.782959,1.580,-2.924,0.229,32.29
2026-02-12 18:24:10.735,742.600,0.313477,0.503662,-0.784180,1.649,-2.863,0.496,32.39
2026-02-12 18:24:10.835,742.700,0.315918,0.505859,-0.781982,1.473,-2.687,0.160,32.25
2026-02-12 18:24:10.935,742.800,0.318115,0.503174,-0.783203,1.763,-2.710,0.214,32.39
2026-02-12 18:24:11.035,742.900,0.319580,0.505615,-0.779541,1.672,-2.817,0.458,32.54
2026-02-12 18:24:11.135,743.000,0.316406,0.506104,-0.781738,1.603,-2.740,0.290,32.44
2026-02-12 18:24:11.235,743.100,0.322021,0.503174,-0.786377,1.771,-3.023,0.443,32.39
2026-02-12 18:24:11.335,743.200,0.317627,0.507812,-0.777344,1.511,-2.885,0.084,32.54
2026-02-12 18:24:11.435,743.300,0.322021,0.505127,-0.782471,2.000,-2.794,0.321,32.20
2026-02-12 18:24:11.535,743.400,0.314941,0.507568,-0.785400,1.687,-2.702,0.534,32.39
2026-02-12 18:24:11.635,743.500,0.317871,0.504639,-0.784668,1.702,-3.008,0.366,32.25
2026-02-12 18:24:11.735,743.600,0.317627,0.505615,-0.779785,1.740,-2.672,0.198,32.59
2026-02-12 18:24:11.835,743.700,0.317139,0.501953,-0.780762,1.840,-3.046,0.084,32.39
2026-02-12 18:24:11.935,743.800,0.320801,0.507568,-0.786621,1.527,-2.832,0.290,32.10
2026-02-12 18:24:12.035,743.900,0.317383,0.509521,-0.786377,1.588,-2.779,0.198,32.54
2026-02-12 18:24:12.135,744.000,0.317627,0.502197,-0.787354,1.695,-2.962,0.084,32.44
2026-02-12 18:24:12.235,744.100,0.318359,0.504395,-0.782471,1.695,-2.924,0.305,32.29
2026-02-12 18:24:12.335,744.200,0.319336,0.508057,-0.782227,1.710,-2.947,0.382,32.25
2026-02-12 18:24:12.435,744.300,0.317139,0.503662,-0.785400,1.550,-3.000,0.214,32.25
2026-02-12 18:24:12.535,744.400,0.314209,0.501221,-0.783447,1.527,-2.763,0.718,32.64
2026-02-12 18:24:12.635,744.500,0.315918,0.504639,-0.786865,1.725,-2.557,0.443,32.29
2026-02-12 18:24:12.735,744.600,0.319092,0.503662,-0.780762,1.656,-2.893,0.313,32.20
2026-02-12 18:24:12.835,744.700,0.318604,0.508545,-0.782471,1.756,-2.977,0.626,32.54
2026-02-12 18:24:12.935,744.800,0.321289,0.504883,-0.782959,1.725,-2.885,0.198,32.54
2026-02-12 18:24:13.035,744.900,0.316162,0.503906,-0.788330,1.756,-3.153,0.252,32.64
2026-02-12 18:24:13.135,745.000,0.315674,0.502197,-0.779785,1.489,-2.641,0.298,32.29
2026-02-12 18:24:13.235,745.100,0.317871,0.505859,-0.783447,1.481,-2.847,0.382,32.64
2026-02-12 18:24:13.335,745.200,0.316895,0.506592,-0.786621,1.672,-2.824,0.473,32.20
2026-02-12 18:24:13.435,745.300,0.314941,0.506104,-0.787109,1.779,-2.939,0.206,32.29
2026-02-12 18:24:13.535,745.400,0.318115,0.505615,-0.780762,1.756,-2.710,0.267,32.39
2026-02-12 18:24:13.635,745.500,0.317139,0.505371,-0.782715,1.695,-3.000,0.397,32.29
2026-02-12 18:24:13.735,745.600,0.314453,0.506836,-0.788818,1.588,-2.969,-0.015,32.54
2026-02-12 18:24:13.835,745.700,0.317139,0.507080,-0.783447,1.740,-3.053,0.244,32.54
2026-02-12 18:24:13.935,745.800,0.316162,0.507324,-0.780762,1.756,-2.695,0.221,32.20
2026-02-12 18:24:14.035,745.900,0.317383,0.506592,-0.785156,1.786,-2.824,0.176,32.59
2026-02-12 18:24:14.135,746.000,0.317383,0.508301,-0.785645,1.542,-2.924,0.244,32.20
2026-02-12 18:24:14.235,746.100,0.323730,0.508301,-0.781982,1.473,-2.695,0.183,32.29
2026-02-12 18:24:14.335,746.200,0.319824,0.504639,-0.785400,2.046,-2.611,0.076,32.29
2026-02-12 18:24:14.435,746.300,0.316895,0.501953,-0.781494,1.718,-2.824,0.550,32.44
2026-02-12 18:24:14.535,746.400,0.315674,0.506104,-0.783691,1.809,-2.748,0.397,32.05
2026-02-12 18:24:14.635,746.500,0.316895,0.503662,-0.779053,1.649,-2.863,0.313,32.20
2026-02-12 18:24:14.735,746.600,0.316162,0.504395,-0.786621,1.527,-2.725,0.550,32.64
2026-02-12 18:24:14.835,746.700,0.317383,0.508545,-0.780518,1.450,-2.779,0.481,32.20
2026-02-12 18:24:14.935,746.800,0.320801,0.505859,-0.780762,1.450,-3.031,0.229,32.20
2026-02-12 18:24:15.035,746.900,0.314453,0.506104,-0.780273,1.595,-2.885,0.412,32.20
2026-02-12 18:24:15.135,747.000,0.316895,0.500977,-0.783936,1.718,-2.809,0.214,32.54
2026-02-12 18:24:15.235,747.100,0.318604,0.505371,-0.780518,1.893,-2.992,0.405,32.44
2026-02-12 18:24:15.335,747.200,0.320312,0.506836,-0.785156,1.687,-2.878,0.313,32.29
2026-02-12 18:24:15.435,747.300,0.317627,0.505615,-0.781494,1.863,-3.008,0.214,32.20
2026-02-12 18:24:15.535,747.400,0.316162,0.505615,-0.781982,1.573,-2.893,0.229,32.25
2026-02-12 18:24:15.635,747.500,0.314941,0.509277,-0.780029,1.634,-2.702,0.557,32.29
2026-02-12 18:24:15.735,747.600,0.312744,0.504883,-0.779785,1.550,-2.611,0.122,32.39
2026-02-12 18:24:15.835,747.700,0.317383,0.502686,-0.787354,1.664,-2.901,0.260,32.29
2026-02-12 18:24:15.935,747.800,0.320312,0.508789,-0.781494,1.832,-2.725,0.237,32.25
2026-02-12 18:24:16.035,747.900,0.313965,0.505615,-0.780273,1.527,-2.870,0.374,32.54
2026-02-12 18:24:16.135,748.000,0.313477,0.505371,-0.779785,1.733,-2.756,-0.099,32.29
2026-02-12 18:24:16.235,748.100,0.311523,0.506104,-0.782471,1.618,-2.794,0.015,32.44
2026-02-12 18:24:16.335,748.200,0.314453,0.503662,-0.781494,1.664,-2.947,0.237,32.54
2026-02-12 18:24:16.435,748.300,0.319580,0.508301,-0.784912,1.702,-2.878,0.176,32.39
2026-02-12 18:24:16.535,748.400,0.317139,0.506836,-0.781250,1.710,-2.847,0.275,32.20
2026-02-12 18:24:16.635,748.500,0.315674,0.503662,-0.782959,1.618,-2.847,0.542,32.29
2026-02-12 18:24:16.735,748.600,0.315674,0.503418,-0.785889,1.656,-2.824,0.137,32.59
2026-02-12 18:24:16.835,748.700,0.316895,0.502441,-0.788086,1.710,-2.695,0.229,32.29
2026-02-12 18:24:16.935,748.800,0.315186,0.505371,-0.786865,1.649,-2.763,0.137,32.20
2026-02-12 18:24:17.035,748.900,0.317871,0.507324,-0.781250,1.573,-2.992,0.427,32.29
2026-02-12 18:24:17.135,749.000,0.315674,0.501465,-0.783936,1.756,-2.771,0.511,32.20
2026-02-12 18:24:17.235,749.100,0.315674,0.506348,-0.786865,1.573,-3.023,0.321,32.59
2026-02-12 18:24:17.335,749.200,0.314941,0.506104,-0.785889,1.351,-2.840,0.031,32.64
2026-02-12 18:24:17.435,749.300,0.314697,0.508057,-0.776611,1.649,-2.870,0.069,32.25
2026-02-12 18:24:17.535,749.400,0.318604,0.506592,-0.793701,1.763,-2.885,0.336,32.54
2026-02-12 18:24:17.635,749.500,0.315430,0.507080,-0.784180,1.611,-2.954,0.221,32.44
2026-02-12 18:24:17.735,749.600,0.316895,0.508301,-0.779541,1.924,-2.931,0.183,32.20
2026-02-12 18:24:17.835,749.700,0.317383,0.506592,-0.781006,1.740,-2.962,0.450,32.44
2026-02-12 18:24:17.935,749.800,0.318604,0.504639,-0.780762,1.733,-2.702,0.282,32.39
2026-02-12 18:24:18.035,749.900,0.315430,0.504639,-0.790527,1.351,-2.924,0.473,32.25
2026-02-12 18:24:18.135,750.000,0.316895,0.505859,-0.782959,1.672,-2.954,0.221,32.39
2026-02-12 18:24:18.235,750.100,0.318848,0.504883,-0.774170,1.885,-2.908,0.389,32.39
2026-02-12 18:24:18.335,750.200,0.321777,0.502686,-0.783936,1.687,-3.084,0.519,32.59
2026-02-12 18:24:18.435,750.300,0.318359,0.505615,-0.781494,1.626,-2.924,0.298,32.54
2026-02-12 18:24:18.535,750.400,0.313965,0.505859,-0.783203,1.954,-2.954,0.397,32.39
2026-02-12 18:24:18.635,750.500,0.315430,0.505371,-0.786865,1.710,-2.878,0.137,32.59
2026-02-12 18:24:18.735,750.600,0.316162,0.506348,-0.779053,1.603,-2.809,0.305,32.10
2026-02-12 18:24:18.835,750.700,0.322021,0.503906,-0.784668,1.885,-2.817,0.168,32.39
2026-02-12 18:24:18.935,750.800,0.317383,0.502197,-0.786377,1.534,-2.756,0.282,32.20
2026-02-12 18:24:19.035,750.900,0.317139,0.505615,-0.779297,1.595,-2.794,0.191,32.39
2026-02-12 18:24:19.135,751.000,0.317383,0.503662,-0.781494,1.481,-2.779,0.328,32.39
2026-02-12 18:24:19.235,751.100,0.312988,0.505127,-0.792236,2.038,-2.939,0.183,32.59
2026-02-12 18:24:19.335,751.200,0.313232,0.503174,-0.783447,1.656,-2.947,0.443,32.20
2026-02-12 18:24:19.435,751.300,0.316895,0.509033,-0.782715,1.756,-2.908,0.313,32.44
2026-02-12 18:24:19.535,751.400,0.319092,0.503906,-0.781006,1.687,-2.885,0.611,32.25
2026-02-12 18:24:19.635,751.500,0.318115,0.505859,-0.785889,1.489,-2.878,0.000,32.44
2026-02-12 18:24:19.735,751.600,0.318115,0.504883,-0.786133,1.580,-3.061,0.214,32.29
2026-02-12 18:24:19.835,751.700,0.318359,0.505127,-0.786133,1.702,-3.038,0.046,32.25
2026-02-12 18:24:19.935,751.800,0.317871,0.501709,-0.788086,1.565,-2.832,0.099,32.39
2026-02-12 18:24:20.035,751.900,0.321533,0.499756,-0.785889,1.786,-2.573,0.092,32.59
2026-02-12 18:24:20.135,752.000,0.314941,0.503906,-0.779297,1.679,-3.031,0.359,32.39
2026-02-12 18:24:20.235,752.100,0.317871,0.503662,-0.782471,1.733,-2.977,0.359,32.10
2026-02-12 18:24:20.335,752.200,0.321777,0.505615,-0.782227,1.687,-2.679,0.031,32.29
2026-02-12 18:24:20.435,752.300,0.314209,0.502197,-0.780273,1.756,-2.672,0.504,32.44
2026-02-12 18:24:20.535,752.400,0.314453,0.507812,-0.781982,1.756,-2.901,0.046,32.39
2026-02-12 18:24:20.635,752.500,0.314941,0.504150,-0.785645,1.802,-2.908,0.511,32.29
2026-02-12 18:24:20.735,752.600,0.314453,0.506592,-0.784180,1.771,-2.939,0.321,32.10
2026-02-12 18:24:20.835,752.700,0.315918,0.506592,-0.781250,1.710,-2.947,0.038,32.54
2026-02-12 18:24:20.935,752.800,0.314209,0.502930,-0.784424,1.611,-2.573,0.366,32.59
2026-02-12 18:24:21.035,752.900,0.316406,0.505615,-0.782959,1.718,-2.763,0.092,32.05
2026-02-12 18:24:21.135,753.000,0.317383,0.507568,-0.782227,1.870,-2.718,0.405,32.54
2026-02-12 18:24:21.235,753.100,0.318359,0.506104,-0.791992,1.924,-2.817,0.336,32.20
2026-02-12 18:24:21.335,753.200,0.311768,0.506592,-0.779785,1.878,-2.885,0.420,32.44
2026-02-12 18:24:21.435,753.300,0.316895,0.504883,-0.784180,1.870,-2.916,0.344,32.39
2026-02-12 18:24:21.535,753.400,0.319580,0.507812,-0.781494,1.885,-2.969,0.168,32.44
2026-02-12 18:24:21.635,753.500,0.317139,0.503174,-0.783447,1.580,-2.931,0.374,32.29
2026-02-12 18:24:21.735,753.600,0.316895,0.502930,-0.781982,1.511,-2.656,0.519,32.20
2026-02-12 18:24:21.835,753.700,0.317383,0.506104,-0.787354,1.779,-2.656,0.374,32.29
2026-02-12 18:24:21.935,753.800,0.314941,0.504395,-0.781250,1.695,-2.939,0.237,32.20
2026-02-12 18:24:22.035,753.900,0.317627,0.504395,-0.786133,1.603,-2.611,0.397,32.29
2026-02-12 18:24:22.135,754.000,0.318604,0.504883,-0.782715,1.580,-2.855,0.260,32.25
2026-02-12 18:24:22.235,754.100,0.318604,0.502197,-0.786377,1.908,-2.977,0.122,32.39
2026-02-12 18:24:22.335,754.200,0.315186,0.504639,-0.781250,1.481,-2.840,0.336,32.20
2026-02-12 18:24:22.435,754.300,0.317139,0.505615,-0.777100,1.687,-2.939,0.214,32.44
2026-02-12 18:24:22.535,754.400,0.313477,0.504395,-0.777100,1.519,-2.748,0.565,32.54
2026-02-12 18:24:22.635,754.500,0.314209,0.502441,-0.781494,1.748,-3.038,0.313,32.44
2026-02-12 18:24:22.735,754.600,0.314209,0.508789,-0.776855,1.969,-3.084,0.244,32.54
2026-02-12 18:24:22.835,754.700,0.316406,0.502686,-0.788086,1.802,-2.824,0.443,32.29
2026-02-12 18:24:22.935,754.800,0.318604,0.505859,-0.779541,1.611,-2.908,0.412,32.25
2026-02-12 18:24:23.035,754.900,0.319824,0.506104,-0.783691,1.794,-2.656,0.382,32.64
2026-02-12 18:24:23.135,755.000,0.314453,0.506836,-0.786621,1.527,-2.962,0.061,32.54
2026-02-12 18:24:23.235,755.100,0.315918,0.504883,-0.781006,1.649,-2.878,0.374,32.20
2026-02-12 18:24:23.335,755.200,0.316406,0.502441,-0.776855,1.771,-3.015,0.466,32.29
2026-02-12 18:24:23.435,755.300,0.319092,0.507568,-0.782471,1.626,-2.954,0.366,32.39
2026-02-12 18:24:23.535,755.400,0.314453,0.504395,-0.781250,1.695,-3.061,0.504,32.44
2026-02-12 18:24:23.635,755.500,0.318359,0.507812,-0.778564,1.748,-2.908,0.214,32.20
2026-02-12 18:24:23.735,755.600,0.317139,0.507080,-0.781982,1.641,-2.931,0.458,32.39
2026-02-12 18:24:23.835,755.700,0.318848,0.504395,-0.783936,1.832,-3.069,0.427,32.29
2026-02-12 18:24:23.935,755.800,0.319092,0.504883,-0.781250,1.802,-2.809,0.206,32.29
2026-02-12 18:24:24.035,755.900,0.314453,0.506592,-0.780273,1.809,-2.733,0.504,32.54
2026-02-12 18:24:24.135,756.000,0.316650,0.508057,-0.778320,1.725,-2.893,0.359,32.54
2026-02-12 18:24:24.235,756.100,0.317139,0.502686,-0.778564,1.710,-3.023,0.382,32.29
2026-02-12 18:24:24.335,756.200,0.316650,0.504639,-0.782959,1.878,-2.695,0.550,32.39
2026-02-12 18:24:24.435,756.300,0.316162,0.504150,-0.786133,1.756,-2.740,0.038,32.20
2026-02-12 18:24:24.535,756.400,0.316406,0.505127,-0.780762,1.847,-2.634,0.489,32.59
2026-02-12 18:24:24.635,756.500,0.316895,0.507324,-0.781250,1.771,-2.794,0.359,32.39
2026-02-12 18:24:24.735,756.600,0.315674,0.500732,-0.779053,1.763,-2.664,0.023,32.25
2026-02-12 18:24:24.835,756.700,0.318604,0.508301,-0.778564,1.931,-2.863,0.534,32.59
2026-02-12 18:24:24.935,756.800,0.318604,0.504395,-0.782227,1.740,-2.863,-0.076,32.39
2026-02-12 18:24:25.035,756.900,0.313232,0.502930,-0.783447,1.740,-2.748,0.244,32.54
2026-02-12 18:24:25.135,757.000,0.319336,0.504883,-0.787842,1.740,-2.817,0.023,32.44
2026-02-12 18:24:25.235,757.100,0.314941,0.508789,-0.782959,2.000,-3.023,0.183,32.59
2026-02-12 18:24:25.335,757.200,0.316895,0.506348,-0.790771,1.824,-2.985,0.099,32.54
2026-02-12 18:24:25.435,757.300,0.315430,0.504150,-0.780762,1.832,-2.947,0.069,32.20
2026-02-12 18:24:25.535,757.400,0.313965,0.506348,-0.780518,1.664,-2.794,0.351,32.59
2026-02-12 18:24:25.635,757.500,0.318848,0.503906,-0.778076,1.763,-2.763,0.282,32.29
2026-02-12 18:24:25.735,757.600,0.314941,0.506592,-0.784912,1.672,-2.748,0.321,32.59
2026-02-12 18:24:25.835,757.700,0.319824,0.503662,-0.783447,1.748,-3.015,0.305,32.59
2026-02-12 18:24:25.935,757.800,0.316895,0.501709,-0.778809,1.855,-2.718,0.206,32.39
2026-02-12 18:24:26.035,757.900,0.313477,0.505615,-0.784424,1.588,-2.809,0.099,32.54
2026-02-12 18:24:26.135,758.000,0.321777,0.507324,-0.784424,1.794,-2.847,0.336,32.54
2026-02-12 18:24:26.235,758.100,0.317383,0.505371,-0.779541,1.504,-2.931,0.344,32.39
2026-02-12 18:24:26.335,758.200,0.314697,0.504150,-0.777344,1.954,-2.771,0.221,32.54
2026-02-12 18:24:26.435,758.300,0.314453,0.507812,-0.784668,1.733,-2.817,0.237,32.74
2026-02-12 18:24:26.535,758.400,0.318848,0.507324,-0.782715,1.542,-2.931,0.458,32.25
2026-02-12 18:24:26.635,758.500,0.318115,0.505615,-0.788086,1.611,-2.870,0.023,32.39
2026-02-12 18:24:26.735,758.600,0.318359,0.503662,-0.783447,1.672,-2.916,0.176,32.54
2026-02-12 18:24:26.835,758.700,0.313232,0.506348,-0.777344,1.725,-2.748,0.389,32.54
2026-02-12 18:24:26.935,758.800,0.313721,0.508545,-0.779541,1.679,-2.802,0.229,32.29
2026-02-12 18:24:27.035,758.900,0.318604,0.506836,-0.781982,1.901,-2.954,0.252,32.54
2026-02-12 18:24:27.135,759.000,0.316406,0.507812,-0.784180,1.832,-2.992,0.275,32.54
2026-02-12 18:24:27.235,759.100,0.319092,0.506104,-0.781738,1.748,-2.855,0.496,32.74
2026-02-12 18:24:27.335,759.200,0.321289,0.509521,-0.782959,1.664,-3.061,0.229,32.29
2026-02-12 18:24:27.435,759.300,0.319092,0.505859,-0.782471,1.718,-2.695,0.015,32.44
2026-02-12 18:24:27.535,759.400,0.319092,0.505371,-0.788086,1.725,-2.557,0.275,32.39
2026-02-12 18:24:27.635,759.500,0.320557,0.501465,-0.782715,1.588,-2.901,0.214,32.29
2026-02-12 18:24:27.735,759.600,0.317627,0.503662,-0.781250,1.618,-2.870,0.473,32.64
2026-02-12 18:24:27.835,759.700,0.315430,0.500977,-0.780518,1.840,-2.916,0.351,32.29
2026-02-12 18:24:27.935,759.800,0.321777,0.504639,-0.781250,1.939,-2.924,-0.046,32.20
2026-02-12 18:24:28.035,759.900,0.318604,0.503418,-0.781982,1.733,-2.916,0.244,32.25
2026-02-12 18:24:28.135,760.000,0.315430,0.505371,-0.783447,1.489,-2.954,0.389,32.74
2026-02-12 18:24:28.235,760.100,0.316650,0.507080,-0.780762,1.702,-2.725,0.550,32.29
2026-02-12 18:24:28.335,760.200,0.316895,0.506348,-0.780518,1.832,-2.802,0.473,32.44
2026-02-12 18:24:28.435,760.300,0.313965,0.508301,-0.784424,1.588,-2.656,0.374,32.44
2026-02-12 18:24:28.535,760.400,0.315186,0.506104,-0.777588,1.748,-3.099,0.191,32.20
2026-02-12 18:24:28.635,760.500,0.319336,0.505127,-0.782471,1.527,-2.931,0.160,32.39
2026-02-12 18:24:28.735,760.600,0.315674,0.505371,-0.776855,1.718,-2.695,0.084,32.54
2026-02-12 18:24:28.835,760.700,0.319580,0.505859,-0.787598,1.802,-3.008,0.092,32.39
2026-02-12 18:24:28.935,760.800,0.313965,0.502197,-0.788574,1.389,-2.718,-0.008,32.93
2026-02-12 18:24:29.035,760.900,0.317139,0.506348,-0.784424,1.718,-3.015,0.328,32.39
2026-02-12 18:24:29.135,761.000,0.318115,0.510010,-0.787109,1.611,-2.832,0.145,32.39
2026-02-12 18:24:29.235,761.100,0.315918,0.505859,-0.780518,1.893,-2.618,0.344,32.29
2026-02-12 18:24:29.335,761.200,0.316406,0.506104,-0.779541,1.924,-2.802,0.344,32.44
2026-02-12 18:24:29.435,761.300,0.320068,0.503174,-0.781738,1.656,-2.733,0.282,32.59
2026-02-12 18:24:29.535,761.400,0.315430,0.504883,-0.779785,1.473,-2.779,0.053,32.25
2026-02-12 18:24:29.635,761.500,0.314209,0.506104,-0.788086,1.794,-2.603,0.244,32.74
2026-02-12 18:24:29.735,761.600,0.317871,0.503906,-0.784912,1.573,-3.000,0.191,32.20
2026-02-12 18:24:29.835,761.700,0.317139,0.505859,-0.778320,1.641,-2.870,0.466,32.44
2026-02-12 18:24:29.935,761.800,0.316162,0.502197,-0.782959,1.580,-2.740,0.473,32.64
2026-02-12 18:24:30.035,761.900,0.318115,0.508789,-0.784668,1.542,-2.847,0.412,32.25
2026-02-12 18:24:30.135,762.000,0.318115,0.505859,-0.779785,1.763,-2.855,0.229,32.25
2026-02-12 18:24:30.235,762.100,0.317871,0.502930,-0.780273,1.649,-2.740,0.160,32.44
2026-02-12 18:24:30.335,762.200,0.319092,0.508789,-0.785889,1.420,-2.832,0.412,32.44
2026-02-12 18:24:30.435,762.300,0.317871,0.507080,-0.783203,1.443,-2.992,0.466,32.44
2026-02-12 18:24:30.535,762.400,0.313721,0.505859,-0.782715,1.901,-2.885,0.359,32.29
2026-02-12 18:24:30.635,762.500,0.315674,0.504639,-0.785645,1.557,-3.031,0.656,32.25
2026-02-12 18:24:30.735,762.600,0.314941,0.506836,-0.787109,1.725,-2.794,0.267,32.29
2026-02-12 18:24:30.835,762.700,0.315918,0.503906,-0.784668,1.748,-3.122,0.267,32.59
2026-02-12 18:24:30.935,762.800,0.317383,0.505371,-0.785156,1.641,-3.237,0.397,32.20
2026-02-12 18:24:31.035,762.900,0.317627,0.505127,-0.780029,1.435,-3.000,0.168,32.64
2026-02-12 18:24:31.135,763.000,0.317139,0.508545,-0.782471,1.695,-2.832,0.244,32.44
2026-02-12 18:24:31.235,763.100,0.317139,0.504395,-0.785645,1.840,-2.847,0.321,32.59
2026-02-12 18:24:31.335,763.200,0.318848,0.505859,-0.785156,1.672,-2.702,0.061,32.54
2026-02-12 18:24:31.435,763.300,0.315918,0.506104,-0.781006,1.557,-2.954,0.160,32.39
2026-02-12 18:24:31.535,763.400,0.318604,0.504639,-0.780029,1.672,-3.023,0.237,32.20
2026-02-12 18:24:31.635,763.500,0.318848,0.507568,-0.780273,1.702,-3.038,0.069,32.44
2026-02-12 18:24:31.735,763.600,0.317139,0.506104,-0.781494,1.580,-3.191,0.046,32.39
2026-02-12 18:24:31.835,763.700,0.317139,0.504639,-0.784424,1.710,-2.840,0.458,32.54
2026-02-12 18:24:31.935,763.800,0.316162,0.505371,-0.787354,1.977,-2.840,0.534,32.25
2026-02-12 18:24:32.035,763.900,0.318359,0.505859,-0.785645,1.687,-2.603,0.527,32.54
2026-02-12 18:24:32.135,764.000,0.321289,0.501465,-0.781738,1.771,-2.771,0.099,32.64
2026-02-12 18:24:32.235,764.100,0.318848,0.502686,-0.782959,1.817,-2.634,0.542,32.54
2026-02-12 18:24:32.335,764.200,0.314697,0.504150,-0.784668,1.679,-3.015,0.313,32.20
2026-02-12 18:24:32.435,764.300,0.317139,0.506104,-0.784668,1.542,-2.992,0.328,32.44
2026-02-12 18:24:32.535,764.400,0.317383,0.504883,-0.778809,1.679,-2.618,0.496,32.25
2026-02-12 18:24:32.635,764.500,0.317871,0.505859,-0.785645,1.710,-2.756,0.565,32.59
2026-02-12 18:24:32.735,764.600,0.314453,0.506104,-0.783936,1.893,-2.985,0.382,32.39
2026-02-12 18:24:32.835,764.700,0.322998,0.509766,-0.785400,1.802,-2.924,0.107,32.54
2026-02-12 18:24:32.935,764.800,0.315430,0.504150,-0.783203,1.901,-2.771,0.137,32.29
2026-02-12 18:24:33.035,764.900,0.315186,0.505371,-0.780029,1.702,-2.718,0.221,32.29
2026-02-12 18:24:33.135,765.000,0.319580,0.506348,-0.776367,1.748,-2.756,0.336,32.44
2026-02-12 18:24:33.235,765.100,0.316895,0.505859,-0.787842,1.695,-2.863,0.267,32.44
2026-02-12 18:24:33.335,765.200,0.319824,0.505615,-0.785645,1.779,-2.977,0.267,32.44
2026-02-12 18:24:33.435,765.300,0.319580,0.505859,-0.795654,1.718,-2.885,0.168,32.29
2026-02-12 18:24:33.535,765.400,0.314697,0.502441,-0.783447,1.847,-2.931,0.053,32.64
2026-02-12 18:24:33.635,765.500,0.315918,0.504883,-0.780518,1.740,-2.840,0.099,32.59
2026-02-12 18:24:33.735,765.600,0.319580,0.504150,-0.785400,1.687,-3.008,0.214,32.54
2026-02-12 18:24:33.835,765.700,0.312744,0.504150,-0.781982,1.824,-3.008,0.351,32.54
2026-02-12 18:24:33.935,765.800,0.318359,0.507324,-0.785156,1.802,-3.008,0.191,32.59
2026-02-12 18:24:34.035,765.900,0.321045,0.504150,-0.787109,1.672,-2.687,0.214,32.39
2026-02-12 18:24:34.135,766.000,0.316895,0.506104,-0.787109,1.702,-2.595,0.359,32.54
2026-02-12 18:24:34.235,766.100,0.321045,0.505859,-0.780273,1.656,-2.534,0.351,32.39
2026-02-12 18:24:34.335,766.200,0.318359,0.504639,-0.782227,1.672,-2.847,0.519,32.44
2026-02-12 18:24:34.435,766.300,0.318359,0.504883,-0.786621,1.893,-2.870,0.290,32.54
2026-02-12 18:24:34.535,766.400,0.315186,0.508301,-0.778809,1.733,-2.809,0.137,32.39
2026-02-12 18:24:34.635,766.500,0.316162,0.505371,-0.775879,1.771,-2.863,0.229,32.54
2026-02-12 18:24:34.735,766.600,0.317383,0.504639,-0.785889,1.672,-2.962,0.214,32.39
2026-02-12 18:24:34.835,766.700,0.320557,0.505615,-0.782227,1.565,-3.137,0.137,32.39
2026-02-12 18:24:34.935,766.800,0.318848,0.503662,-0.786133,1.931,-2.985,0.046,32.54
2026-02-12 18:24:35.035,766.900,0.317139,0.503418,-0.781006,1.809,-3.031,0.565,32.44
2026-02-12 18:24:35.135,767.000,0.314453,0.502930,-0.779785,1.649,-3.053,0.344,32.64
2026-02-12 18:24:35.235,767.100,0.312744,0.509766,-0.781250,1.840,-2.916,0.130,32.44
2026-02-12 18:24:35.335,767.200,0.315918,0.504883,-0.784912,1.695,-3.008,0.176,32.74
2026-02-12 18:24:35.435,767.300,0.319336,0.505859,-0.779053,1.573,-2.893,0.069,32.39
2026-02-12 18:24:35.535,767.400,0.312744,0.503662,-0.789551,1.595,-2.878,0.321,32.59
2026-02-12 18:24:35.635,767.500,0.321777,0.504639,-0.784668,1.588,-2.969,0.092,32.78
2026-02-12 18:24:35.735,767.600,0.318115,0.506592,-0.782715,1.534,-2.931,0.183,32.54
2026-02-12 18:24:35.835,767.700,0.318604,0.505615,-0.782227,1.931,-2.977,0.450,32.78
2026-02-12 18:24:35.935,767.800,0.319824,0.507812,-0.788086,1.542,-2.969,0.382,32.64
2026-02-12 18:24:36.035,767.900,0.316406,0.507812,-0.776123,1.527,-2.954,0.145,32.59
2026-02-12 18:24:36.135,768.000,0.315918,0.504395,-0.777344,1.718,-2.779,0.099,32.64
2026-02-12 18:24:36.235,768.100,0.316406,0.503174,-0.783447,1.511,-2.763,0.122,32.64
2026-02-12 18:24:36.335,768.200,0.317383,0.506592,-0.786865,1.687,-3.084,0.389,32.29
2026-02-12 18:24:36.435,768.300,0.319092,0.505371,-0.781982,1.824,-2.939,0.076,32.64
2026-02-12 18:24:36.535,768.400,0.318604,0.501953,-0.784424,1.710,-3.092,0.427,32.64
2026-02-12 18:24:36.635,768.500,0.316650,0.501709,-0.782227,1.718,-2.740,0.015,32.64
2026-02-12 18:24:36.735,768.600,0.318604,0.505371,-0.786133,1.450,-2.916,0.397,32.54
2026-02-12 18:24:36.835,768.700,0.316895,0.506348,-0.783203,1.802,-3.038,0.084,32.54
2026-02-12 18:24:36.935,768.800,0.317627,0.503174,-0.784668,1.641,-3.000,0.382,32.39
2026-02-12 18:24:37.035,768.900,0.317871,0.503174,-0.790527,1.733,-2.771,0.084,32.59
2026-02-12 18:24:37.135,769.000,0.313477,0.505371,-0.790527,1.710,-2.718,0.595,32.29
2026-02-12 18:24:37.235,769.100,0.318604,0.504639,-0.782471,1.641,-3.153,-0.115,32.54
2026-02-12 18:24:37.335,769.200,0.314697,0.505127,-0.784180,1.611,-2.725,-0.015,32.29
2026-02-12 18:24:37.435,769.300,0.313721,0.503174,-0.781006,1.618,-2.679,0.267,32.59
2026-02-12 18:24:37.535,769.400,0.319580,0.503906,-0.786865,1.664,-2.870,0.282,32.39
2026-02-12 18:24:37.635,769.500,0.312744,0.505371,-0.788330,1.695,-2.672,0.267,32.29
2026-02-12 18:24:37.735,769.600,0.316406,0.504883,-0.790283,1.786,-2.916,0.237,32.54
2026-02-12 18:24:37.835,769.700,0.320312,0.506348,-0.783936,1.573,-2.817,0.267,32.54
2026-02-12 18:24:37.935,769.800,0.316406,0.502930,-0.781494,1.748,-2.687,0.282,32.39
2026-02-12 18:24:38.035,769.900,0.319336,0.507080,-0.780518,1.725,-2.763,0.466,32.78
2026-02-12 18:24:38.135,770.000,0.320068,0.505615,-0.778076,1.840,-2.931,0.237,32.39
2026-02-12 18:24:38.235,770.100,0.315674,0.506348,-0.783447,1.763,-2.824,0.405,32.44
2026-02-12 18:24:38.335,770.200,0.315430,0.506104,-0.780273,1.618,-2.794,0.359,32.29
2026-02-12 18:24:38.435,770.300,0.315186,0.507324,-0.782471,1.878,-2.763,0.305,32.59
2026-02-12 18:24:38.535,770.400,0.313232,0.505127,-0.787109,1.748,-2.786,0.191,32.39
2026-02-12 18:24:38.635,770.500,0.314941,0.503418,-0.782227,1.763,-2.817,0.069,32.64
2026-02-12 18:24:38.735,770.600,0.320801,0.506348,-0.783936,1.588,-2.992,0.290,32.54
2026-02-12 18:24:38.835,770.700,0.317139,0.501465,-0.780029,1.847,-2.824,0.008,32.29
2026-02-12 18:24:38.935,770.800,0.319092,0.503662,-0.784912,1.504,-2.855,0.031,32.25
2026-02-12 18:24:39.035,770.900,0.317383,0.504639,-0.779785,1.649,-3.000,0.290,32.29
2026-02-12 18:24:39.135,771.000,0.317627,0.506836,-0.787354,1.733,-2.740,0.298,32.39
2026-02-12 18:24:39.235,771.100,0.313965,0.504395,-0.787598,1.672,-2.893,0.290,32.54
2026-02-12 18:24:39.335,771.200,0.316406,0.503662,-0.778809,1.779,-2.992,0.237,32.59
2026-02-12 18:24:39.435,771.300,0.318848,0.504150,-0.785156,1.611,-2.809,0.298,32.29
2026-02-12 18:24:39.535,771.400,0.315186,0.502930,-0.784424,1.786,-2.756,0.313,32.59
2026-02-12 18:24:39.635,771.500,0.316650,0.506104,-0.784424,1.672,-3.076,0.504,32.29
2026-02-12 18:24:39.735,771.600,0.317383,0.505859,-0.780029,2.191,-2.855,0.305,32.59
2026-02-12 18:24:39.835,771.700,0.316162,0.504150,-0.781982,1.618,-2.809,0.328,32.39
2026-02-12 18:24:39.935,771.800,0.318604,0.504883,-0.779541,1.718,-2.817,0.198,32.20
2026-02-12 18:24:40.035,771.900,0.316895,0.506348,-0.779297,1.763,-2.954,0.260,32.59
2026-02-12 18:24:40.135,772.000,0.317871,0.505127,-0.775391,1.656,-2.817,0.244,32.59
2026-02-12 18:24:40.235,772.100,0.318115,0.501953,-0.787109,1.878,-2.702,0.313,32.39
2026-02-12 18:24:40.335,772.200,0.319824,0.504639,-0.782959,1.832,-2.847,0.489,32.25
2026-02-12 18:24:40.435,772.300,0.317627,0.503662,-0.784424,1.802,-3.053,0.389,32.44
2026-02-12 18:24:40.535,772.400,0.314209,0.505371,-0.779785,1.634,-2.885,0.496,32.44
2026-02-12 18:24:40.635,772.500,0.319092,0.504395,-0.783691,1.809,-3.000,0.229,32.44
2026-02-12 18:24:40.735,772.600,0.317871,0.506104,-0.777832,1.595,-2.824,0.008,32.29
2026-02-12 18:24:40.835,772.700,0.318848,0.504883,-0.782227,1.435,-2.626,0.069,32.44
2026-02-12 18:24:40.935,772.800,0.318359,0.508789,-0.785889,1.649,-2.679,-0.145,32.54
2026-02-12 18:24:41.035,772.900,0.314941,0.504883,-0.792480,1.908,-3.084,0.206,32.54
2026-02-12 18:24:41.135,773.000,0.316895,0.502197,-0.778809,1.618,-2.855,0.336,32.64
2026-02-12 18:24:41.235,773.100,0.318359,0.506104,-0.782471,1.656,-2.885,0.137,32.25
2026-02-12 18:24:41.335,773.200,0.317383,0.504883,-0.783936,1.649,-2.504,-0.015,32.29
2026-02-12 18:24:41.435,773.300,0.315674,0.504150,-0.784180,1.611,-2.969,0.328,32.25
2026-02-12 18:24:41.535,773.400,0.318115,0.504639,-0.780518,1.679,-2.992,0.336,32.44
2026-02-12 18:24:41.635,773.500,0.317383,0.504883,-0.784668,1.962,-2.695,0.160,32.59
2026-02-12 18:24:41.735,773.600,0.320557,0.504150,-0.786865,1.840,-2.924,0.443,32.59
2026-02-12 18:24:41.835,773.700,0.315430,0.508301,-0.786133,1.817,-2.847,0.427,32.25
2026-02-12 18:24:41.935,773.800,0.314209,0.503662,-0.783203,1.802,-2.664,0.412,32.39
2026-02-12 18:24:42.035,773.900,0.317383,0.502441,-0.783936,1.664,-2.863,0.450,32.64
2026-02-12 18:24:42.135,774.000,0.319824,0.503174,-0.787109,1.672,-2.802,0.183,32.29
2026-02-12 18:24:42.235,774.100,0.318848,0.507080,-0.784424,1.779,-2.893,0.221,32.54
2026-02-12 18:24:42.335,774.200,0.314209,0.504150,-0.783936,1.580,-2.832,0.282,32.54
2026-02-12 18:24:42.435,774.300,0.319580,0.506592,-0.784668,1.450,-2.687,0.397,32.29
2026-02-12 18:24:42.535,774.400,0.317139,0.509033,-0.779297,1.817,-2.611,0.267,32.59
2026-02-12 18:24:42.635,774.500,0.318359,0.503662,-0.783203,1.634,-2.824,0.282,32.59
2026-02-12 18:24:42.735,774.600,0.319336,0.507080,-0.786133,1.885,-3.160,0.420,32.29
2026-02-12 18:24:42.835,774.700,0.319092,0.503418,-0.780273,1.382,-2.786,0.328,32.39
2026-02-12 18:24:42.935,774.800,0.319092,0.504883,-0.781006,1.672,-2.626,0.481,32.44
2026-02-12 18:24:43.035,774.900,0.314209,0.499512,-0.781738,1.794,-2.924,0.206,32.39
2026-02-12 18:24:43.135,775.000,0.314697,0.504883,-0.786621,1.779,-2.931,0.145,32.54
2026-02-12 18:24:43.235,775.100,0.317139,0.506104,-0.783691,1.771,-3.061,0.313,32.20
2026-02-12 18:24:43.335,775.200,0.317383,0.504883,-0.785400,1.924,-3.000,0.351,32.25
2026-02-12 18:24:43.435,775.300,0.315430,0.506592,-0.780029,1.649,-2.672,0.573,32.39
2026-02-12 18:24:43.535,775.400,0.317627,0.506836,-0.780029,1.710,-2.809,0.191,32.44
2026-02-12 18:24:43.635,775.500,0.317383,0.507568,-0.785400,1.641,-2.626,0.321,32.64
2026-02-12 18:24:43.735,775.600,0.314453,0.504639,-0.781494,1.656,-2.679,0.137,32.59
2026-02-12 18:24:43.835,775.700,0.318115,0.504150,-0.779297,1.679,-2.885,-0.053,32.25
2026-02-12 18:24:43.935,775.800,0.316650,0.507812,-0.786621,1.542,-2.824,-0.053,32.64
2026-02-12 18:24:44.035,775.900,0.314453,0.506592,-0.781006,1.679,-2.824,0.153,32.44
2026-02-12 18:24:44.135,776.000,0.316162,0.503906,-0.785400,1.527,-2.947,0.351,32.59
2026-02-12 18:24:44.235,776.100,0.316650,0.508057,-0.782959,1.809,-2.893,0.443,32.39
2026-02-12 18:24:44.335,776.200,0.313965,0.506836,-0.780762,1.550,-2.824,0.321,32.83
2026-02-12 18:24:44.435,776.300,0.317871,0.505127,-0.791504,1.733,-2.878,0.466,32.59
2026-02-12 18:24:44.535,776.400,0.318604,0.506592,-0.789551,1.511,-2.901,0.305,32.44
2026-02-12 18:24:44.635,776.500,0.316650,0.506104,-0.782227,1.924,-2.580,0.473,32.39
2026-02-12 18:24:44.735,776.600,0.315918,0.509033,-0.781494,1.542,-2.885,0.107,32.25
2026-02-12 18:24:44.835,776.700,0.318848,0.504639,-0.775879,1.916,-2.908,0.344,32.29
2026-02-12 18:24:44.935,776.800,0.315918,0.504639,-0.783936,1.557,-2.786,0.313,32.59
2026-02-12 18:24:45.035,776.900,0.317627,0.511475,-0.781738,1.595,-2.718,0.389,32.59
2026-02-12 18:24:45.135,777.000,0.317871,0.506836,-0.785889,1.641,-2.817,0.145,32.54
2026-02-12 18:24:45.235,777.100,0.315918,0.504150,-0.780762,1.763,-2.504,0.389,32.54
2026-02-12 18:24:45.335,777.200,0.319092,0.506836,-0.782227,1.557,-2.550,0.321,32.78
2026-02-12 18:24:45.435,777.300,0.317139,0.500488,-0.777832,1.763,-3.015,0.275,32.29
2026-02-12 18:24:45.535,777.400,0.318115,0.500000,-0.781982,1.786,-2.924,0.183,32.59
2026-02-12 18:24:45.635,777.500,0.314941,0.507568,-0.781250,1.916,-3.038,0.450,32.54
2026-02-12 18:24:45.735,777.600,0.318115,0.505371,-0.779785,1.687,-2.687,0.366,32.78
2026-02-12 18:24:45.835,777.700,0.320557,0.504639,-0.778564,1.763,-2.931,0.336,32.64
2026-02-12 18:24:45.935,777.800,0.314209,0.510010,-0.783691,1.702,-2.710,0.374,32.59
2026-02-12 18:24:46.035,777.900,0.319092,0.502686,-0.784180,1.733,-2.817,0.313,32.64
2026-02-12 18:24:46.135,778.000,0.316895,0.505859,-0.784180,1.855,-2.901,0.282,32.10
2026-02-12 18:24:46.235,778.100,0.317383,0.505371,-0.776611,1.878,-2.992,0.298,32.44
2026-02-12 18:24:46.335,778.200,0.315186,0.505371,-0.783447,1.702,-2.702,0.603,32.44
2026-02-12 18:24:46.435,778.300,0.319092,0.506348,-0.775879,1.588,-3.023,0.099,32.64
2026-02-12 18:24:46.535,778.400,0.318604,0.505615,-0.783691,1.466,-3.092,0.489,32.54
2026-02-12 18:24:46.635,778.500,0.313477,0.506592,-0.792725,1.794,-2.740,0.275,32.44
2026-02-12 18:24:46.735,778.600,0.317627,0.507568,-0.777832,1.672,-2.977,0.260,32.39
2026-02-12 18:24:46.835,778.700,0.319336,0.503906,-0.784912,1.962,-2.557,0.198,32.54
2026-02-12 18:24:46.935,778.800,0.315674,0.503906,-0.785156,1.893,-3.061,0.450,32.20
2026-02-12 18:24:47.035,778.900,0.318115,0.504150,-0.783203,1.740,-2.931,0.198,32.64
2026-02-12 18:24:47.135,779.000,0.316406,0.509277,-0.780518,1.580,-2.840,0.275,32.59
2026-02-12 18:24:47.235,779.100,0.317871,0.504883,-0.782959,1.725,-3.008,0.366,32.54
2026-02-12 18:24:47.335,779.200,0.316895,0.503906,-0.777832,1.817,-2.740,0.321,32.54
2026-02-12 18:24:47.435,779.300,0.317627,0.506104,-0.779541,1.626,-3.038,0.420,32.29
2026-02-12 18:24:47.535,779.400,0.319824,0.510010,-0.778076,1.603,-2.977,0.397,32.59
2026-02-12 18:24:47.635,779.500,0.317871,0.504639,-0.783203,1.733,-2.962,0.275,32.78
2026-02-12 18:24:47.735,779.600,0.315186,0.501709,-0.783936,1.679,-2.824,0.191,32.29
2026-02-12 18:24:47.835,779.700,0.315430,0.505371,-0.782227,1.985,-3.031,0.420,32.59
2026-02-12 18:24:47.935,779.800,0.317627,0.502930,-0.784180,1.550,-2.885,0.176,32.44
2026-02-12 18:24:48.035,779.900,0.316650,0.506104,-0.784668,1.611,-2.939,0.573,32.44
2026-02-12 18:24:48.135,780.000,0.315186,0.507812,-0.787354,1.718,-2.786,0.550,32.59
2026-02-12 18:24:48.235,780.100,0.315918,0.500488,-0.787842,1.863,-2.916,0.328,32.29
2026-02-12 18:24:48.335,780.200,0.317871,0.502930,-0.784180,1.702,-2.763,0.298,32.10
2026-02-12 18:24:48.435,780.300,0.315186,0.506104,-0.787109,1.595,-2.916,0.214,32.64
2026-02-12 18:24:48.535,780.400,0.315674,0.500977,-0.777832,1.580,-2.885,0.458,32.59
2026-02-12 18:24:48.635,780.500,0.322266,0.503662,-0.788330,1.840,-3.061,0.405,32.74
2026-02-12 18:24:48.735,780.600,0.316406,0.506836,-0.779785,1.534,-2.756,0.389,32.54
2026-02-12 18:24:48.835,780.700,0.318359,0.507812,-0.788086,1.702,-2.924,0.550,32.54
2026-02-12 18:24:48.935,780.800,0.318848,0.503662,-0.782227,1.870,-2.840,0.107,32.54
2026-02-12 18:24:49.035,780.900,0.319580,0.506104,-0.788574,1.573,-2.977,0.260,32.54
2026-02-12 18:24:49.135,781.000,0.315918,0.502930,-0.783203,1.687,-2.809,0.221,32.54
2026-02-12 18:24:49.235,781.100,0.315918,0.507080,-0.786865,1.740,-2.977,0.176,32.29
2026-02-12 18:24:49.335,781.200,0.316162,0.508789,-0.778564,1.687,-2.901,0.206,32.20
2026-02-12 18:24:49.435,781.300,0.316895,0.507812,-0.784424,1.718,-2.992,0.214,32.39
2026-02-12 18:24:49.535,781.400,0.319336,0.509277,-0.780518,1.573,-3.008,0.099,32.39
2026-02-12 18:24:49.635,781.500,0.319580,0.505127,-0.787842,1.626,-3.031,0.122,32.39
2026-02-12 18:24:49.735,781.600,0.315918,0.508301,-0.780762,1.718,-3.008,0.160,32.59
2026-02-12 18:24:49.835,781.700,0.317139,0.502930,-0.776855,1.901,-2.962,0.321,32.59
2026-02-12 18:24:49.935,781.800,0.318359,0.505859,-0.788818,1.740,-3.305,0.359,32.74
2026-02-12 18:24:50.035,781.900,0.317383,0.506836,-0.785156,1.672,-2.634,0.542,32.54
2026-02-12 18:24:50.135,782.000,0.314941,0.509521,-0.780273,1.710,-2.855,0.229,32.39
2026-02-12 18:24:50.235,782.100,0.313965,0.509521,-0.786377,1.420,-3.092,0.168,32.44
2026-02-12 18:24:50.335,782.200,0.314453,0.506836,-0.781006,1.656,-2.954,0.466,32.64
2026-02-12 18:24:50.435,782.300,0.317139,0.503418,-0.775635,1.718,-3.084,0.382,32.54
2026-02-12 18:24:50.535,782.400,0.317383,0.505371,-0.779785,1.817,-2.695,0.221,32.44
2026-02-12 18:24:50.635,782.500,0.313721,0.508057,-0.785156,2.000,-2.847,0.321,32.64
2026-02-12 18:24:50.735,782.600,0.315674,0.504395,-0.786377,1.878,-2.710,0.275,32.29
2026-02-12 18:24:50.835,782.700,0.316650,0.507324,-0.781982,1.786,-2.573,0.550,32.59
2026-02-12 18:24:50.935,782.800,0.319824,0.503174,-0.780273,1.878,-2.947,0.015,32.59
2026-02-12 18:24:51.035,782.900,0.316895,0.505371,-0.781982,1.756,-2.618,0.092,32.54
2026-02-12 18:24:51.135,783.000,0.315430,0.501953,-0.781982,1.718,-2.771,0.519,32.39
2026-02-12 18:24:51.235,783.100,0.316406,0.505615,-0.781250,1.901,-2.985,0.069,32.64
2026-02-12 18:24:51.335,783.200,0.318848,0.505127,-0.784668,1.802,-2.786,0.160,32.64
2026-02-12 18:24:51.435,783.300,0.313721,0.502930,-0.779541,1.771,-2.649,0.061,32.59
2026-02-12 18:24:51.535,783.400,0.318848,0.507324,-0.786133,1.740,-2.740,0.130,32.59
2026-02-12 18:24:51.635,783.500,0.313721,0.507080,-0.787109,1.908,-3.092,0.084,32.39
2026-02-12 18:24:51.735,783.600,0.313721,0.506104,-0.783691,1.557,-3.031,0.305,32.20
2026-02-12 18:24:51.835,783.700,0.315674,0.503906,-0.785645,1.763,-2.611,0.397,32.59
2026-02-12 18:24:51.935,783.800,0.318604,0.507080,-0.782959,1.511,-2.870,0.183,32.59
2026-02-12 18:24:52.035,783.900,0.316650,0.501709,-0.781494,1.779,-2.863,0.252,32.59
2026-02-12 18:24:52.135,784.000,0.317871,0.503662,-0.785645,1.603,-3.053,0.275,32.54
2026-02-12 18:24:52.235,784.100,0.315186,0.508545,-0.781494,1.702,-2.802,0.427,32.44
2026-02-12 18:24:52.335,784.200,0.322266,0.501221,-0.778320,1.603,-2.817,0.481,32.54
2026-02-12 18:24:52.435,784.300,0.311768,0.503174,-0.784180,1.702,-2.863,0.618,32.39
2026-02-12 18:24:52.535,784.400,0.314453,0.507812,-0.785889,1.702,-2.679,0.443,32.39
2026-02-12 18:24:52.635,784.500,0.314697,0.507568,-0.788574,1.588,-2.618,0.046,32.39
2026-02-12 18:24:52.735,784.600,0.319336,0.505859,-0.787354,1.779,-2.969,0.305,32.29
2026-02-12 18:24:52.835,784.700,0.318115,0.505371,-0.786133,1.878,-2.863,0.473,32.59
2026-02-12 18:24:52.935,784.800,0.315918,0.505371,-0.783936,1.641,-3.122,0.206,32.59
2026-02-12 18:24:53.035,784.900,0.317871,0.503906,-0.784180,1.725,-2.832,0.229,32.44
2026-02-12 18:24:53.135,785.000,0.318115,0.506836,-0.785156,1.664,-2.802,0.237,32.44
2026-02-12 18:24:53.235,785.100,0.317383,0.502930,-0.779541,1.534,-2.969,0.099,32.59
2026-02-12 18:24:53.335,785.200,0.312500,0.506592,-0.778076,1.679,-2.634,0.305,32.59
2026-02-12 18:24:53.435,785.300,0.315186,0.504150,-0.781982,1.450,-2.763,-0.053,32.59
2026-02-12 18:24:53.535,785.400,0.314209,0.503906,-0.780029,1.618,-2.794,0.252,32.59
2026-02-12 18:24:53.635,785.500,0.316895,0.503906,-0.790283,1.641,-2.817,0.405,32.64
2026-02-12 18:24:53.735,785.600,0.315674,0.509277,-0.785156,1.718,-2.649,0.282,32.59
2026-02-12 18:24:53.835,785.700,0.314697,0.502686,-0.783203,1.603,-3.076,0.298,32.54
2026-02-12 18:24:53.935,785.800,0.315918,0.506836,-0.779541,1.489,-2.847,0.427,32.64
2026-02-12 18:24:54.035,785.900,0.317627,0.506348,-0.784424,1.458,-2.649,0.336,32.59
2026-02-12 18:24:54.135,786.000,0.315674,0.504395,-0.777832,1.771,-2.794,0.000,32.44
2026-02-12 18:24:54.235,786.100,0.316162,0.505859,-0.789795,1.718,-3.099,0.122,32.64
2026-02-12 18:24:54.335,786.200,0.310303,0.505371,-0.780518,1.855,-2.679,0.305,32.64
2026-02-12 18:24:54.435,786.300,0.321289,0.503418,-0.786621,1.595,-2.634,0.275,32.54
2026-02-12 18:24:54.535,786.400,0.317139,0.504395,-0.783203,1.878,-2.885,0.084,32.59
2026-02-12 18:24:54.635,786.500,0.317627,0.506104,-0.780273,1.595,-2.710,0.137,32.59
2026-02-12 18:24:54.735,786.600,0.319824,0.502930,-0.782715,1.786,-2.916,0.305,32.29
2026-02-12 18:24:54.835,786.700,0.314697,0.508301,-0.784668,1.695,-2.893,0.412,32.54
2026-02-12 18:24:54.935,786.800,0.321045,0.504639,-0.782471,1.802,-2.924,0.290,32.59
2026-02-12 18:24:55.035,786.900,0.315430,0.507080,-0.784424,1.878,-2.977,0.450,32.44
2026-02-12 18:24:55.135,787.000,0.314697,0.507812,-0.783936,1.832,-2.802,-0.008,32.44
2026-02-12 18:24:55.235,787.100,0.320068,0.503174,-0.788330,1.588,-2.748,0.038,32.54
2026-02-12 18:24:55.335,787.200,0.314453,0.508301,-0.783203,1.603,-2.763,0.206,32.54
2026-02-12 18:24:55.435,787.300,0.317139,0.507324,-0.783936,1.924,-3.076,0.557,32.59
2026-02-12 18:24:55.535,787.400,0.317871,0.503418,-0.780762,1.679,-2.840,0.237,32.59
2026-02-12 18:24:55.635,787.500,0.316406,0.505615,-0.786621,1.618,-2.618,0.420,32.59
2026-02-12 18:24:55.735,787.600,0.314209,0.503418,-0.779053,1.649,-2.756,0.359,32.54
2026-02-12 18:24:55.835,787.700,0.317383,0.503662,-0.784912,1.748,-3.046,0.305,32.78
2026-02-12 18:24:55.935,787.800,0.320557,0.504883,-0.780518,1.885,-2.725,-0.122,32.59
2026-02-12 18:24:56.035,787.900,0.319580,0.503906,-0.786133,1.710,-3.031,0.168,32.59
2026-02-12 18:24:56.135,788.000,0.318848,0.506592,-0.781494,1.550,-2.748,0.260,32.64
2026-02-12 18:24:56.235,788.100,0.314697,0.504150,-0.780273,1.634,-2.718,0.176,32.25
2026-02-12 18:24:56.335,788.200,0.313232,0.504883,-0.784668,1.786,-2.947,0.344,32.59
2026-02-12 18:24:56.435,788.300,0.314453,0.505371,-0.785400,1.679,-2.626,0.221,32.59
2026-02-12 18:24:56.535,788.400,0.319824,0.503662,-0.780518,1.832,-2.786,0.450,32.59
2026-02-12 18:24:56.635,788.500,0.319580,0.504883,-0.783203,1.664,-2.855,0.153,32.59
2026-02-12 18:24:56.735,788.600,0.314453,0.506592,-0.779785,1.779,-2.695,0.336,32.78
2026-02-12 18:24:56.835,788.700,0.317139,0.506592,-0.788086,1.595,-2.885,0.290,32.44
2026-02-12 18:24:56.935,788.800,0.318359,0.505615,-0.782959,1.664,-2.878,0.397,32.59
2026-02-12 18:24:57.035,788.900,0.317139,0.503906,-0.785400,1.847,-2.733,0.450,32.54
2026-02-12 18:24:57.135,789.000,0.318115,0.504150,-0.781982,1.550,-2.794,0.443,32.59
2026-02-12 18:24:57.235,789.100,0.315674,0.504639,-0.780518,1.679,-2.756,0.282,32.59
2026-02-12 18:24:57.335,789.200,0.314941,0.505127,-0.782715,1.802,-3.038,0.458,32.64
2026-02-12 18:24:57.435,789.300,0.314697,0.504150,-0.779541,1.740,-2.672,0.053,32.44
2026-02-12 18:24:57.535,789.400,0.316406,0.505127,-0.776367,1.656,-2.809,0.191,32.78
2026-02-12 18:24:57.635,789.500,0.315430,0.502441,-0.786865,1.779,-2.748,-0.038,32.29
2026-02-12 18:24:57.735,789.600,0.316162,0.505127,-0.784424,1.473,-2.847,0.168,32.74
2026-02-12 18:24:57.835,789.700,0.312744,0.503418,-0.783447,1.840,-2.863,0.328,32.54
2026-02-12 18:24:57.935,789.800,0.316162,0.503906,-0.786621,1.687,-3.084,0.542,32.78
2026-02-12 18:24:58.035,789.900,0.315430,0.506104,-0.781982,1.702,-2.771,0.366,32.54
2026-02-12 18:24:58.135,790.000,0.319580,0.504395,-0.784424,1.595,-2.962,0.260,32.44
2026-02-12 18:24:58.235,790.100,0.318604,0.503174,-0.779053,1.893,-3.168,0.214,32.64
2026-02-12 18:24:58.335,790.200,0.317871,0.507324,-0.784668,1.557,-2.740,-0.053,32.20
2026-02-12 18:24:58.435,790.300,0.322266,0.502930,-0.782715,1.672,-2.725,0.412,32.59
2026-02-12 18:24:58.535,790.400,0.314453,0.506836,-0.784424,1.542,-3.099,0.344,32.29
2026-02-12 18:24:58.635,790.500,0.318359,0.503174,-0.785889,1.725,-2.832,0.534,32.44
2026-02-12 18:24:58.735,790.600,0.319580,0.507324,-0.780762,1.672,-2.817,0.206,32.59
2026-02-12 18:24:58.835,790.700,0.319824,0.504395,-0.778320,1.672,-2.794,0.450,32.44
2026-02-12 18:24:58.935,790.800,0.316162,0.503906,-0.787598,1.802,-2.878,-0.076,32.78
2026-02-12 18:24:59.035,790.900,0.316650,0.504639,-0.782715,1.611,-2.870,0.305,32.59
2026-02-12 18:24:59.135,791.000,0.317383,0.505371,-0.784912,1.763,-2.534,0.176,32.39
2026-02-12 18:24:59.235,791.100,0.312988,0.502197,-0.781982,1.641,-2.756,0.298,32.64
2026-02-12 18:24:59.335,791.200,0.315186,0.508057,-0.778809,1.687,-3.115,0.382,32.54
2026-02-12 18:24:59.435,791.300,0.321289,0.506104,-0.785645,1.725,-2.893,0.313,32.54
2026-02-12 18:24:59.535,791.400,0.316162,0.503662,-0.782471,1.779,-2.817,0.458,32.74
2026-02-12 18:24:59.635,791.500,0.314209,0.504883,-0.786865,1.740,-2.878,-0.031,32.25
2026-02-12 18:24:59.735,791.600,0.315674,0.499023,-0.785156,1.794,-2.687,-0.023,32.64
2026-02-12 18:24:59.835,791.700,0.316162,0.506348,-0.786621,1.710,-2.435,0.382,32.59
2026-02-12 18:24:59.935,791.800,0.320557,0.507324,-0.779053,1.649,-2.710,0.122,32.25
2026-02-12 18:25:00.035,791.900,0.321533,0.501709,-0.782471,1.611,-2.977,0.305,32.44
2026-02-12 18:25:00.135,792.000,0.316406,0.505127,-0.783936,1.473,-2.603,0.260,32.59
2026-02-12 18:25:00.235,792.100,0.317871,0.506104,-0.784180,1.763,-2.878,0.229,32.54
2026-02-12 18:25:00.335,792.200,0.318115,0.501709,-0.787354,1.412,-2.855,-0.069,32.59
2026-02-12 18:25:00.435,792.300,0.318604,0.502686,-0.786133,1.611,-2.733,0.282,32.59
2026-02-12 18:25:00.535,792.400,0.319580,0.506592,-0.784912,1.771,-2.786,0.176,32.59
2026-02-12 18:25:00.635,792.500,0.316895,0.505615,-0.779785,1.947,-2.542,0.198,32.74
2026-02-12 18:25:00.735,792.600,0.317871,0.504395,-0.786865,1.824,-2.802,0.267,32.59
2026-02-12 18:25:00.835,792.700,0.319580,0.502197,-0.782227,1.588,-2.748,0.176,32.44
2026-02-12 18:25:00.935,792.800,0.316895,0.506348,-0.786865,1.908,-3.214,0.244,32.78
2026-02-12 18:25:01.035,792.900,0.318115,0.505371,-0.785400,1.641,-2.885,0.336,32.59
2026-02-12 18:25:01.135,793.000,0.316406,0.504150,-0.783447,1.718,-2.855,0.229,32.59
2026-02-12 18:25:01.235,793.100,0.312988,0.505371,-0.787598,1.656,-2.832,0.336,32.59
2026-02-12 18:25:01.335,793.200,0.315674,0.503906,-0.784180,1.695,-3.031,0.656,32.59
2026-02-12 18:25:01.435,793.300,0.319092,0.501953,-0.784424,1.740,-2.992,0.427,32.29
2026-02-12 18:25:01.535,793.400,0.323242,0.505127,-0.783203,1.687,-2.756,0.237,32.44
2026-02-12 18:25:01.635,793.500,0.319580,0.503174,-0.787354,1.664,-3.053,0.366,32.54
2026-02-12 18:25:01.735,793.600,0.317139,0.505615,-0.782227,1.771,-2.985,0.435,32.64
2026-02-12 18:25:01.835,793.700,0.316895,0.504395,-0.783691,1.611,-2.939,0.344,32.25
2026-02-12 18:25:01.935,793.800,0.314453,0.505859,-0.787598,1.840,-2.931,0.588,32.29
2026-02-12 18:25:02.035,793.900,0.312500,0.505127,-0.782715,1.710,-3.038,0.053,32.59
2026-02-12 18:25:02.135,794.000,0.318848,0.506348,-0.785889,1.786,-2.962,0.344,32.59
2026-02-12 18:25:02.235,794.100,0.319092,0.507080,-0.787354,1.718,-2.901,0.542,32.44
2026-02-12 18:25:02.335,794.200,0.310303,0.502930,-0.787842,1.718,-2.794,0.115,32.29
2026-02-12 18:25:02.435,794.300,0.314941,0.509033,-0.786865,1.443,-2.893,0.290,32.59
2026-02-12 18:25:02.535,794.400,0.314209,0.502197,-0.776855,1.695,-2.962,-0.008,32.59
2026-02-12 18:25:02.635,794.500,0.312744,0.503418,-0.781982,1.702,-2.863,0.237,32.74
2026-02-12 18:25:02.735,794.600,0.321777,0.507080,-0.784668,1.878,-2.847,0.504,32.44
2026-02-12 18:25:02.835,794.700,0.319824,0.505127,-0.781250,1.550,-2.664,0.679,32.54
2026-02-12 18:25:02.935,794.800,0.314697,0.504883,-0.780273,1.626,-3.137,0.321,32.64
2026-02-12 18:25:03.035,794.900,0.317139,0.503174,-0.782959,1.794,-3.053,-0.023,32.59
2026-02-12 18:25:03.135,795.000,0.316650,0.502441,-0.788574,1.863,-2.748,0.260,32.29
2026-02-12 18:25:03.235,795.100,0.319580,0.504639,-0.782959,1.664,-2.748,0.328,32.54
2026-02-12 18:25:03.335,795.200,0.315918,0.505371,-0.788574,1.733,-2.748,0.221,32.59
2026-02-12 18:25:03.435,795.300,0.317139,0.504395,-0.781250,1.725,-2.641,0.412,32.64
2026-02-12 18:25:03.535,795.400,0.318848,0.506104,-0.780029,1.656,-2.679,0.427,32.54
2026-02-12 18:25:03.635,795.500,0.317871,0.506836,-0.786621,1.679,-2.656,0.153,32.59
2026-02-12 18:25:03.735,795.600,0.316895,0.508057,-0.781494,1.626,-2.664,0.031,32.44
2026-02-12 18:25:03.835,795.700,0.317139,0.505371,-0.787354,1.634,-2.763,0.359,32.44
2026-02-12 18:25:03.935,795.800,0.319092,0.505615,-0.787354,1.733,-2.534,0.450,32.44
2026-02-12 18:25:04.035,795.900,0.318359,0.506592,-0.782471,1.756,-2.656,0.290,32.29
2026-02-12 18:25:04.135,796.000,0.318848,0.506592,-0.791748,1.611,-2.885,0.397,32.59
2026-02-12 18:25:04.235,796.100,0.316162,0.501465,-0.784424,1.756,-3.053,0.344,32.25
2026-02-12 18:25:04.335,796.200,0.317871,0.505859,-0.786865,1.771,-2.611,0.359,32.64
2026-02-12 18:25:04.435,796.300,0.313232,0.503418,-0.777344,1.710,-2.931,0.504,32.78
2026-02-12 18:25:04.535,796.400,0.320557,0.503174,-0.786621,1.756,-2.748,0.466,32.59
2026-02-12 18:25:04.635,796.500,0.313232,0.506836,-0.783691,1.511,-3.023,0.305,32.64
2026-02-12 18:25:04.735,796.600,0.315918,0.503906,-0.780029,1.931,-2.725,0.458,32.44
2026-02-12 18:25:04.835,796.700,0.314941,0.503662,-0.781738,1.794,-2.832,0.153,32.64
2026-02-12 18:25:04.935,796.800,0.318115,0.500244,-0.782471,1.733,-2.763,0.305,32.54
2026-02-12 18:25:05.035,796.900,0.313721,0.504150,-0.774170,1.664,-2.878,0.321,32.64
2026-02-12 18:25:05.135,797.000,0.317383,0.503662,-0.781982,1.687,-2.756,-0.061,32.54
2026-02-12 18:25:05.235,797.100,0.315430,0.503906,-0.784180,1.672,-2.954,0.244,32.83
2026-02-12 18:25:05.335,797.200,0.319092,0.503662,-0.782227,1.458,-2.710,0.023,32.25
2026-02-12 18:25:05.435,797.300,0.313965,0.507324,-0.783447,1.771,-3.107,0.221,32.54
2026-02-12 18:25:05.535,797.400,0.316162,0.504395,-0.780762,1.847,-3.008,0.267,32.54
2026-02-12 18:25:05.635,797.500,0.314697,0.508301,-0.788818,1.573,-2.794,0.366,32.44
2026-02-12 18:25:05.735,797.600,0.318604,0.501221,-0.778076,1.565,-2.779,0.313,32.59
2026-02-12 18:25:05.835,797.700,0.320068,0.504395,-0.783447,1.969,-2.985,0.313,32.39
2026-02-12 18:25:05.935,797.800,0.316162,0.501221,-0.783447,1.725,-3.122,0.290,32.44
2026-02-12 18:25:06.035,797.900,0.315186,0.506104,-0.781006,1.634,-2.809,0.237,32.29
2026-02-12 18:25:06.135,798.000,0.317139,0.507080,-0.783203,1.832,-3.076,0.519,32.64
2026-02-12 18:25:06.235,798.100,0.319580,0.504150,-0.787598,1.947,-2.901,0.244,32.59
2026-02-12 18:25:06.335,798.200,0.320068,0.503418,-0.787109,1.496,-2.740,0.267,32.74
2026-02-12 18:25:06.435,798.300,0.316650,0.505615,-0.781006,1.550,-2.779,0.344,32.74
2026-02-12 18:25:06.535,798.400,0.315674,0.504639,-0.777344,1.649,-2.885,0.290,32.39
2026-02-12 18:25:06.635,798.500,0.316895,0.505371,-0.781738,1.962,-2.947,0.237,32.59
2026-02-12 18:25:06.735,798.600,0.316162,0.503906,-0.789551,1.847,-2.893,0.237,32.74
2026-02-12 18:25:06.835,798.700,0.315918,0.502441,-0.781494,1.863,-3.130,0.069,32.78
2026-02-12 18:25:06.935,798.800,0.316162,0.505859,-0.785889,2.038,-2.802,0.527,32.64
2026-02-12 18:25:07.035,798.900,0.318359,0.505127,-0.781494,1.542,-2.870,-0.160,32.64
2026-02-12 18:25:07.135,799.000,0.315918,0.503418,-0.779785,1.618,-2.847,0.099,32.59
2026-02-12 18:25:07.235,799.100,0.316895,0.500244,-0.782715,1.908,-2.710,0.183,32.39
2026-02-12 18:25:07.335,799.200,0.314941,0.500977,-0.783447,1.542,-2.809,0.237,32.83
2026-02-12 18:25:07.435,799.300,0.317383,0.505859,-0.778809,1.466,-2.786,0.305,32.59
2026-02-12 18:25:07.535,799.400,0.317871,0.503906,-0.780762,1.740,-2.817,0.305,32.64
2026-02-12 18:25:07.635,799.500,0.318848,0.507568,-0.783203,1.779,-3.092,0.160,32.39
2026-02-12 18:25:07.735,799.600,0.320557,0.507812,-0.785645,1.695,-2.687,0.122,32.20
2026-02-12 18:25:07.835,799.700,0.317871,0.506348,-0.781006,1.550,-2.840,0.298,32.29
2026-02-12 18:25:07.935,799.800,0.317627,0.505859,-0.780273,1.763,-2.870,0.176,32.78
2026-02-12 18:25:08.035,799.900,0.320068,0.505615,-0.782715,1.702,-2.931,0.206,32.59
2026-02-12 18:25:08.135,800.000,0.317871,0.504639,-0.779297,1.519,-3.023,0.145,32.39
2026-02-12 18:25:08.235,800.100,0.317383,0.500977,-0.783691,1.542,-3.069,0.130,32.39
2026-02-12 18:25:08.335,800.200,0.314209,0.508301,-0.784424,1.511,-2.763,0.382,32.64
2026-02-12 18:25:08.435,800.300,0.317871,0.501709,-0.781006,1.565,-2.786,0.130,32.59
2026-02-12 18:25:08.535,800.400,0.314453,0.503662,-0.783203,1.985,-2.847,0.366,32.59
2026-02-12 18:25:08.635,800.500,0.318848,0.502441,-0.783936,1.794,-2.855,0.412,32.39
2026-02-12 18:25:08.735,800.600,0.316895,0.507812,-0.782471,1.824,-2.802,0.214,32.39
2026-02-12 18:25:08.835,800.700,0.317139,0.504639,-0.780029,1.786,-2.893,0.366,32.78
2026-02-12 18:25:08.935,800.800,0.316650,0.505615,-0.782227,1.794,-3.183,0.344,32.74
2026-02-12 18:25:09.035,800.900,0.315674,0.503174,-0.783936,1.748,-2.733,0.260,32.44
2026-02-12 18:25:09.135,801.000,0.314453,0.501709,-0.782471,1.786,-2.878,0.069,32.44
2026-02-12 18:25:09.235,801.100,0.315430,0.504639,-0.785156,1.977,-2.985,0.412,32.20
2026-02-12 18:25:09.335,801.200,0.315430,0.502441,-0.782227,1.687,-2.908,0.298,32.59
2026-02-12 18:25:09.435,801.300,0.313232,0.501465,-0.782471,1.595,-2.702,0.313,32.44
2026-02-12 18:25:09.535,801.400,0.313721,0.506592,-0.781982,1.916,-3.084,0.137,32.39
2026-02-12 18:25:09.635,801.500,0.317871,0.502441,-0.781494,1.847,-2.847,0.107,32.74
2026-02-12 18:25:09.735,801.600,0.314941,0.504883,-0.782959,1.481,-2.939,0.282,32.39
2026-02-12 18:25:09.835,801.700,0.312256,0.504639,-0.782715,1.802,-3.115,0.115,32.59
2026-02-12 18:25:09.935,801.800,0.315186,0.505615,-0.786865,2.015,-3.191,0.237,32.10
2026-02-12 18:25:10.035,801.900,0.316406,0.504150,-0.783447,1.550,-2.588,-0.008,32.64
2026-02-12 18:25:10.135,802.000,0.318359,0.503174,-0.786377,1.473,-2.725,0.137,32.44
2026-02-12 18:25:10.235,802.100,0.320557,0.505371,-0.779297,1.756,-2.824,0.397,32.54
2026-02-12 18:25:10.335,802.200,0.314209,0.507812,-0.783691,1.802,-2.748,0.351,32.39
2026-02-12 18:25:10.435,802.300,0.315674,0.504150,-0.783936,1.832,-2.702,0.145,32.78
2026-02-12 18:25:10.535,802.400,0.317383,0.502930,-0.787109,1.725,-2.931,0.206,32.59
2026-02-12 18:25:10.635,802.500,0.315674,0.501953,-0.778076,1.534,-2.977,0.267,32.83
2026-02-12 18:25:10.735,802.600,0.319580,0.502930,-0.778809,1.893,-3.000,0.260,32.59
2026-02-12 18:25:10.835,802.700,0.318848,0.504395,-0.780762,1.817,-2.809,0.450,32.64
2026-02-12 18:25:10.935,802.800,0.316650,0.500000,-0.780518,1.679,-2.863,0.328,32.59
2026-02-12 18:25:11.035,802.900,0.315674,0.506348,-0.780029,1.802,-2.954,0.282,32.64
2026-02-12 18:25:11.135,803.000,0.315918,0.502930,-0.785645,2.061,-2.992,0.511,32.54
2026-02-12 18:25:11.235,803.100,0.317139,0.501465,-0.782959,1.725,-3.008,0.626,32.64
2026-02-12 18:25:11.335,803.200,0.316895,0.504150,-0.787109,1.527,-2.718,0.290,32.54
2026-02-12 18:25:11.435,803.300,0.313965,0.502930,-0.782471,1.656,-2.885,0.214,32.59
2026-02-12 18:25:11.535,803.400,0.312744,0.502930,-0.785645,1.618,-2.626,0.260,32.64
2026-02-12 18:25:11.635,803.500,0.318359,0.506592,-0.782471,1.679,-2.893,-0.008,32.74
2026-02-12 18:25:11.735,803.600,0.314697,0.505127,-0.783936,1.718,-2.771,0.412,32.59
2026-02-12 18:25:11.835,803.700,0.314697,0.509033,-0.782227,1.725,-2.893,0.321,32.64
2026-02-12 18:25:11.935,803.800,0.315430,0.505859,-0.788574,2.046,-2.748,0.252,32.59
2026-02-12 18:25:12.035,803.900,0.314209,0.504395,-0.785156,1.641,-2.985,0.145,32.64
2026-02-12 18:25:12.135,804.000,0.320801,0.502930,-0.784668,1.679,-2.924,0.580,32.59
2026-02-12 18:25:12.235,804.100,0.320557,0.504150,-0.786133,1.634,-2.977,0.244,32.20
2026-02-12 18:25:12.335,804.200,0.319824,0.503906,-0.786377,1.664,-2.611,0.588,32.20
2026-02-12 18:25:12.435,804.300,0.318604,0.507568,-0.779541,1.763,-2.954,0.412,32.39
2026-02-12 18:25:12.535,804.400,0.317139,0.506592,-0.789795,1.710,-2.634,0.458,32.64
2026-02-12 18:25:12.635,804.500,0.316406,0.505127,-0.778564,1.824,-2.916,0.618,32.64
2026-02-12 18:25:12.735,804.600,0.314941,0.505371,-0.784180,1.618,-2.924,0.718,32.39
2026-02-12 18:25:12.835,804.700,0.316650,0.502197,-0.783203,1.779,-2.985,0.344,32.78
2026-02-12 18:25:12.935,804.800,0.317871,0.507324,-0.785889,1.817,-3.053,0.328,32.74
2026-02-12 18:25:13.035,804.900,0.315674,0.503418,-0.785889,1.679,-2.695,0.435,32.39
2026-02-12 18:25:13.135,805.000,0.318115,0.502197,-0.780029,1.725,-2.786,0.328,32.29
2026-02-12 18:25:13.235,805.100,0.319336,0.503906,-0.784912,1.695,-2.962,0.267,32.44
2026-02-12 18:25:13.335,805.200,0.318604,0.505859,-0.779297,1.534,-2.672,0.321,32.64
2026-02-12 18:25:13.435,805.300,0.319580,0.505127,-0.787109,1.885,-3.023,0.435,32.64
2026-02-12 18:25:13.535,805.400,0.320312,0.504150,-0.788330,1.573,-2.947,0.389,32.44
2026-02-12 18:25:13.635,805.500,0.317871,0.503906,-0.790771,1.504,-2.702,0.244,32.39
2026-02-12 18:25:13.735,805.600,0.317627,0.505127,-0.784180,1.824,-2.809,0.198,32.64
2026-02-12 18:25:13.835,805.700,0.315430,0.504883,-0.782959,1.863,-2.840,0.328,32.39
2026-02-12 18:25:13.935,805.800,0.315674,0.506104,-0.785645,1.847,-2.542,0.099,32.59
2026-02-12 18:25:14.035,805.900,0.317383,0.509521,-0.778320,1.580,-3.076,0.244,32.64
2026-02-12 18:25:14.135,806.000,0.313477,0.505371,-0.781250,1.656,-2.786,0.244,32.59
2026-02-12 18:25:14.235,806.100,0.316162,0.503174,-0.783447,1.511,-2.802,0.305,32.20
2026-02-12 18:25:14.335,806.200,0.319580,0.506104,-0.782227,1.802,-2.847,0.267,32.59
2026-02-12 18:25:14.435,806.300,0.315674,0.504639,-0.781250,1.481,-3.092,0.267,32.78
2026-02-12 18:25:14.535,806.400,0.316895,0.506104,-0.783691,1.718,-2.725,0.145,32.39
2026-02-12 18:25:14.635,806.500,0.318848,0.504883,-0.782959,1.763,-2.725,0.191,32.64
2026-02-12 18:25:14.735,806.600,0.316162,0.506348,-0.784180,1.824,-2.618,0.168,32.59
2026-02-12 18:25:14.835,806.700,0.313721,0.504395,-0.780518,1.878,-2.947,0.405,32.64
2026-02-12 18:25:14.935,806.800,0.314941,0.508789,-0.778076,1.756,-3.069,0.244,32.59
2026-02-12 18:25:15.035,806.900,0.314941,0.502930,-0.783936,1.695,-2.603,0.267,32.59
2026-02-12 18:25:15.135,807.000,0.319580,0.506592,-0.780762,1.779,-2.733,0.328,32.74
2026-02-12 18:25:15.235,807.100,0.318604,0.504639,-0.783203,1.840,-2.756,0.313,32.54
2026-02-12 18:25:15.335,807.200,0.315674,0.507324,-0.780029,1.786,-2.939,-0.008,32.64
2026-02-12 18:25:15.435,807.300,0.316895,0.508057,-0.785645,1.527,-2.817,0.351,32.54
2026-02-12 18:25:15.535,807.400,0.319336,0.505859,-0.785400,1.435,-2.878,0.031,32.78
2026-02-12 18:25:15.635,807.500,0.313477,0.505127,-0.786377,1.794,-2.916,0.405,32.54
2026-02-12 18:25:15.735,807.600,0.316895,0.504150,-0.780029,1.550,-2.878,0.160,32.54
2026-02-12 18:25:15.835,807.700,0.320557,0.504883,-0.779297,1.603,-2.840,0.046,32.59
2026-02-12 18:25:15.935,807.800,0.315918,0.506348,-0.787109,1.519,-2.824,0.237,32.64
2026-02-12 18:25:16.035,807.900,0.310059,0.505127,-0.784912,1.672,-2.977,0.313,32.39
2026-02-12 18:25:16.135,808.000,0.313965,0.506836,-0.783691,1.802,-2.832,0.504,32.59
2026-02-12 18:25:16.235,808.100,0.312500,0.508057,-0.786377,1.489,-2.802,0.397,32.54
2026-02-12 18:25:16.335,808.200,0.318115,0.506104,-0.782959,1.824,-3.023,0.244,32.64
2026-02-12 18:25:16.435,808.300,0.319824,0.508057,-0.783691,1.756,-2.954,0.237,32.64
2026-02-12 18:25:16.535,808.400,0.316406,0.501709,-0.786377,1.870,-2.985,0.115,32.64
2026-02-12 18:25:16.635,808.500,0.316162,0.504639,-0.783447,1.664,-2.893,0.244,32.44
2026-02-12 18:25:16.735,808.600,0.314941,0.505859,-0.783203,1.618,-2.763,0.313,32.44
2026-02-12 18:25:16.835,808.700,0.318848,0.506348,-0.785400,1.931,-2.779,0.405,32.74
2026-02-12 18:25:16.935,808.800,0.315186,0.505859,-0.784912,1.840,-3.160,0.344,32.78
2026-02-12 18:25:17.035,808.900,0.318848,0.501953,-0.783936,1.733,-2.885,0.099,32.64
2026-02-12 18:25:17.135,809.000,0.315918,0.503662,-0.783203,1.550,-2.687,0.282,33.08
2026-02-12 18:25:17.235,809.100,0.319092,0.505859,-0.783203,1.794,-2.725,0.366,32.25
2026-02-12 18:25:17.335,809.200,0.314941,0.505127,-0.788086,1.611,-2.969,0.351,32.64
2026-02-12 18:25:17.435,809.300,0.318604,0.505859,-0.776123,1.771,-2.733,0.450,32.64
2026-02-12 18:25:17.535,809.400,0.314697,0.505127,-0.781738,1.695,-2.878,0.656,32.44
2026-02-12 18:25:17.635,809.500,0.315918,0.506348,-0.784912,1.779,-2.824,0.214,32.39
2026-02-12 18:25:17.735,809.600,0.312500,0.504395,-0.785645,1.702,-2.557,0.282,32.59
2026-02-12 18:25:17.835,809.700,0.319336,0.505127,-0.781006,1.870,-3.168,0.191,32.39
2026-02-12 18:25:17.935,809.800,0.316162,0.506348,-0.784180,1.748,-2.710,0.313,32.59
2026-02-12 18:25:18.035,809.900,0.315918,0.503174,-0.780762,1.718,-2.870,0.351,32.74
2026-02-12 18:25:18.135,810.000,0.315674,0.502197,-0.787109,1.679,-3.229,0.229,32.39
2026-02-12 18:25:18.235,810.100,0.318115,0.499512,-0.779541,1.817,-2.916,0.237,32.54
2026-02-12 18:25:18.335,810.200,0.319336,0.505371,-0.788574,1.748,-2.748,0.260,32.39
2026-02-12 18:25:18.435,810.300,0.319092,0.503906,-0.782227,1.603,-2.878,0.580,32.54
2026-02-12 18:25:18.535,810.400,0.316650,0.500977,-0.778320,1.603,-2.847,0.176,32.78
2026-02-12 18:25:18.635,810.500,0.317627,0.503418,-0.780029,1.786,-2.733,0.153,32.39
2026-02-12 18:25:18.735,810.600,0.316162,0.506836,-0.786133,1.641,-2.702,0.275,32.59
2026-02-12 18:25:18.835,810.700,0.320068,0.505371,-0.780762,1.947,-2.969,0.168,32.54
2026-02-12 18:25:18.935,810.800,0.319336,0.505615,-0.781982,1.679,-2.802,0.244,32.59
2026-02-12 18:25:19.035,810.900,0.314209,0.503662,-0.781738,1.779,-2.779,0.382,32.29
2026-02-12 18:25:19.135,811.000,0.317139,0.506104,-0.782471,1.794,-2.985,0.573,32.59
2026-02-12 18:25:19.235,811.100,0.315918,0.503906,-0.784424,1.641,-2.809,0.450,32.64
2026-02-12 18:25:19.335,811.200,0.315186,0.503418,-0.786621,1.840,-3.038,0.321,32.29
2026-02-12 18:25:19.435,811.300,0.321533,0.502930,-0.781250,1.794,-2.847,0.221,32.59
2026-02-12 18:25:19.535,811.400,0.314697,0.507568,-0.781982,1.679,-3.160,0.229,32.74
2026-02-12 18:25:19.635,811.500,0.314209,0.499512,-0.782227,2.008,-2.756,0.153,32.59
2026-02-12 18:25:19.735,811.600,0.318604,0.506348,-0.787354,1.687,-2.779,0.290,32.25
2026-02-12 18:25:19.835,811.700,0.314941,0.504395,-0.785645,1.634,-2.786,0.221,32.29
2026-02-12 18:25:19.935,811.800,0.310791,0.501709,-0.787109,1.595,-2.893,0.412,32.59
2026-02-12 18:25:20.035,811.900,0.315186,0.502197,-0.784424,1.702,-2.916,0.397,32.59
2026-02-12 18:25:20.135,812.000,0.315918,0.503662,-0.778564,1.847,-2.901,0.176,32.64
2026-02-12 18:25:20.235,812.100,0.313965,0.506348,-0.781494,1.954,-2.802,0.282,32.64
2026-02-12 18:25:20.335,812.200,0.319824,0.504395,-0.783691,1.786,-3.046,0.534,32.59
2026-02-12 18:25:20.435,812.300,0.318115,0.507568,-0.781738,1.695,-2.916,0.214,32.29
2026-02-12 18:25:20.535,812.400,0.315674,0.506104,-0.788330,1.740,-2.740,0.221,32.29
2026-02-12 18:25:20.635,812.500,0.317383,0.507080,-0.785889,1.939,-2.870,0.267,32.64
2026-02-12 18:25:20.735,812.600,0.319336,0.506592,-0.782471,1.992,-2.832,0.267,32.54
2026-02-12 18:25:20.835,812.700,0.317139,0.506836,-0.782959,1.389,-2.947,0.168,32.39
2026-02-12 18:25:20.935,812.800,0.312256,0.500244,-0.783936,1.565,-3.015,0.244,32.44
2026-02-12 18:25:21.035,812.900,0.317627,0.503662,-0.788086,1.718,-2.885,0.015,32.78
2026-02-12 18:25:21.135,813.000,0.316895,0.505127,-0.783203,1.908,-2.824,0.214,32.64
2026-02-12 18:25:21.235,813.100,0.313232,0.503174,-0.785400,1.664,-2.870,0.053,32.59
2026-02-12 18:25:21.335,813.200,0.315674,0.502197,-0.785645,1.634,-2.603,0.122,32.39
2026-02-12 18:25:21.435,813.300,0.316650,0.507568,-0.781738,1.603,-2.916,0.321,32.59
2026-02-12 18:25:21.535,813.400,0.313232,0.500977,-0.782715,1.840,-2.870,0.519,32.39
2026-02-12 18:25:21.635,813.500,0.319580,0.504883,-0.783203,1.832,-2.832,0.084,32.54
2026-02-12 18:25:21.735,813.600,0.316406,0.506592,-0.780518,1.618,-3.031,0.313,32.29
2026-02-12 18:25:21.835,813.700,0.318359,0.505859,-0.783936,1.824,-2.756,0.321,32.74
2026-02-12 18:25:21.935,813.800,0.318848,0.504883,-0.784424,1.435,-2.527,0.473,32.54
2026-02-12 18:25:22.035,813.900,0.314209,0.506836,-0.788330,1.870,-3.069,0.313,32.59
2026-02-12 18:25:22.135,814.000,0.317627,0.504150,-0.783203,1.672,-2.863,0.191,32.54
2026-02-12 18:25:22.235,814.100,0.312988,0.506592,-0.778809,1.718,-2.916,0.427,32.39
2026-02-12 18:25:22.335,814.200,0.319336,0.502197,-0.785645,1.672,-2.725,0.130,32.39
2026-02-12 18:25:22.435,814.300,0.317383,0.507568,-0.784668,1.725,-2.885,0.237,32.59
2026-02-12 18:25:22.535,814.400,0.318115,0.505127,-0.784424,1.672,-2.908,0.198,32.59
2026-02-12 18:25:22.635,814.500,0.315674,0.503662,-0.781494,2.015,-2.878,0.344,32.98
2026-02-12 18:25:22.735,814.600,0.319580,0.505371,-0.784912,1.916,-3.038,0.168,32.25
2026-02-12 18:25:22.835,814.700,0.319336,0.501465,-0.780762,1.885,-2.763,0.412,32.54
2026-02-12 18:25:22.935,814.800,0.317871,0.505615,-0.790283,1.672,-3.031,0.366,32.29
2026-02-12 18:25:23.035,814.900,0.312744,0.500244,-0.787354,1.885,-3.046,0.038,32.64
2026-02-12 18:25:23.135,815.000,0.321289,0.508789,-0.780029,1.824,-2.901,0.382,32.29
2026-02-12 18:25:23.235,815.100,0.316895,0.503174,-0.784668,1.603,-2.702,0.153,32.29
2026-02-12 18:25:23.335,815.200,0.315918,0.505127,-0.783447,1.740,-2.863,0.122,32.59
2026-02-12 18:25:23.435,815.300,0.315918,0.508789,-0.781738,1.824,-2.863,0.229,32.39
2026-02-12 18:25:23.535,815.400,0.316162,0.501953,-0.778809,1.656,-2.969,0.321,32.29
2026-02-12 18:25:23.635,815.500,0.314941,0.504639,-0.781006,1.580,-2.748,0.435,32.54
2026-02-12 18:25:23.735,815.600,0.314453,0.506348,-0.783936,1.824,-2.969,0.244,32.39
2026-02-12 18:25:23.835,815.700,0.317627,0.503662,-0.781738,1.664,-2.863,0.237,32.59
2026-02-12 18:25:23.935,815.800,0.319092,0.509277,-0.785645,1.901,-2.954,0.168,32.39
2026-02-12 18:25:24.035,815.900,0.313721,0.504150,-0.782959,1.427,-2.763,0.282,32.64
2026-02-12 18:25:24.135,816.000,0.319336,0.506104,-0.786377,1.763,-3.046,0.290,32.20
2026-02-12 18:25:24.235,816.100,0.315430,0.502930,-0.781006,1.763,-2.710,0.328,32.59
2026-02-12 18:25:24.335,816.200,0.320557,0.508545,-0.783936,1.832,-2.710,0.443,32.64
2026-02-12 18:25:24.435,816.300,0.316406,0.506592,-0.790771,1.779,-3.031,0.229,32.64
2026-02-12 18:25:24.535,816.400,0.318115,0.502441,-0.779541,1.710,-2.985,0.534,32.83
2026-02-12 18:25:24.635,816.500,0.316650,0.508789,-0.781494,1.779,-2.992,0.191,32.44
2026-02-12 18:25:24.735,816.600,0.316650,0.501465,-0.784180,1.573,-2.832,0.183,32.44
2026-02-12 18:25:24.835,816.700,0.321533,0.506104,-0.787598,1.466,-2.901,0.351,32.59
2026-02-12 18:25:24.935,816.800,0.313965,0.505371,-0.782959,1.687,-2.855,0.237,32.44
2026-02-12 18:25:25.035,816.900,0.316162,0.503662,-0.778076,1.840,-3.053,0.389,32.93
2026-02-12 18:25:25.135,817.000,0.313965,0.505127,-0.785889,1.489,-2.893,0.374,32.59
2026-02-12 18:25:25.235,817.100,0.313477,0.504150,-0.781494,1.794,-2.901,0.252,32.29
2026-02-12 18:25:25.335,817.200,0.320312,0.506104,-0.784668,1.702,-2.939,0.198,32.29
2026-02-12 18:25:25.435,817.300,0.320068,0.502686,-0.782471,1.626,-2.962,0.267,32.59
2026-02-12 18:25:25.535,817.400,0.314697,0.508057,-0.780518,1.634,-2.863,0.237,32.59
2026-02-12 18:25:25.635,817.500,0.318359,0.504150,-0.785156,1.534,-2.756,0.382,32.59
2026-02-12 18:25:25.735,817.600,0.316650,0.507812,-0.785400,1.794,-2.802,0.336,32.59
2026-02-12 18:25:25.835,817.700,0.317383,0.507324,-0.778564,1.649,-2.656,0.351,32.44
2026-02-12 18:25:25.935,817.800,0.319580,0.504150,-0.786377,1.847,-2.794,0.282,32.64
2026-02-12 18:25:26.035,817.900,0.314697,0.505127,-0.785156,1.458,-2.977,0.145,32.39
2026-02-12 18:25:26.135,818.000,0.317383,0.503906,-0.788818,1.878,-2.908,-0.084,32.64
2026-02-12 18:25:26.235,818.100,0.316650,0.504639,-0.783203,1.695,-2.733,0.130,32.59
2026-02-12 18:25:26.335,818.200,0.314453,0.506592,-0.786621,1.687,-2.969,0.313,32.39
2026-02-12 18:25:26.435,818.300,0.314209,0.507080,-0.778320,1.534,-2.771,0.534,32.44
2026-02-12 18:25:26.535,818.400,0.316895,0.506592,-0.782471,1.664,-2.740,0.290,32.39
2026-02-12 18:25:26.635,818.500,0.315918,0.504639,-0.786377,1.504,-2.931,0.420,32.59
2026-02-12 18:25:26.735,818.600,0.315430,0.506592,-0.785400,1.679,-2.878,0.305,32.25
2026-02-12 18:25:26.835,818.700,0.320557,0.502686,-0.783203,1.634,-2.992,0.290,32.29
2026-02-12 18:25:26.935,818.800,0.320557,0.505859,-0.782227,1.779,-2.618,0.427,32.64
2026-02-12 18:25:27.035,818.900,0.312744,0.503662,-0.785645,1.878,-2.672,0.214,32.59
2026-02-12 18:25:27.135,819.000,0.312256,0.503174,-0.784668,1.664,-2.725,0.527,32.54
2026-02-12 18:25:27.235,819.100,0.317871,0.504639,-0.784912,1.863,-2.725,0.557,32.78
2026-02-12 18:25:27.335,819.200,0.315186,0.509033,-0.781494,1.649,-2.924,0.473,32.64
2026-02-12 18:25:27.435,819.300,0.316895,0.506104,-0.786377,1.672,-2.649,0.321,32.44
2026-02-12 18:25:27.535,819.400,0.318359,0.505859,-0.786621,2.000,-2.847,0.336,32.59
2026-02-12 18:25:27.635,819.500,0.312012,0.505859,-0.781494,1.779,-2.885,0.351,32.64
2026-02-12 18:25:27.735,819.600,0.315674,0.505615,-0.782715,2.023,-3.214,0.031,32.29
2026-02-12 18:25:27.835,819.700,0.320312,0.507324,-0.785156,1.756,-2.962,0.260,32.78
2026-02-12 18:25:27.935,819.800,0.321533,0.506836,-0.782227,1.809,-3.115,0.183,32.39
2026-02-12 18:25:28.035,819.900,0.317871,0.503418,-0.781982,1.527,-3.153,0.573,32.64
2026-02-12 18:25:28.135,820.000,0.316650,0.502686,-0.785645,1.756,-2.954,0.527,32.64
2026-02-12 18:25:28.235,820.100,0.314941,0.507568,-0.784668,1.817,-3.038,0.389,32.83
2026-02-12 18:25:28.335,820.200,0.319824,0.502441,-0.781250,1.794,-2.542,0.550,32.44
2026-02-12 18:25:28.435,820.300,0.316162,0.500732,-0.789795,1.626,-3.298,0.298,32.64
2026-02-12 18:25:28.535,820.400,0.319336,0.505371,-0.779785,1.733,-2.809,0.244,32.20
2026-02-12 18:25:28.635,820.500,0.318359,0.505371,-0.782959,1.519,-2.985,0.298,32.64
2026-02-12 18:25:28.735,820.600,0.318848,0.502197,-0.783936,1.740,-2.832,0.351,32.64
2026-02-12 18:25:28.835,820.700,0.318115,0.504395,-0.786133,1.580,-2.679,0.405,32.59
2026-02-12 18:25:28.935,820.800,0.318604,0.504395,-0.778809,1.687,-2.870,0.191,32.29
2026-02-12 18:25:29.035,820.900,0.314453,0.503418,-0.780273,1.802,-2.733,0.427,32.54
2026-02-12 18:25:29.135,821.000,0.312744,0.506104,-0.783203,1.893,-3.031,0.397,32.59
2026-02-12 18:25:29.235,821.100,0.317871,0.506348,-0.781982,1.588,-2.840,0.443,32.44
2026-02-12 18:25:29.335,821.200,0.317627,0.508057,-0.786133,1.885,-3.084,0.290,32.44
2026-02-12 18:25:29.435,821.300,0.313721,0.504395,-0.780518,1.809,-2.855,0.321,32.44
2026-02-12 18:25:29.535,821.400,0.317383,0.504883,-0.783203,1.634,-2.863,0.260,32.25
2026-02-12 18:25:29.635,821.500,0.315918,0.506104,-0.781250,1.534,-2.878,0.420,32.59
2026-02-12 18:25:29.735,821.600,0.316650,0.505127,-0.782959,1.840,-2.763,0.443,32.64
2026-02-12 18:25:29.835,821.700,0.314209,0.506592,-0.783691,2.023,-2.878,0.550,32.25
2026-02-12 18:25:29.935,821.800,0.316650,0.505371,-0.790283,1.695,-2.824,0.321,32.78
2026-02-12 18:25:30.035,821.900,0.313721,0.504883,-0.779541,1.618,-2.756,0.473,32.59
2026-02-12 18:25:30.135,822.000,0.314453,0.501709,-0.784668,1.756,-3.130,0.427,32.64
2026-02-12 18:25:30.235,822.100,0.316650,0.506592,-0.788574,1.718,-2.893,0.229,32.59
2026-02-12 18:25:30.335,822.200,0.316895,0.505615,-0.784668,1.641,-2.649,0.282,32.64
2026-02-12 18:25:30.435,822.300,0.314209,0.503418,-0.783691,1.870,-2.893,0.427,32.29
2026-02-12 18:25:30.535,822.400,0.317871,0.504639,-0.785400,1.634,-2.954,0.137,32.59
2026-02-12 18:25:30.635,822.500,0.314697,0.504639,-0.781494,1.748,-2.832,0.084,32.59
2026-02-12 18:25:30.735,822.600,0.316895,0.503906,-0.785645,1.565,-2.939,0.061,32.74
2026-02-12 18:25:30.835,822.700,0.317139,0.508301,-0.782715,1.771,-2.824,0.267,32.59
2026-02-12 18:25:30.935,822.800,0.318115,0.504395,-0.781738,1.817,-3.000,0.275,32.59
2026-02-12 18:25:31.035,822.900,0.315186,0.507324,-0.784424,1.603,-2.977,0.115,32.64
2026-02-12 18:25:31.135,823.000,0.315430,0.504395,-0.783936,1.931,-2.947,0.252,32.78
2026-02-12 18:25:31.235,823.100,0.317871,0.505127,-0.788818,1.679,-2.985,0.412,32.54
2026-02-12 18:25:31.335,823.200,0.313477,0.507812,-0.783447,1.725,-2.954,0.412,32.59
2026-02-12 18:25:31.435,823.300,0.317383,0.506836,-0.774658,1.725,-2.840,0.282,32.54
2026-02-12 18:25:31.535,823.400,0.314453,0.503418,-0.780762,1.786,-2.893,0.473,32.59
2026-02-12 18:25:31.635,823.500,0.316895,0.504150,-0.781982,1.405,-2.939,0.053,32.64
2026-02-12 18:25:31.735,823.600,0.320068,0.503906,-0.782959,1.809,-2.786,0.420,32.25
2026-02-12 18:25:31.835,823.700,0.314453,0.506348,-0.784668,1.588,-2.962,0.313,32.74
2026-02-12 18:25:31.935,823.800,0.313477,0.500000,-0.782715,1.710,-3.031,0.458,32.59
2026-02-12 18:25:32.035,823.900,0.318848,0.503906,-0.788330,1.695,-2.656,0.084,32.74
2026-02-12 18:25:32.135,824.000,0.317627,0.501221,-0.788086,1.756,-2.947,0.344,32.64
2026-02-12 18:25:32.235,824.100,0.315186,0.506836,-0.787842,1.794,-3.069,0.153,32.39
2026-02-12 18:25:32.335,824.200,0.314209,0.502197,-0.786133,1.740,-2.878,0.504,32.44
2026-02-12 18:25:32.435,824.300,0.317627,0.503906,-0.779541,1.458,-2.588,0.168,32.59
2026-02-12 18:25:32.535,824.400,0.316406,0.502197,-0.784180,1.611,-2.718,0.328,32.59
2026-02-12 18:25:32.635,824.500,0.315674,0.503418,-0.783936,1.687,-3.076,0.305,32.64
2026-02-12 18:25:32.735,824.600,0.314697,0.503662,-0.777344,1.832,-2.870,0.282,32.64
2026-02-12 18:25:32.835,824.700,0.319824,0.504395,-0.782715,1.473,-2.977,0.550,32.25
2026-02-12 18:25:32.935,824.800,0.318604,0.505127,-0.787598,1.618,-2.672,0.267,32.44
2026-02-12 18:25:33.035,824.900,0.316650,0.500244,-0.787354,1.656,-3.053,0.389,32.64
2026-02-12 18:25:33.135,825.000,0.314941,0.502686,-0.787354,1.771,-2.924,0.061,32.44
2026-02-12 18:25:33.235,825.100,0.312500,0.504883,-0.781738,1.641,-3.015,0.374,32.44
2026-02-12 18:25:33.335,825.200,0.317383,0.505859,-0.783691,1.511,-2.771,0.504,32.20
2026-02-12 18:25:33.435,825.300,0.314697,0.507324,-0.779053,1.771,-2.809,0.527,32.78
2026-02-12 18:25:33.535,825.400,0.316406,0.500488,-0.785400,1.969,-2.863,0.198,32.54
2026-02-12 18:25:33.635,825.500,0.318115,0.508545,-0.786133,1.878,-2.771,0.252,32.64
2026-02-12 18:25:33.735,825.600,0.315186,0.505371,-0.787598,1.878,-2.794,0.435,32.39
2026-02-12 18:25:33.835,825.700,0.318848,0.504883,-0.779297,1.710,-3.084,0.282,32.44
2026-02-12 18:25:33.935,825.800,0.317871,0.503662,-0.784424,1.733,-2.710,0.221,32.29
2026-02-12 18:25:34.035,825.900,0.312744,0.504883,-0.786621,1.824,-2.878,0.237,32.59
2026-02-12 18:25:34.135,826.000,0.312744,0.506104,-0.785889,1.664,-2.809,0.313,32.54
2026-02-12 18:25:34.235,826.100,0.314697,0.506104,-0.780029,1.786,-2.718,0.137,32.59
2026-02-12 18:25:34.335,826.200,0.312988,0.503418,-0.781250,1.718,-2.832,0.298,32.64
2026-02-12 18:25:34.435,826.300,0.319580,0.504395,-0.780029,1.702,-2.916,0.351,32.78
2026-02-12 18:25:34.535,826.400,0.316162,0.504639,-0.785400,1.893,-3.099,0.237,32.29
2026-02-12 18:25:34.635,826.500,0.315430,0.504639,-0.785400,1.885,-2.901,0.351,32.59
2026-02-12 18:25:34.735,826.600,0.315430,0.504395,-0.783447,1.756,-2.893,0.359,32.64
2026-02-12 18:25:34.835,826.700,0.317627,0.506104,-0.783936,1.687,-2.870,0.412,32.44
2026-02-12 18:25:34.935,826.800,0.315430,0.507568,-0.779785,1.626,-2.786,-0.061,32.54
2026-02-12 18:25:35.035,826.900,0.317139,0.504395,-0.782959,1.687,-2.779,0.137,32.44
2026-02-12 18:25:35.135,827.000,0.314697,0.503662,-0.780273,1.740,-2.908,0.359,32.59
2026-02-12 18:25:35.235,827.100,0.317627,0.501221,-0.785645,1.748,-2.809,0.450,32.44
2026-02-12 18:25:35.335,827.200,0.318115,0.506348,-0.785156,1.718,-2.771,0.115,32.64
2026-02-12 18:25:35.435,827.300,0.315674,0.504883,-0.787109,1.809,-2.656,0.359,32.44
2026-02-12 18:25:35.535,827.400,0.311768,0.503662,-0.780273,2.298,-3.092,0.427,32.64
2026-02-12 18:25:35.635,827.500,0.312744,0.501953,-0.787598,1.824,-3.099,0.115,32.44
2026-02-12 18:25:35.735,827.600,0.319824,0.504883,-0.786377,1.756,-2.702,0.038,32.59
2026-02-12 18:25:35.835,827.700,0.313965,0.503418,-0.789307,1.695,-2.656,0.191,32.64
2026-02-12 18:25:35.935,827.800,0.316895,0.504639,-0.782959,1.687,-2.763,0.145,32.25
2026-02-12 18:25:36.035,827.900,0.316650,0.505371,-0.788330,1.863,-2.954,0.351,32.59
2026-02-12 18:25:36.135,828.000,0.315918,0.503906,-0.785645,1.542,-2.489,0.137,32.64
2026-02-12 18:25:36.235,828.100,0.318115,0.503418,-0.781494,1.840,-2.977,0.145,32.54
2026-02-12 18:25:36.335,828.200,0.314697,0.500977,-0.786377,1.794,-2.885,0.450,32.59
2026-02-12 18:25:36.435,828.300,0.317871,0.507324,-0.781006,1.817,-2.931,0.573,32.74
2026-02-12 18:25:36.535,828.400,0.316162,0.505615,-0.785156,2.115,-2.863,0.519,32.74
2026-02-12 18:25:36.635,828.500,0.319580,0.505127,-0.782715,1.947,-2.893,0.198,32.59
2026-02-12 18:25:36.735,828.600,0.317627,0.506836,-0.778564,1.672,-2.878,0.603,32.39
2026-02-12 18:25:36.835,828.700,0.313721,0.506592,-0.783447,1.832,-2.832,0.282,32.39
2026-02-12 18:25:36.935,828.800,0.316406,0.501465,-0.780029,1.901,-2.809,0.015,32.44
2026-02-12 18:25:37.035,828.900,0.318359,0.505127,-0.785156,1.573,-3.008,0.489,32.59
2026-02-12 18:25:37.135,829.000,0.319580,0.503906,-0.785889,1.725,-2.840,-0.130,32.54
2026-02-12 18:25:37.235,829.100,0.317871,0.507812,-0.782959,1.786,-2.679,0.092,32.59
2026-02-12 18:25:37.335,829.200,0.317383,0.504150,-0.781738,1.359,-2.855,0.244,32.74
2026-02-12 18:25:37.435,829.300,0.315674,0.504639,-0.784180,1.718,-2.893,0.244,32.29
2026-02-12 18:25:37.535,829.400,0.315186,0.502930,-0.787109,1.924,-2.977,0.275,32.39
2026-02-12 18:25:37.635,829.500,0.316406,0.504150,-0.778076,1.908,-2.863,0.550,32.54
2026-02-12 18:25:37.735,829.600,0.318359,0.502686,-0.780273,1.779,-2.863,0.076,32.54
2026-02-12 18:25:37.835,829.700,0.317383,0.504395,-0.783203,1.641,-2.634,0.313,32.44
2026-02-12 18:25:37.935,829.800,0.315918,0.509277,-0.778564,1.687,-2.931,0.366,32.64
2026-02-12 18:25:38.035,829.900,0.316162,0.502930,-0.781250,1.618,-2.863,0.359,32.29
2026-02-12 18:25:38.135,830.000,0.316162,0.505371,-0.785156,1.748,-2.885,0.160,32.54
2026-02-12 18:25:38.235,830.100,0.313965,0.507812,-0.778564,1.504,-2.885,0.412,32.29
2026-02-12 18:25:38.335,830.200,0.319824,0.501221,-0.782471,1.687,-2.832,0.084,32.64
2026-02-12 18:25:38.435,830.300,0.317871,0.501709,-0.789795,1.733,-2.603,0.573,32.39
2026-02-12 18:25:38.535,830.400,0.316650,0.506836,-0.781494,1.802,-2.802,0.313,32.20
2026-02-12 18:25:38.635,830.500,0.317871,0.504883,-0.777344,1.824,-3.038,0.351,32.39
2026-02-12 18:25:38.735,830.600,0.319092,0.503174,-0.778809,1.809,-2.481,0.542,32.39
2026-02-12 18:25:38.835,830.700,0.316406,0.502686,-0.784668,1.863,-2.832,0.244,32.59
2026-02-12 18:25:38.935,830.800,0.314697,0.501709,-0.781738,1.718,-2.771,0.359,32.64
2026-02-12 18:25:39.035,830.900,0.313477,0.505371,-0.782227,1.649,-2.901,0.237,32.39
2026-02-12 18:25:39.135,831.000,0.315918,0.502441,-0.779297,1.847,-2.802,0.237,32.44
2026-02-12 18:25:39.235,831.100,0.318604,0.509033,-0.784912,1.718,-2.832,0.443,32.39
2026-02-12 18:25:39.335,831.200,0.317627,0.503662,-0.787842,1.794,-3.099,0.214,32.39
2026-02-12 18:25:39.435,831.300,0.319580,0.508057,-0.781738,1.786,-2.885,0.534,32.29
2026-02-12 18:25:39.535,831.400,0.318359,0.504883,-0.786133,1.618,-2.885,0.321,32.29
2026-02-12 18:25:39.635,831.500,0.317139,0.503418,-0.783447,1.733,-2.756,0.282,32.64
2026-02-12 18:25:39.735,831.600,0.318115,0.507568,-0.784180,1.656,-2.832,0.443,32.20
2026-02-12 18:25:39.835,831.700,0.315430,0.501465,-0.781738,1.802,-3.015,0.099,32.44
2026-02-12 18:25:39.935,831.800,0.317383,0.500732,-0.782715,1.916,-2.954,0.328,32.54
2026-02-12 18:25:40.035,831.900,0.315918,0.502930,-0.780518,1.473,-2.771,0.260,32.59
2026-02-12 18:25:40.135,832.000,0.314209,0.499268,-0.781494,1.672,-2.756,0.412,32.39
2026-02-12 18:25:40.235,832.100,0.315674,0.503906,-0.783203,1.840,-3.023,0.183,32.29
2026-02-12 18:25:40.335,832.200,0.318115,0.504883,-0.785156,1.641,-2.908,0.389,32.59
2026-02-12 18:25:40.435,832.300,0.315674,0.504395,-0.784668,1.603,-2.840,0.321,32.54
2026-02-12 18:25:40.535,832.400,0.314453,0.505615,-0.778076,1.588,-2.969,0.435,32.39
2026-02-12 18:25:40.635,832.500,0.313721,0.504150,-0.779053,1.756,-2.931,0.496,32.44
2026-02-12 18:25:40.735,832.600,0.317139,0.503662,-0.784180,1.565,-2.763,0.160,32.59
2026-02-12 18:25:40.835,832.700,0.313721,0.504395,-0.785400,1.672,-2.863,0.496,32.20
2026-02-12 18:25:40.935,832.800,0.318115,0.507080,-0.779297,1.595,-2.702,0.282,32.74
2026-02-12 18:25:41.035,832.900,0.317871,0.505371,-0.787109,1.573,-2.740,0.336,32.59
2026-02-12 18:25:41.135,833.000,0.316650,0.506836,-0.788330,1.847,-2.977,0.519,32.05
2026-02-12 18:25:41.235,833.100,0.317139,0.503906,-0.784668,1.672,-2.916,0.115,32.25
2026-02-12 18:25:41.335,833.200,0.313477,0.503906,-0.786133,1.748,-2.870,0.519,32.39
2026-02-12 18:25:41.435,833.300,0.313477,0.507324,-0.782715,1.794,-3.000,0.336,32.44
2026-02-12 18:25:41.535,833.400,0.316162,0.503418,-0.785645,1.511,-2.725,0.221,32.78
2026-02-12 18:25:41.635,833.500,0.317627,0.509766,-0.781250,1.969,-2.893,0.252,32.39
2026-02-12 18:25:41.735,833.600,0.316406,0.505859,-0.777588,1.695,-2.977,0.336,32.78
2026-02-12 18:25:41.835,833.700,0.320068,0.504639,-0.781494,1.710,-3.000,0.099,32.54
2026-02-12 18:25:41.935,833.800,0.315430,0.506104,-0.778320,1.687,-2.893,0.328,32.59
2026-02-12 18:25:42.035,833.900,0.323730,0.506348,-0.786377,1.733,-3.198,0.267,32.59
2026-02-12 18:25:42.135,834.000,0.311768,0.507080,-0.787109,1.756,-2.679,0.305,32.20
2026-02-12 18:25:42.235,834.100,0.315918,0.504395,-0.783691,1.824,-2.511,0.221,32.29
2026-02-12 18:25:42.335,834.200,0.317871,0.504883,-0.785156,1.763,-2.802,0.427,32.20
2026-02-12 18:25:42.435,834.300,0.320312,0.502930,-0.783447,1.718,-2.847,0.321,32.20
2026-02-12 18:25:42.535,834.400,0.313965,0.505859,-0.781982,1.626,-3.038,0.328,32.64
2026-02-12 18:25:42.635,834.500,0.320801,0.506348,-0.785156,1.405,-2.939,0.053,32.39
2026-02-12 18:25:42.735,834.600,0.314209,0.508789,-0.785889,1.595,-2.885,0.420,32.44
2026-02-12 18:25:42.835,834.700,0.316895,0.505371,-0.779297,1.695,-2.718,0.084,32.59
2026-02-12 18:25:42.935,834.800,0.314697,0.501709,-0.779297,1.756,-3.000,0.160,32.25
2026-02-12 18:25:43.035,834.900,0.318848,0.506104,-0.786133,1.603,-3.015,0.206,32.44
2026-02-12 18:25:43.135,835.000,0.318115,0.506348,-0.787598,1.580,-2.969,0.550,32.54
2026-02-12 18:25:43.235,835.100,0.314697,0.506592,-0.780762,1.611,-2.802,0.145,32.59
2026-02-12 18:25:43.335,835.200,0.317871,0.504883,-0.784180,1.802,-2.847,0.183,32.29
2026-02-12 18:25:43.435,835.300,0.316162,0.505859,-0.785400,1.725,-3.107,0.252,32.64
2026-02-12 18:25:43.535,835.400,0.312744,0.506348,-0.788818,1.740,-2.878,0.397,32.78
2026-02-12 18:25:43.635,835.500,0.316895,0.503174,-0.781006,1.656,-2.939,-0.015,32.25
2026-02-12 18:25:43.735,835.600,0.314453,0.502441,-0.787354,1.771,-2.679,0.305,32.64
2026-02-12 18:25:43.835,835.700,0.319580,0.504639,-0.785645,1.710,-2.679,0.168,32.54
2026-02-12 18:25:43.935,835.800,0.315186,0.504639,-0.784424,1.786,-2.802,0.405,32.54
2026-02-12 18:25:44.035,835.900,0.316895,0.502686,-0.784912,1.450,-2.954,0.008,32.44
2026-02-12 18:25:44.135,836.000,0.320557,0.506836,-0.781738,1.687,-2.733,0.153,32.39
2026-02-12 18:25:44.235,836.100,0.320801,0.502441,-0.788574,1.786,-3.198,0.458,32.39
2026-02-12 18:25:44.335,836.200,0.316162,0.506836,-0.783691,1.870,-2.893,0.336,32.25
2026-02-12 18:25:44.435,836.300,0.319092,0.506348,-0.785645,1.939,-2.603,-0.122,32.54
2026-02-12 18:25:44.535,836.400,0.316162,0.504395,-0.784424,1.855,-2.931,0.435,32.64
2026-02-12 18:25:44.635,836.500,0.313721,0.505615,-0.775635,1.695,-2.763,0.099,32.39
2026-02-12 18:25:44.735,836.600,0.316406,0.503418,-0.782959,1.656,-2.710,0.237,32.29
2026-02-12 18:25:44.835,836.700,0.316162,0.505127,-0.784180,1.733,-2.809,0.527,32.74
2026-02-12 18:25:44.935,836.800,0.320312,0.502930,-0.788818,1.916,-2.580,0.267,32.78
2026-02-12 18:25:45.035,836.900,0.319580,0.507812,-0.781982,1.489,-2.763,0.618,32.54
2026-02-12 18:25:45.135,837.000,0.321045,0.506104,-0.789062,1.641,-2.947,0.336,32.39
2026-02-12 18:25:45.235,837.100,0.319580,0.505127,-0.783203,1.710,-3.061,0.260,32.54
2026-02-12 18:25:45.335,837.200,0.315430,0.505127,-0.781982,1.901,-3.076,0.313,32.44
2026-02-12 18:25:45.435,837.300,0.315186,0.505615,-0.778564,1.603,-2.977,0.458,32.10
2026-02-12 18:25:45.535,837.400,0.314941,0.505371,-0.781494,1.832,-2.595,0.275,32.54
2026-02-12 18:25:45.635,837.500,0.316406,0.502686,-0.786377,1.634,-2.992,0.359,32.54
2026-02-12 18:25:45.735,837.600,0.318115,0.505127,-0.780518,1.656,-2.969,0.084,32.44
2026-02-12 18:25:45.835,837.700,0.316406,0.507812,-0.780273,1.664,-2.824,0.298,32.44
2026-02-12 18:25:45.935,837.800,0.314209,0.503906,-0.781250,1.771,-2.824,0.313,32.64
2026-02-12 18:25:46.035,837.900,0.316895,0.505127,-0.782227,1.786,-2.885,0.481,32.54
2026-02-12 18:25:46.135,838.000,0.313232,0.503418,-0.783203,1.481,-2.908,0.122,32.25
2026-02-12 18:25:46.235,838.100,0.315918,0.505859,-0.785400,1.779,-2.656,0.435,32.54
2026-02-12 18:25:46.335,838.200,0.317383,0.503418,-0.783936,1.580,-2.969,0.290,32.44
2026-02-12 18:25:46.435,838.300,0.319092,0.499756,-0.781006,1.649,-2.771,0.168,32.39
2026-02-12 18:25:46.535,838.400,0.314453,0.503174,-0.784912,1.573,-2.771,0.382,32.59
2026-02-12 18:25:46.635,838.500,0.317139,0.504395,-0.781982,1.947,-3.099,0.534,32.39
2026-02-12 18:25:46.735,838.600,0.313965,0.506348,-0.788574,1.588,-2.931,0.313,32.29
2026-02-12 18:25:46.835,838.700,0.317383,0.504883,-0.786133,1.740,-2.931,0.359,32.64
2026-02-12 18:25:46.935,838.800,0.315674,0.509033,-0.786377,2.061,-3.008,0.115,32.25
2026-02-12 18:25:47.035,838.900,0.317871,0.503906,-0.782959,1.733,-3.038,0.237,32.44
2026-02-12 18:25:47.135,839.000,0.315918,0.499756,-0.777100,1.664,-2.947,0.519,32.29
2026-02-12 18:25:47.235,839.100,0.312744,0.506104,-0.779785,1.687,-2.756,0.061,32.59
2026-02-12 18:25:47.335,839.200,0.316650,0.506836,-0.786865,1.954,-3.015,0.702,32.64
2026-02-12 18:25:47.435,839.300,0.315186,0.505615,-0.783936,1.641,-3.031,0.206,32.54
2026-02-12 18:25:47.535,839.400,0.312988,0.503418,-0.786133,1.641,-3.038,0.359,32.44
2026-02-12 18:25:47.635,839.500,0.314453,0.506348,-0.781006,1.634,-2.931,0.328,32.59
2026-02-12 18:25:47.735,839.600,0.315674,0.507080,-0.781738,1.718,-2.817,0.313,32.59
2026-02-12 18:25:47.835,839.700,0.317383,0.506836,-0.782471,1.595,-2.763,0.527,32.59
2026-02-12 18:25:47.935,839.800,0.315918,0.506348,-0.780273,1.641,-2.840,0.366,32.54
2026-02-12 18:25:48.035,839.900,0.316406,0.502441,-0.781250,1.832,-2.962,0.481,32.59
2026-02-12 18:25:48.135,840.000,0.313232,0.505859,-0.782471,1.840,-3.053,0.450,32.39
2026-02-12 18:25:48.235,840.100,0.315186,0.508789,-0.781494,1.840,-2.908,0.527,32.54
2026-02-12 18:25:48.335,840.200,0.315918,0.507080,-0.781494,1.534,-2.802,0.260,32.44
2026-02-12 18:25:48.435,840.300,0.318115,0.504395,-0.780273,1.763,-2.733,0.366,32.59
2026-02-12 18:25:48.535,840.400,0.317139,0.503662,-0.782715,1.840,-2.710,0.229,32.39
2026-02-12 18:25:48.635,840.500,0.314697,0.502197,-0.789062,1.725,-2.893,0.351,32.54
2026-02-12 18:25:48.735,840.600,0.316650,0.507324,-0.780762,1.840,-2.847,0.420,32.59
2026-02-12 18:25:48.835,840.700,0.314697,0.508057,-0.787598,1.763,-3.008,0.137,32.44
2026-02-12 18:25:48.935,840.800,0.319336,0.506104,-0.778320,1.527,-2.847,0.427,32.29
2026-02-12 18:25:49.035,840.900,0.314697,0.506836,-0.781006,1.595,-2.985,0.313,32.29
2026-02-12 18:25:49.135,841.000,0.317139,0.504883,-0.785889,1.580,-2.939,0.313,32.74
2026-02-12 18:25:49.235,841.100,0.316406,0.504639,-0.783447,1.679,-3.053,0.313,32.59
2026-02-12 18:25:49.335,841.200,0.315186,0.505615,-0.782471,1.672,-2.924,0.328,32.54
2026-02-12 18:25:49.435,841.300,0.313965,0.506348,-0.785645,1.748,-2.664,-0.145,32.44
2026-02-12 18:25:49.535,841.400,0.316650,0.503418,-0.781006,1.664,-3.015,0.275,32.44
2026-02-12 18:25:49.635,841.500,0.320557,0.504150,-0.780762,1.863,-3.061,0.313,32.59
2026-02-12 18:25:49.735,841.600,0.313721,0.504883,-0.788086,1.947,-2.985,0.359,32.59
2026-02-12 18:25:49.835,841.700,0.315674,0.508545,-0.785645,1.611,-2.817,0.588,32.59
2026-02-12 18:25:49.935,841.800,0.314941,0.505859,-0.784668,1.939,-3.084,0.137,32.59
2026-02-12 18:25:50.035,841.900,0.317871,0.507324,-0.782715,1.611,-3.130,0.374,32.74
2026-02-12 18:25:50.135,842.000,0.316650,0.505615,-0.779541,1.779,-3.168,0.321,32.59
2026-02-12 18:25:50.235,842.100,0.318115,0.503662,-0.784668,1.802,-2.771,0.282,32.39
2026-02-12 18:25:50.335,842.200,0.316406,0.504150,-0.784668,1.947,-2.824,0.099,32.20
2026-02-12 18:25:50.435,842.300,0.320312,0.508057,-0.782715,1.870,-2.977,0.351,32.29
2026-02-12 18:25:50.535,842.400,0.316650,0.509033,-0.786865,1.672,-2.969,0.405,32.59
2026-02-12 18:25:50.635,842.500,0.317627,0.503418,-0.783691,1.718,-2.802,0.092,32.59
2026-02-12 18:25:50.735,842.600,0.317383,0.501953,-0.781250,1.649,-3.137,0.496,32.64
2026-02-12 18:25:50.835,842.700,0.315674,0.505127,-0.783936,1.756,-2.832,0.435,32.39
2026-02-12 18:25:50.935,842.800,0.315430,0.503418,-0.780762,1.626,-3.107,0.313,32.20
2026-02-12 18:25:51.035,842.900,0.316895,0.501953,-0.787598,1.321,-2.969,0.298,32.59
2026-02-12 18:25:51.135,843.000,0.313721,0.503174,-0.784424,1.847,-2.840,0.290,32.78
2026-02-12 18:25:51.235,843.100,0.315918,0.503906,-0.778564,1.511,-2.771,0.221,32.59
2026-02-12 18:25:51.335,843.200,0.320068,0.505615,-0.790039,1.802,-2.824,0.168,32.59
2026-02-12 18:25:51.435,843.300,0.316895,0.506592,-0.781494,1.672,-2.740,0.405,32.64
2026-02-12 18:25:51.535,843.400,0.320068,0.504150,-0.786865,1.763,-3.061,0.771,32.59
2026-02-12 18:25:51.635,843.500,0.318115,0.505615,-0.785889,1.656,-2.794,0.260,32.44
2026-02-12 18:25:51.735,843.600,0.318848,0.505371,-0.784180,1.588,-2.901,0.458,32.64
2026-02-12 18:25:51.835,843.700,0.316162,0.506836,-0.781982,1.725,-2.756,0.000,32.39
2026-02-12 18:25:51.935,843.800,0.321045,0.506592,-0.785156,1.740,-2.992,0.321,32.54
2026-02-12 18:25:52.035,843.900,0.319580,0.502197,-0.788086,1.382,-2.870,0.153,32.74
2026-02-12 18:25:52.135,844.000,0.315918,0.505371,-0.784424,1.832,-2.786,0.244,32.25
2026-02-12 18:25:52.235,844.100,0.317871,0.502441,-0.786377,1.649,-2.840,0.214,32.59
2026-02-12 18:25:52.335,844.200,0.317139,0.505371,-0.790039,1.695,-2.847,0.321,32.25
2026-02-12 18:25:52.435,844.300,0.316162,0.508789,-0.778564,1.603,-2.931,0.282,32.59
2026-02-12 18:25:52.535,844.400,0.319336,0.508301,-0.782471,1.748,-2.893,0.466,32.54
2026-02-12 18:25:52.635,844.500,0.314697,0.503906,-0.784424,2.000,-2.817,0.382,32.20
2026-02-12 18:25:52.735,844.600,0.316162,0.504395,-0.781982,1.702,-2.649,0.366,32.25
2026-02-12 18:25:52.835,844.700,0.312256,0.506592,-0.785400,1.573,-2.725,0.031,32.59
2026-02-12 18:25:52.935,844.800,0.319092,0.500732,-0.788086,1.595,-2.786,0.046,32.29
2026-02-12 18:25:53.035,844.900,0.317627,0.503418,-0.785400,1.855,-3.076,0.252,32.64
2026-02-12 18:25:53.135,845.000,0.316895,0.506348,-0.782959,1.748,-2.779,0.473,32.39
2026-02-12 18:25:53.235,845.100,0.317871,0.504883,-0.782227,1.870,-2.885,0.305,32.54
2026-02-12 18:25:53.335,845.200,0.312500,0.507080,-0.779053,1.809,-2.824,0.298,32.39
2026-02-12 18:25:53.435,845.300,0.317871,0.505371,-0.781006,1.626,-2.763,0.481,32.54
2026-02-12 18:25:53.535,845.400,0.315918,0.508057,-0.784912,1.664,-2.878,0.092,32.54
2026-02-12 18:25:53.635,845.500,0.319336,0.508301,-0.780762,1.847,-2.992,0.237,32.25
2026-02-12 18:25:53.735,845.600,0.317627,0.505371,-0.776367,1.588,-2.870,0.427,32.54
2026-02-12 18:25:53.835,845.700,0.320068,0.504639,-0.785156,1.672,-2.794,0.206,32.64
2026-02-12 18:25:53.935,845.800,0.321289,0.505615,-0.780273,1.763,-2.870,0.305,32.29
2026-02-12 18:25:54.035,845.900,0.317139,0.506592,-0.783203,1.847,-3.084,0.496,32.64
2026-02-12 18:25:54.135,846.000,0.318848,0.508057,-0.783203,1.794,-3.015,-0.069,32.74
2026-02-12 18:25:54.235,846.100,0.316162,0.506104,-0.783447,1.885,-3.061,0.321,32.29
2026-02-12 18:25:54.335,846.200,0.315918,0.505859,-0.780762,1.748,-2.779,0.290,32.64
2026-02-12 18:25:54.435,846.300,0.313965,0.507080,-0.780762,1.481,-3.008,0.290,32.83
2026-02-12 18:25:54.535,846.400,0.314453,0.503174,-0.782227,1.473,-3.099,0.298,32.64
2026-02-12 18:25:54.635,846.500,0.316162,0.506348,-0.782471,1.695,-2.885,0.336,32.59
2026-02-12 18:25:54.735,846.600,0.312988,0.506592,-0.780762,1.947,-2.855,0.176,32.29
2026-02-12 18:25:54.835,846.700,0.317627,0.500488,-0.781250,1.786,-2.893,0.344,32.44
2026-02-12 18:25:54.935,846.800,0.315918,0.506104,-0.780518,1.771,-2.977,0.221,32.59
2026-02-12 18:25:55.035,846.900,0.316406,0.504150,-0.782227,1.756,-3.145,0.313,32.44
2026-02-12 18:25:55.135,847.000,0.316162,0.508057,-0.779785,1.771,-3.053,0.366,32.59
2026-02-12 18:25:55.235,847.100,0.315918,0.507324,-0.781982,1.718,-2.947,0.023,32.59
2026-02-12 18:25:55.335,847.200,0.314209,0.505371,-0.780029,1.992,-2.870,0.519,32.25
2026-02-12 18:25:55.435,847.300,0.315430,0.503662,-0.782715,1.527,-2.840,0.321,32.44
2026-02-12 18:25:55.535,847.400,0.319824,0.504395,-0.787842,1.855,-2.885,0.351,32.59
2026-02-12 18:25:55.635,847.500,0.318115,0.507080,-0.781494,1.779,-2.756,0.511,32.59
2026-02-12 18:25:55.735,847.600,0.320557,0.507568,-0.784180,1.802,-2.878,0.206,32.59
2026-02-12 18:25:55.835,847.700,0.317871,0.505127,-0.784912,1.718,-2.718,0.313,32.29
2026-02-12 18:25:55.935,847.800,0.319092,0.506348,-0.779541,1.496,-3.008,0.435,32.64
2026-02-12 18:25:56.035,847.900,0.314453,0.503662,-0.780762,1.687,-2.740,0.015,32.54
2026-02-12 18:25:56.135,848.000,0.319580,0.504150,-0.782715,1.557,-2.740,0.420,32.78
2026-02-12 18:25:56.235,848.100,0.310547,0.509521,-0.783203,1.649,-2.763,0.168,32.74
2026-02-12 18:25:56.335,848.200,0.317139,0.507324,-0.784180,1.679,-3.031,0.069,32.74
2026-02-12 18:25:56.435,848.300,0.318359,0.506836,-0.779541,1.771,-2.832,0.267,32.25
2026-02-12 18:25:56.535,848.400,0.314209,0.504639,-0.785400,1.687,-2.679,0.305,32.39
2026-02-12 18:25:56.635,848.500,0.319336,0.505859,-0.781006,1.679,-2.802,0.481,32.54
2026-02-12 18:25:56.735,848.600,0.318359,0.508301,-0.776611,1.702,-3.000,0.053,32.64
2026-02-12 18:25:56.835,848.700,0.316162,0.507812,-0.785400,1.427,-2.885,0.191,32.29
2026-02-12 18:25:56.935,848.800,0.314697,0.505615,-0.784668,1.710,-2.901,0.176,32.59
2026-02-12 18:25:57.035,848.900,0.316406,0.503906,-0.778076,1.641,-2.679,0.565,32.64
2026-02-12 18:25:57.135,849.000,0.317871,0.505615,-0.783203,1.893,-2.885,0.702,32.64
2026-02-12 18:25:57.235,849.100,0.322021,0.505371,-0.784180,1.588,-2.794,0.229,32.64
2026-02-12 18:25:57.335,849.200,0.314697,0.503418,-0.784180,1.718,-2.786,0.031,32.44
2026-02-12 18:25:57.435,849.300,0.317627,0.510010,-0.785889,1.618,-2.786,0.305,32.59
2026-02-12 18:25:57.535,849.400,0.315674,0.500732,-0.781982,1.656,-2.969,0.206,32.64
2026-02-12 18:25:57.635,849.500,0.314941,0.504150,-0.782471,1.626,-2.771,0.466,32.74
2026-02-12 18:25:57.735,849.600,0.312988,0.505859,-0.783447,1.847,-2.756,0.351,32.54
2026-02-12 18:25:57.835,849.700,0.315186,0.507080,-0.779053,1.847,-2.901,0.183,32.64
2026-02-12 18:25:57.935,849.800,0.315430,0.507080,-0.788330,1.527,-2.740,0.191,32.74
2026-02-12 18:25:58.035,849.900,0.320068,0.507568,-0.785645,1.641,-2.885,0.489,32.39
2026-02-12 18:25:58.135,850.000,0.319092,0.507568,-0.786865,1.824,-2.947,0.053,32.59
2026-02-12 18:25:58.235,850.100,0.315674,0.504639,-0.785889,1.748,-2.908,0.305,32.59
2026-02-12 18:25:58.335,850.200,0.320312,0.507568,-0.785645,1.840,-2.916,0.282,32.54
2026-02-12 18:25:58.435,850.300,0.316406,0.504639,-0.781738,1.626,-2.634,0.290,32.59
2026-02-12 18:25:58.535,850.400,0.319580,0.507568,-0.783203,1.626,-3.168,0.542,32.78
2026-02-12 18:25:58.635,850.500,0.316406,0.509033,-0.785645,1.618,-2.611,0.267,32.93
2026-02-12 18:25:58.735,850.600,0.317139,0.505615,-0.784912,1.695,-2.878,0.641,32.44
2026-02-12 18:25:58.835,850.700,0.319336,0.507812,-0.778564,1.557,-2.779,0.458,32.59
2026-02-12 18:25:58.935,850.800,0.313965,0.509033,-0.789795,1.702,-3.137,0.298,32.78
2026-02-12 18:25:59.035,850.900,0.318848,0.506348,-0.783691,1.847,-2.885,0.206,32.59
2026-02-12 18:25:59.135,851.000,0.319336,0.502197,-0.782959,1.939,-2.840,0.389,32.64
2026-02-12 18:25:59.235,851.100,0.318359,0.503906,-0.780762,1.702,-2.672,0.313,32.83
2026-02-12 18:25:59.335,851.200,0.316406,0.506348,-0.784180,1.779,-3.053,0.313,32.44
2026-02-12 18:25:59.435,851.300,0.316406,0.503662,-0.782471,1.740,-2.863,0.252,32.93
2026-02-12 18:25:59.535,851.400,0.312988,0.505371,-0.781494,1.832,-3.084,0.321,32.64
2026-02-12 18:25:59.635,851.500,0.312500,0.504150,-0.786133,1.763,-3.076,0.137,32.59
2026-02-12 18:25:59.735,851.600,0.314453,0.508545,-0.787354,1.656,-2.985,0.252,32.54
2026-02-12 18:25:59.835,851.700,0.317627,0.501465,-0.780518,1.466,-3.008,0.321,32.78
2026-02-12 18:25:59.935,851.800,0.318115,0.505615,-0.786133,1.763,-2.794,0.382,32.74
2026-02-12 18:26:00.035,851.900,0.315186,0.508301,-0.783691,1.443,-2.794,0.321,32.64
2026-02-12 18:26:00.135,852.000,0.317383,0.507324,-0.786865,1.672,-3.000,0.252,32.83
2026-02-12 18:26:00.235,852.100,0.317871,0.506104,-0.787598,1.679,-3.031,0.420,32.78
2026-02-12 18:26:00.335,852.200,0.319824,0.504150,-0.787842,1.756,-2.794,0.420,32.54
2026-02-12 18:26:00.435,852.300,0.320312,0.509766,-0.777832,1.458,-2.687,0.244,32.64
2026-02-12 18:26:00.535,852.400,0.317139,0.505371,-0.781006,1.664,-2.893,0.328,32.83
2026-02-12 18:26:00.635,852.500,0.313477,0.504639,-0.783691,1.443,-3.099,0.481,32.74
2026-02-12 18:26:00.735,852.600,0.314209,0.504150,-0.784912,1.794,-2.771,0.137,32.54
2026-02-12 18:26:00.835,852.700,0.316895,0.509277,-0.780518,1.832,-2.832,0.305,32.78
2026-02-12 18:26:00.935,852.800,0.314453,0.506836,-0.777100,1.656,-2.649,0.420,32.83
2026-02-12 18:26:01.035,852.900,0.317139,0.504639,-0.784180,1.870,-2.939,0.748,32.74
2026-02-12 18:26:01.135,853.000,0.321289,0.505127,-0.781982,1.756,-2.939,0.282,32.59
2026-02-12 18:26:01.235,853.100,0.317139,0.502686,-0.792480,1.695,-2.992,0.466,32.54
2026-02-12 18:26:01.335,853.200,0.317627,0.503418,-0.784180,1.908,-2.763,0.359,32.64
2026-02-12 18:26:01.435,853.300,0.313477,0.503906,-0.783936,1.740,-2.954,0.328,32.78
2026-02-12 18:26:01.535,853.400,0.312500,0.503174,-0.781982,1.954,-2.672,0.427,32.83
2026-02-12 18:26:01.635,853.500,0.318359,0.505859,-0.780762,1.504,-2.710,0.489,32.59
2026-02-12 18:26:01.735,853.600,0.313965,0.504395,-0.786621,1.824,-2.595,0.183,32.74
2026-02-12 18:26:01.835,853.700,0.317627,0.507324,-0.780518,1.550,-2.985,0.328,32.93
2026-02-12 18:26:01.935,853.800,0.311768,0.503662,-0.782959,1.794,-2.863,0.191,32.54
2026-02-12 18:26:02.035,853.900,0.316406,0.503418,-0.781006,1.718,-3.076,0.443,32.98
2026-02-12 18:26:02.135,854.000,0.317139,0.504395,-0.783691,1.695,-2.931,0.252,32.83
2026-02-12 18:26:02.235,854.100,0.317383,0.504395,-0.783447,1.786,-2.885,0.069,32.59
2026-02-12 18:26:02.335,854.200,0.315674,0.508789,-0.792236,1.679,-2.847,0.191,32.74
2026-02-12 18:26:02.435,854.300,0.320557,0.504639,-0.785400,1.710,-2.863,0.221,32.83
2026-02-12 18:26:02.535,854.400,0.319092,0.507324,-0.785889,1.779,-2.656,0.252,32.78
2026-02-12 18:26:02.635,854.500,0.317627,0.500488,-0.780762,1.656,-2.847,0.466,32.93
2026-02-12 18:26:02.735,854.600,0.314941,0.503906,-0.786377,1.656,-2.763,0.260,32.78
2026-02-12 18:26:02.835,854.700,0.318359,0.500488,-0.782227,1.527,-2.878,0.420,32.64
2026-02-12 18:26:02.935,854.800,0.321289,0.510254,-0.783691,1.809,-3.031,0.321,32.83
2026-02-12 18:26:03.035,854.900,0.315674,0.503662,-0.787109,1.863,-2.802,0.092,32.59
2026-02-12 18:26:03.135,855.000,0.317383,0.503174,-0.785156,1.962,-2.824,0.237,32.59
2026-02-12 18:26:03.235,855.100,0.315918,0.506836,-0.785400,1.527,-3.053,0.176,32.64
2026-02-12 18:26:03.335,855.200,0.318604,0.502441,-0.784668,1.481,-2.779,0.344,32.74
2026-02-12 18:26:03.435,855.300,0.316162,0.504150,-0.792480,1.794,-3.076,0.328,32.64
2026-02-12 18:26:03.535,855.400,0.314209,0.503418,-0.786621,1.771,-2.786,0.412,32.83
2026-02-12 18:26:03.635,855.500,0.314453,0.503418,-0.781738,1.931,-2.817,0.260,32.64
2026-02-12 18:26:03.735,855.600,0.316162,0.503418,-0.782715,1.924,-2.763,0.374,32.64
2026-02-12 18:26:03.835,855.700,0.316162,0.504150,-0.780029,1.443,-2.725,0.275,32.64
2026-02-12 18:26:03.935,855.800,0.316650,0.510010,-0.782959,1.611,-2.771,0.176,32.83
2026-02-12 18:26:04.035,855.900,0.314453,0.502930,-0.782227,1.695,-2.756,0.229,32.39
2026-02-12 18:26:04.135,856.000,0.315430,0.506348,-0.783691,1.672,-2.824,0.496,32.74
2026-02-12 18:26:04.235,856.100,0.321289,0.502197,-0.788330,1.473,-2.962,0.359,32.59
2026-02-12 18:26:04.335,856.200,0.318359,0.506592,-0.789307,1.641,-2.718,0.580,32.74
2026-02-12 18:26:04.435,856.300,0.320557,0.504150,-0.784180,1.641,-2.947,0.229,32.59
2026-02-12 18:26:04.535,856.400,0.316650,0.501465,-0.788574,1.817,-2.931,0.137,32.64
2026-02-12 18:26:04.635,856.500,0.314453,0.507812,-0.789551,1.611,-2.901,0.336,32.83
2026-02-12 18:26:04.735,856.600,0.316406,0.504883,-0.780762,1.626,-2.802,0.359,32.78
2026-02-12 18:26:04.835,856.700,0.317871,0.506592,-0.786621,1.573,-2.901,0.298,32.83
2026-02-12 18:26:04.935,856.800,0.314453,0.501709,-0.789062,1.809,-2.962,0.229,32.78
2026-02-12 18:26:05.035,856.900,0.316895,0.506592,-0.787354,1.618,-2.924,0.214,32.64
2026-02-12 18:26:05.135,857.000,0.318115,0.504395,-0.785645,1.649,-2.916,0.176,32.74
2026-02-12 18:26:05.235,857.100,0.318115,0.508301,-0.784424,1.573,-2.931,0.221,32.83
2026-02-12 18:26:05.335,857.200,0.317139,0.505615,-0.785156,1.466,-2.786,0.458,32.78
2026-02-12 18:26:05.435,857.300,0.316895,0.504639,-0.782471,1.626,-2.687,0.397,32.83
2026-02-12 18:26:05.535,857.400,0.318359,0.506592,-0.786133,1.481,-2.863,0.275,32.64
2026-02-12 18:26:05.635,857.500,0.315918,0.506348,-0.781982,1.885,-2.962,0.374,32.59
2026-02-12 18:26:05.735,857.600,0.317383,0.506348,-0.780029,1.702,-2.954,0.420,32.74
2026-02-12 18:26:05.835,857.700,0.314453,0.505127,-0.783203,1.534,-2.679,0.389,32.78
2026-02-12 18:26:05.935,857.800,0.313477,0.505615,-0.783691,1.504,-2.901,0.328,32.83
2026-02-12 18:26:06.035,857.900,0.320801,0.502686,-0.782959,1.939,-2.885,0.466,32.78
2026-02-12 18:26:06.135,858.000,0.312744,0.504395,-0.780273,1.542,-2.748,0.046,32.59
2026-02-12 18:26:06.235,858.100,0.317383,0.505859,-0.782959,1.656,-3.023,0.092,32.98
2026-02-12 18:26:06.335,858.200,0.321289,0.502930,-0.781006,1.504,-2.649,0.359,32.98
2026-02-12 18:26:06.435,858.300,0.314697,0.502930,-0.784180,1.618,-2.748,0.038,32.78
2026-02-12 18:26:06.535,858.400,0.316650,0.504150,-0.781494,1.542,-3.092,0.244,32.64
2026-02-12 18:26:06.635,858.500,0.319336,0.507080,-0.783936,1.809,-2.725,0.435,32.83
2026-02-12 18:26:06.735,858.600,0.318848,0.502686,-0.784668,1.718,-2.641,0.427,32.78
2026-02-12 18:26:06.835,858.700,0.318848,0.510254,-0.777832,1.710,-2.863,0.252,33.08
2026-02-12 18:26:06.935,858.800,0.316162,0.504395,-0.786133,1.702,-2.824,0.237,32.78
2026-02-12 18:26:07.035,858.900,0.316895,0.507568,-0.781250,1.779,-2.695,0.382,32.78
2026-02-12 18:26:07.135,859.000,0.318115,0.506592,-0.779297,1.664,-2.863,0.321,32.64
2026-02-12 18:26:07.235,859.100,0.312988,0.506592,-0.788330,1.679,-2.679,0.153,32.78
2026-02-12 18:26:07.335,859.200,0.313232,0.503662,-0.780273,1.504,-2.679,0.107,32.44
2026-02-12 18:26:07.435,859.300,0.315430,0.504639,-0.783203,1.878,-3.031,0.099,32.83
2026-02-12 18:26:07.535,859.400,0.314453,0.504883,-0.785156,1.908,-3.115,0.130,32.64
2026-02-12 18:26:07.635,859.500,0.315674,0.503174,-0.780029,1.771,-2.840,0.458,32.78
2026-02-12 18:26:07.735,859.600,0.319824,0.502686,-0.778320,1.771,-3.053,0.511,32.78
2026-02-12 18:26:07.835,859.700,0.317871,0.507812,-0.782471,1.588,-3.099,0.397,32.64
2026-02-12 18:26:07.935,859.800,0.317383,0.507812,-0.781982,1.656,-2.679,0.557,32.83
2026-02-12 18:26:08.035,859.900,0.314941,0.503418,-0.786621,1.588,-2.702,0.237,32.74
2026-02-12 18:26:08.135,860.000,0.316650,0.503906,-0.783691,1.786,-2.985,0.427,32.78
2026-02-12 18:26:08.235,860.100,0.318359,0.505859,-0.784424,1.802,-2.908,0.076,32.83
2026-02-12 18:26:08.335,860.200,0.316650,0.506348,-0.782959,1.855,-2.840,0.153,32.98
2026-02-12 18:26:08.435,860.300,0.316162,0.508057,-0.782959,1.870,-2.695,0.626,32.74
2026-02-12 18:26:08.535,860.400,0.316895,0.506104,-0.785400,1.504,-2.847,0.107,32.74
2026-02-12 18:26:08.635,860.500,0.315918,0.506348,-0.782227,1.702,-2.748,0.359,32.78
2026-02-12 18:26:08.735,860.600,0.314209,0.503418,-0.784424,1.802,-3.000,0.496,32.83
2026-02-12 18:26:08.835,860.700,0.315186,0.506592,-0.782227,1.763,-3.000,0.282,32.83
2026-02-12 18:26:08.935,860.800,0.319336,0.504150,-0.787354,1.740,-2.855,0.466,32.83
2026-02-12 18:26:09.035,860.900,0.317383,0.502197,-0.785156,1.603,-2.908,0.107,32.83
2026-02-12 18:26:09.135,861.000,0.316162,0.505859,-0.779297,1.687,-2.656,0.038,32.93
2026-02-12 18:26:09.235,861.100,0.314941,0.504395,-0.790771,1.611,-2.817,0.328,32.83
2026-02-12 18:26:09.335,861.200,0.316895,0.504883,-0.784912,1.611,-2.679,0.244,32.64
2026-02-12 18:26:09.435,861.300,0.318848,0.503906,-0.788574,1.450,-2.748,0.420,32.59
2026-02-12 18:26:09.535,861.400,0.316650,0.503418,-0.788086,1.931,-2.504,0.046,32.83
2026-02-12 18:26:09.635,861.500,0.317383,0.510010,-0.786377,1.656,-2.748,0.443,32.83
2026-02-12 18:26:09.735,861.600,0.318604,0.506836,-0.779297,1.817,-2.817,0.298,32.59
2026-02-12 18:26:09.835,861.700,0.314209,0.507080,-0.780518,1.641,-3.000,0.336,32.98
2026-02-12 18:26:09.935,861.800,0.316162,0.506592,-0.787109,1.649,-2.740,0.565,32.74
2026-02-12 18:26:10.035,861.900,0.317627,0.504150,-0.785645,1.496,-2.779,0.229,32.93
2026-02-12 18:26:10.135,862.000,0.316895,0.508545,-0.783691,1.740,-2.557,0.206,32.93
2026-02-12 18:26:10.235,862.100,0.318604,0.505127,-0.786377,1.443,-2.840,0.427,32.78
2026-02-12 18:26:10.335,862.200,0.315430,0.505127,-0.787109,1.634,-2.878,0.290,33.08
2026-02-12 18:26:10.435,862.300,0.315430,0.505371,-0.777832,1.595,-2.916,0.359,32.59
2026-02-12 18:26:10.535,862.400,0.318848,0.505615,-0.783691,1.809,-2.954,0.168,32.78
2026-02-12 18:26:10.635,862.500,0.313477,0.506348,-0.784912,1.710,-2.786,0.336,32.74
2026-02-12 18:26:10.735,862.600,0.317627,0.506348,-0.790039,1.611,-2.863,0.160,32.93
2026-02-12 18:26:10.835,862.700,0.318359,0.506348,-0.784180,1.756,-2.779,0.366,32.83
2026-02-12 18:26:10.935,862.800,0.314697,0.511475,-0.782959,2.015,-2.832,0.359,32.83
2026-02-12 18:26:11.035,862.900,0.317383,0.504150,-0.780762,1.519,-2.702,0.435,32.83
2026-02-12 18:26:11.135,863.000,0.313965,0.503418,-0.781982,1.771,-2.992,0.336,32.98
2026-02-12 18:26:11.235,863.100,0.317383,0.504395,-0.781738,1.756,-2.748,0.160,32.83
2026-02-12 18:26:11.335,863.200,0.314941,0.503418,-0.779541,1.718,-2.771,0.382,32.78
2026-02-12 18:26:11.435,863.300,0.314697,0.507324,-0.785400,1.802,-2.763,0.298,32.78
2026-02-12 18:26:11.535,863.400,0.316162,0.501953,-0.782227,1.527,-2.931,0.115,32.78
2026-02-12 18:26:11.635,863.500,0.318115,0.504395,-0.781738,1.588,-2.733,0.122,32.98
2026-02-12 18:26:11.735,863.600,0.314209,0.505615,-0.781494,1.603,-2.885,0.214,32.93
2026-02-12 18:26:11.835,863.700,0.317139,0.505859,-0.780762,1.595,-2.679,0.023,32.98
2026-02-12 18:26:11.935,863.800,0.319092,0.503662,-0.783447,1.870,-2.855,0.344,32.93
2026-02-12 18:26:12.035,863.900,0.315186,0.505615,-0.785889,1.550,-3.115,0.473,32.64
2026-02-12 18:26:12.135,864.000,0.315674,0.506592,-0.788330,1.511,-2.687,0.382,32.74
2026-02-12 18:26:12.235,864.100,0.317383,0.507324,-0.785156,1.794,-2.908,0.206,32.59
2026-02-12 18:26:12.335,864.200,0.318604,0.507568,-0.786133,1.382,-2.771,0.176,33.08
2026-02-12 18:26:12.435,864.300,0.316650,0.504395,-0.781494,1.863,-2.511,0.336,32.78
2026-02-12 18:26:12.535,864.400,0.315186,0.506836,-0.783447,1.611,-3.076,0.282,32.83
2026-02-12 18:26:12.635,864.500,0.314697,0.502686,-0.778564,1.550,-3.053,0.748,32.64
2026-02-12 18:26:12.735,864.600,0.318848,0.504883,-0.781494,1.672,-2.679,0.191,32.74
2026-02-12 18:26:12.835,864.700,0.319092,0.505127,-0.780273,1.580,-3.046,0.183,32.93
2026-02-12 18:26:12.935,864.800,0.317383,0.507812,-0.785156,1.786,-2.939,0.282,32.83
2026-02-12 18:26:13.035,864.900,0.317139,0.507568,-0.780762,1.649,-2.725,0.458,32.78
2026-02-12 18:26:13.135,865.000,0.315430,0.500488,-0.784912,1.756,-2.649,0.344,32.78
2026-02-12 18:26:13.235,865.100,0.317627,0.503418,-0.785400,1.321,-2.992,0.290,32.83
2026-02-12 18:26:13.335,865.200,0.316162,0.507324,-0.781006,1.786,-2.611,0.206,32.83
2026-02-12 18:26:13.435,865.300,0.317139,0.505127,-0.778320,1.626,-2.962,0.214,32.59
2026-02-12 18:26:13.535,865.400,0.317871,0.503906,-0.784180,1.634,-2.748,0.489,32.93
2026-02-12 18:26:13.635,865.500,0.317627,0.501953,-0.781982,1.626,-2.878,0.374,32.74
2026-02-12 18:26:13.735,865.600,0.315918,0.508301,-0.782227,1.420,-2.786,0.229,32.98
2026-02-12 18:26:13.835,865.700,0.316650,0.503174,-0.783447,1.557,-2.847,0.244,32.54
2026-02-12 18:26:13.935,865.800,0.319580,0.504150,-0.784180,1.649,-2.840,0.435,32.74
2026-02-12 18:26:14.035,865.900,0.315674,0.507812,-0.781982,1.649,-2.656,0.275,32.74
2026-02-12 18:26:14.135,866.000,0.313721,0.505371,-0.786621,2.000,-2.824,0.397,32.78
2026-02-12 18:26:14.235,866.100,0.315186,0.506348,-0.781250,1.840,-3.015,0.595,32.74
2026-02-12 18:26:14.335,866.200,0.315186,0.505371,-0.780273,1.779,-2.802,0.405,32.64
2026-02-12 18:26:14.435,866.300,0.316895,0.501953,-0.787842,1.427,-2.832,0.069,33.13
2026-02-12 18:26:14.535,866.400,0.320068,0.503662,-0.782715,1.611,-3.214,0.328,32.39
2026-02-12 18:26:14.635,866.500,0.316162,0.504639,-0.782471,1.595,-2.771,-0.137,32.78
2026-02-12 18:26:14.735,866.600,0.317383,0.505615,-0.778564,1.863,-2.962,0.267,32.83
2026-02-12 18:26:14.835,866.700,0.315918,0.507568,-0.788330,1.542,-2.939,-0.069,32.59
2026-02-12 18:26:14.935,866.800,0.314453,0.505859,-0.781250,1.786,-2.740,0.168,32.74
2026-02-12 18:26:15.035,866.900,0.319336,0.503418,-0.781006,1.740,-2.939,0.321,32.83
2026-02-12 18:26:15.135,867.000,0.316650,0.507568,-0.784912,1.954,-2.878,0.496,32.93
2026-02-12 18:26:15.235,867.100,0.316650,0.504150,-0.785156,1.771,-2.756,0.389,32.83
2026-02-12 18:26:15.335,867.200,0.312988,0.503906,-0.778076,1.611,-3.046,0.321,33.08
2026-02-12 18:26:15.435,867.300,0.320801,0.502686,-0.787354,1.779,-3.000,0.672,32.64
2026-02-12 18:26:15.535,867.400,0.314941,0.502441,-0.780762,1.588,-2.725,0.183,32.74
2026-02-12 18:26:15.635,867.500,0.318848,0.505127,-0.786865,1.565,-2.855,0.267,33.27
2026-02-12 18:26:15.735,867.600,0.318848,0.504639,-0.783203,1.702,-2.916,0.397,32.78
2026-02-12 18:26:15.835,867.700,0.317383,0.505615,-0.785400,1.626,-3.046,0.565,32.93
2026-02-12 18:26:15.935,867.800,0.313721,0.502930,-0.785645,1.664,-2.763,0.107,32.93
2026-02-12 18:26:16.035,867.900,0.316650,0.500732,-0.787109,1.603,-3.023,-0.008,32.78
2026-02-12 18:26:16.135,868.000,0.320068,0.504639,-0.785400,1.710,-2.908,0.107,32.74
2026-02-12 18:26:16.235,868.100,0.315186,0.506836,-0.786377,1.748,-2.954,0.229,32.78
2026-02-12 18:26:16.335,868.200,0.318848,0.504639,-0.783203,1.702,-2.710,0.679,32.59
2026-02-12 18:26:16.435,868.300,0.318359,0.503906,-0.788330,1.664,-3.084,0.420,32.98
2026-02-12 18:26:16.535,868.400,0.314941,0.505127,-0.778809,1.756,-2.832,0.183,32.74
2026-02-12 18:26:16.635,868.500,0.319824,0.510986,-0.781982,1.557,-2.695,0.344,32.59
2026-02-12 18:26:16.735,868.600,0.313232,0.508057,-0.783447,1.496,-2.985,0.229,33.13
2026-02-12 18:26:16.835,868.700,0.315430,0.505615,-0.780518,1.603,-2.954,0.359,32.59
2026-02-12 18:26:16.935,868.800,0.315674,0.503418,-0.784180,1.641,-2.626,0.481,32.93
2026-02-12 18:26:17.035,868.900,0.313477,0.509766,-0.790527,1.718,-2.832,0.382,32.78
2026-02-12 18:26:17.135,869.000,0.314453,0.505859,-0.777100,1.542,-2.702,0.252,32.64
2026-02-12 18:26:17.235,869.100,0.315186,0.506592,-0.789795,1.962,-2.855,0.137,32.83
2026-02-12 18:26:17.335,869.200,0.314697,0.503906,-0.786865,1.588,-2.809,0.214,32.83
2026-02-12 18:26:17.435,869.300,0.316162,0.504883,-0.788330,1.443,-2.863,0.191,32.74
2026-02-12 18:26:17.535,869.400,0.315918,0.503174,-0.781982,1.870,-2.824,0.328,32.78
2026-02-12 18:26:17.635,869.500,0.315918,0.501709,-0.779785,1.679,-2.939,0.588,33.18
2026-02-12 18:26:17.735,869.600,0.313965,0.502441,-0.781494,1.687,-2.908,0.252,32.93
2026-02-12 18:26:17.835,869.700,0.318359,0.505859,-0.784424,1.901,-3.000,0.366,32.59
2026-02-12 18:26:17.935,869.800,0.317383,0.506836,-0.787598,1.496,-2.786,0.107,32.74
2026-02-12 18:26:18.035,869.900,0.316650,0.506836,-0.781250,1.702,-2.710,0.359,32.78
2026-02-12 18:26:18.135,870.000,0.312256,0.505127,-0.784180,1.855,-2.855,0.328,32.98
2026-02-12 18:26:18.235,870.100,0.315674,0.500977,-0.781494,1.786,-3.046,0.389,32.83
2026-02-12 18:26:18.335,870.200,0.313477,0.500488,-0.780273,1.901,-2.924,0.015,32.83
2026-02-12 18:26:18.435,870.300,0.319092,0.504395,-0.784424,1.802,-2.992,0.489,32.64
2026-02-12 18:26:18.535,870.400,0.317139,0.502441,-0.782959,1.870,-2.916,0.229,33.13
2026-02-12 18:26:18.635,870.500,0.314453,0.503906,-0.786377,1.786,-2.985,0.168,32.74
2026-02-12 18:26:18.735,870.600,0.317139,0.507568,-0.786865,1.733,-2.763,0.069,32.98
2026-02-12 18:26:18.835,870.700,0.312744,0.506104,-0.783936,1.832,-2.901,0.198,32.98
2026-02-12 18:26:18.935,870.800,0.317627,0.504395,-0.782471,1.702,-3.076,0.260,32.98
2026-02-12 18:26:19.035,870.900,0.313965,0.506348,-0.791260,1.924,-2.771,0.351,32.83
2026-02-12 18:26:19.135,871.000,0.318115,0.502441,-0.785645,1.855,-3.023,0.122,32.59
2026-02-12 18:26:19.235,871.100,0.319580,0.504150,-0.781006,1.786,-2.908,0.328,32.74
2026-02-12 18:26:19.335,871.200,0.315674,0.503418,-0.783203,1.947,-2.794,0.267,32.98
2026-02-12 18:26:19.435,871.300,0.317383,0.507080,-0.785889,1.641,-2.878,0.053,32.93
2026-02-12 18:26:19.535,871.400,0.319092,0.509277,-0.788086,1.870,-2.870,0.267,32.78
2026-02-12 18:26:19.635,871.500,0.317383,0.503418,-0.786621,1.649,-2.954,0.107,32.78
2026-02-12 18:26:19.735,871.600,0.315186,0.506348,-0.782715,1.863,-2.588,0.344,32.93
2026-02-12 18:26:19.835,871.700,0.313232,0.502686,-0.780518,1.672,-2.931,0.527,32.83
2026-02-12 18:26:19.935,871.800,0.318359,0.506104,-0.781738,1.687,-2.954,0.267,32.64
2026-02-12 18:26:20.035,871.900,0.317383,0.502441,-0.783203,1.725,-2.908,0.328,32.83
2026-02-12 18:26:20.135,872.000,0.315430,0.499756,-0.780762,1.725,-3.084,0.405,32.74
2026-02-12 18:26:20.235,872.100,0.316895,0.504883,-0.782715,1.992,-2.832,0.405,32.64
2026-02-12 18:26:20.335,872.200,0.315674,0.502197,-0.779785,1.878,-2.893,0.076,33.13
2026-02-12 18:26:20.435,872.300,0.317383,0.503174,-0.783691,1.710,-2.855,0.198,32.83
2026-02-12 18:26:20.535,872.400,0.319336,0.506592,-0.786133,1.924,-2.870,0.275,32.64
2026-02-12 18:26:20.635,872.500,0.317383,0.504639,-0.780273,1.496,-2.863,0.473,32.74
2026-02-12 18:26:20.735,872.600,0.315430,0.505371,-0.790283,1.626,-2.992,0.374,32.83
2026-02-12 18:26:20.835,872.700,0.315674,0.502686,-0.779541,1.733,-2.924,0.229,33.08
2026-02-12 18:26:20.935,872.800,0.314941,0.504150,-0.783691,1.840,-2.611,0.153,32.98
2026-02-12 18:26:21.035,872.900,0.318359,0.508301,-0.781494,1.481,-2.931,0.382,32.98
2026-02-12 18:26:21.135,873.000,0.315918,0.504883,-0.788574,1.603,-3.061,0.244,32.83
2026-02-12 18:26:21.235,873.100,0.317871,0.504150,-0.778809,1.618,-2.779,0.412,32.93
2026-02-12 18:26:21.335,873.200,0.313477,0.506836,-0.787354,1.580,-2.832,0.336,32.74
2026-02-12 18:26:21.435,873.300,0.319336,0.505859,-0.779785,1.710,-3.046,0.160,32.83
2026-02-12 18:26:21.535,873.400,0.315430,0.502930,-0.786865,1.565,-2.939,0.153,32.78
2026-02-12 18:26:21.635,873.500,0.316895,0.506104,-0.780518,1.855,-2.611,0.443,32.64
2026-02-12 18:26:21.735,873.600,0.316650,0.508545,-0.785156,1.634,-2.763,0.153,33.13
2026-02-12 18:26:21.835,873.700,0.318848,0.506348,-0.781982,1.656,-2.908,0.107,32.98
2026-02-12 18:26:21.935,873.800,0.317627,0.504150,-0.786377,1.634,-3.053,0.145,32.64
2026-02-12 18:26:22.035,873.900,0.317139,0.508789,-0.786621,1.412,-2.664,0.267,32.98
2026-02-12 18:26:22.135,874.000,0.315674,0.501221,-0.783447,1.847,-2.878,0.435,32.78
2026-02-12 18:26:22.235,874.100,0.314453,0.505371,-0.779297,1.695,-2.924,0.176,32.59
2026-02-12 18:26:22.335,874.200,0.315430,0.500732,-0.782227,1.626,-3.038,0.366,32.93
2026-02-12 18:26:22.435,874.300,0.320312,0.504150,-0.783936,1.611,-2.718,0.397,32.93
2026-02-12 18:26:22.535,874.400,0.316406,0.507080,-0.785889,1.687,-2.779,0.069,32.93
2026-02-12 18:26:22.635,874.500,0.318115,0.507080,-0.781250,1.481,-2.618,0.412,32.78
2026-02-12 18:26:22.735,874.600,0.314941,0.503662,-0.783203,1.603,-2.878,0.267,32.64
2026-02-12 18:26:22.835,874.700,0.310059,0.501709,-0.798828,1.214,-1.908,-0.443,32.74
2026-02-12 18:26:22.935,874.800,0.313965,0.503418,-0.788818,1.412,-2.084,0.382,32.83
2026-02-12 18:26:23.035,874.900,0.312988,0.507812,-0.770752,2.008,-3.084,0.183,32.83
2026-02-12 18:26:23.135,875.000,0.319824,0.502930,-0.781982,1.969,-2.962,0.290,32.83
2026-02-12 18:26:23.235,875.100,0.315186,0.508301,-0.782471,1.656,-2.893,0.069,32.78
2026-02-12 18:26:23.335,875.200,0.315430,0.503418,-0.781494,1.641,-2.565,0.679,32.78
2026-02-12 18:26:23.435,875.300,0.316895,0.508545,-0.780029,1.550,-2.901,0.298,32.83
2026-02-12 18:26:23.535,875.400,0.320557,0.499512,-0.785645,1.527,-2.771,0.275,32.78
2026-02-12 18:26:23.635,875.500,0.316162,0.504883,-0.788818,1.527,-2.924,0.099,32.64
2026-02-12 18:26:23.735,875.600,0.315430,0.510010,-0.784668,1.786,-2.824,0.366,32.78
2026-02-12 18:26:23.835,875.700,0.316650,0.505371,-0.783203,1.794,-2.916,0.374,32.78
2026-02-12 18:26:23.935,875.800,0.318848,0.507080,-0.778076,1.756,-3.130,0.473,32.83
2026-02-12 18:26:24.035,875.900,0.313477,0.506104,-0.788086,1.527,-2.595,0.244,32.93
2026-02-12 18:26:24.135,876.000,0.315186,0.504883,-0.780762,1.672,-2.863,0.504,32.93
2026-02-12 18:26:24.235,876.100,0.316650,0.510254,-0.780518,1.718,-2.809,0.221,33.13
2026-02-12 18:26:24.335,876.200,0.315674,0.504639,-0.784912,1.916,-2.878,0.473,32.59
2026-02-12 18:26:24.435,876.300,0.316895,0.502441,-0.779297,1.496,-2.832,0.168,32.93
2026-02-12 18:26:24.535,876.400,0.314941,0.504883,-0.778320,1.641,-2.863,0.382,32.93
2026-02-12 18:26:24.635,876.500,0.315430,0.504150,-0.785645,1.863,-2.855,0.282,33.08
2026-02-12 18:26:24.735,876.600,0.315918,0.509277,-0.781250,1.672,-2.641,0.504,33.08
2026-02-12 18:26:24.835,876.700,0.314209,0.506104,-0.783691,1.794,-2.985,0.260,33.37
2026-02-12 18:26:24.935,876.800,0.311035,0.504395,-0.782471,1.695,-2.947,0.450,32.74
2026-02-12 18:26:25.035,876.900,0.314453,0.504395,-0.783203,1.863,-2.870,0.275,32.83
2026-02-12 18:26:25.135,877.000,0.316162,0.504639,-0.783936,1.954,-2.809,0.443,32.93
2026-02-12 18:26:25.235,877.100,0.316162,0.508301,-0.784668,1.756,-2.763,0.244,32.98
2026-02-12 18:26:25.335,877.200,0.314697,0.501221,-0.781982,1.893,-2.840,0.611,32.78
2026-02-12 18:26:25.435,877.300,0.314209,0.507324,-0.782715,1.611,-2.855,0.298,32.98
2026-02-12 18:26:25.535,877.400,0.314453,0.501953,-0.781982,1.687,-2.863,0.336,32.83
2026-02-12 18:26:25.635,877.500,0.314941,0.506104,-0.781982,1.847,-2.756,0.412,32.93
2026-02-12 18:26:25.735,877.600,0.315186,0.506104,-0.782471,1.519,-2.977,0.282,32.98
2026-02-12 18:26:25.835,877.700,0.315918,0.507324,-0.781982,1.679,-2.756,0.305,33.08
2026-02-12 18:26:25.935,877.800,0.316895,0.507568,-0.783447,1.649,-2.870,0.000,32.74
2026-02-12 18:26:26.035,877.900,0.315674,0.503906,-0.786621,1.710,-2.977,0.534,32.98
2026-02-12 18:26:26.135,878.000,0.313232,0.504150,-0.777344,1.756,-3.099,0.412,32.83
2026-02-12 18:26:26.235,878.100,0.314453,0.506348,-0.790771,1.763,-3.069,0.191,32.93
2026-02-12 18:26:26.335,878.200,0.316650,0.507080,-0.781982,1.679,-2.786,0.176,32.78
2026-02-12 18:26:26.435,878.300,0.315674,0.503662,-0.783203,1.618,-2.977,0.458,32.59
2026-02-12 18:26:26.535,878.400,0.317383,0.507568,-0.783936,1.679,-2.939,0.427,33.13
2026-02-12 18:26:26.635,878.500,0.318604,0.503662,-0.779297,1.511,-2.878,0.137,32.64
2026-02-12 18:26:26.735,878.600,0.314941,0.505371,-0.784180,1.817,-2.740,0.435,32.98
2026-02-12 18:26:26.835,878.700,0.314941,0.506592,-0.780029,1.611,-2.679,0.160,32.78
2026-02-12 18:26:26.935,878.800,0.316895,0.504150,-0.781494,1.725,-2.702,0.176,32.59
2026-02-12 18:26:27.035,878.900,0.316895,0.507080,-0.786377,1.534,-2.824,0.198,32.74
2026-02-12 18:26:27.135,879.000,0.316895,0.503174,-0.781250,1.718,-3.053,0.122,33.08
2026-02-12 18:26:27.235,879.100,0.317871,0.503174,-0.783936,1.763,-2.702,0.389,32.93
2026-02-12 18:26:27.335,879.200,0.318604,0.504639,-0.784912,1.473,-2.779,0.366,32.93
2026-02-12 18:26:27.435,879.300,0.314941,0.503906,-0.781494,1.931,-2.710,0.290,32.83
2026-02-12 18:26:27.535,879.400,0.316650,0.502441,-0.782471,1.847,-3.206,-0.275,33.18
2026-02-12 18:26:27.635,879.500,0.316406,0.505615,-0.782471,1.748,-2.802,0.160,32.83
2026-02-12 18:26:27.735,879.600,0.312988,0.507568,-0.784912,1.664,-2.824,0.290,32.93
2026-02-12 18:26:27.835,879.700,0.318359,0.505859,-0.785889,2.031,-2.893,0.458,32.74
2026-02-12 18:26:27.935,879.800,0.318359,0.506836,-0.778809,1.664,-2.840,0.344,32.98
2026-02-12 18:26:28.035,879.900,0.315674,0.504883,-0.786133,1.603,-2.878,0.198,32.83
2026-02-12 18:26:28.135,880.000,0.318848,0.504395,-0.786133,1.695,-3.000,0.191,32.78
2026-02-12 18:26:28.235,880.100,0.315674,0.503418,-0.780518,1.618,-3.008,0.305,32.83
2026-02-12 18:26:28.335,880.200,0.315186,0.501465,-0.782471,1.496,-2.939,0.374,33.18
2026-02-12 18:26:28.435,880.300,0.317627,0.508057,-0.786865,1.740,-2.847,0.351,33.08
2026-02-12 18:26:28.535,880.400,0.317871,0.510010,-0.781494,1.985,-2.969,0.107,32.93
2026-02-12 18:26:28.635,880.500,0.315674,0.508057,-0.780762,1.809,-3.069,0.344,32.83
2026-02-12 18:26:28.735,880.600,0.314209,0.510254,-0.785889,1.450,-2.931,0.458,32.78
2026-02-12 18:26:28.835,880.700,0.319580,0.508301,-0.782227,1.679,-2.855,0.542,32.74
2026-02-12 18:26:28.935,880.800,0.313965,0.508301,-0.781738,1.641,-2.664,0.290,32.83
2026-02-12 18:26:29.035,880.900,0.316406,0.506836,-0.785400,1.832,-2.985,0.366,32.98
2026-02-12 18:26:29.135,881.000,0.313477,0.506104,-0.780762,1.916,-2.924,0.206,32.98
2026-02-12 18:26:29.235,881.100,0.318115,0.504395,-0.787598,1.595,-2.733,0.504,32.83
2026-02-12 18:26:29.335,881.200,0.315918,0.503662,-0.777588,1.725,-2.809,0.282,32.78
2026-02-12 18:26:29.435,881.300,0.315674,0.501709,-0.784912,1.740,-2.855,0.061,32.98
2026-02-12 18:26:29.535,881.400,0.316406,0.504395,-0.784668,1.702,-2.947,0.359,32.83
2026-02-12 18:26:29.635,881.500,0.319336,0.503174,-0.787109,1.901,-2.824,0.336,32.78
2026-02-12 18:26:29.735,881.600,0.317139,0.505615,-0.783203,1.733,-2.809,0.389,32.93
2026-02-12 18:26:29.835,881.700,0.317871,0.505859,-0.785889,1.809,-2.885,0.229,33.08
2026-02-12 18:26:29.935,881.800,0.317139,0.501465,-0.783691,1.618,-3.115,0.405,32.74
2026-02-12 18:26:30.035,881.900,0.317627,0.505371,-0.788086,1.527,-2.954,0.275,32.78
2026-02-12 18:26:30.135,882.000,0.311768,0.507080,-0.791748,1.740,-2.901,0.389,32.78
2026-02-12 18:26:30.235,882.100,0.313965,0.501709,-0.786377,1.588,-3.031,0.168,33.08
2026-02-12 18:26:30.335,882.200,0.316162,0.505127,-0.778076,1.626,-2.969,0.153,32.83
2026-02-12 18:26:30.435,882.300,0.315918,0.506104,-0.785400,1.710,-2.893,0.473,32.59
2026-02-12 18:26:30.535,882.400,0.316895,0.505371,-0.784912,1.550,-2.710,0.282,32.78
2026-02-12 18:26:30.635,882.500,0.316162,0.502441,-0.784668,1.885,-3.069,0.237,32.83
2026-02-12 18:26:30.735,882.600,0.318359,0.503418,-0.787842,1.656,-2.931,0.374,33.13
2026-02-12 18:26:30.835,882.700,0.317383,0.503174,-0.789062,1.748,-2.901,0.023,32.78
2026-02-12 18:26:30.935,882.800,0.317871,0.506104,-0.784668,1.809,-2.809,0.443,33.08
2026-02-12 18:26:31.035,882.900,0.315674,0.503174,-0.779541,1.702,-2.832,0.336,32.78
2026-02-12 18:26:31.135,883.000,0.315430,0.507080,-0.786865,1.687,-2.977,0.397,33.13
2026-02-12 18:26:31.235,883.100,0.314697,0.506592,-0.780518,1.840,-3.183,0.336,32.93
2026-02-12 18:26:31.335,883.200,0.320557,0.506348,-0.782227,1.748,-2.832,0.229,32.59
2026-02-12 18:26:31.435,883.300,0.315430,0.503418,-0.781006,1.740,-2.901,0.244,32.98
2026-02-12 18:26:31.535,883.400,0.316650,0.507568,-0.780273,1.542,-2.794,0.130,32.83
2026-02-12 18:26:31.635,883.500,0.314941,0.505615,-0.778076,1.527,-3.023,0.389,32.64
2026-02-12 18:26:31.735,883.600,0.314453,0.501465,-0.788330,1.580,-3.038,-0.168,32.78
2026-02-12 18:26:31.835,883.700,0.316895,0.503174,-0.776855,1.649,-2.809,0.252,32.93
2026-02-12 18:26:31.935,883.800,0.313721,0.504883,-0.779541,1.863,-2.832,0.321,33.08
2026-02-12 18:26:32.035,883.900,0.317383,0.506592,-0.781738,1.740,-2.969,0.290,32.54
2026-02-12 18:26:32.135,884.000,0.313965,0.503174,-0.787842,1.550,-2.855,0.092,32.98
2026-02-12 18:26:32.235,884.100,0.315674,0.506836,-0.785645,2.000,-2.840,0.519,32.93
2026-02-12 18:26:32.335,884.200,0.315674,0.503418,-0.783447,1.786,-2.885,0.489,32.83
2026-02-12 18:26:32.435,884.300,0.317139,0.504883,-0.780029,1.710,-2.771,-0.008,33.08
2026-02-12 18:26:32.535,884.400,0.314941,0.506104,-0.786865,1.565,-2.870,0.267,32.83
2026-02-12 18:26:32.635,884.500,0.317383,0.501709,-0.773193,1.718,-2.695,0.153,32.64
2026-02-12 18:26:32.735,884.600,0.318115,0.505859,-0.785645,1.809,-3.275,0.000,33.08
2026-02-12 18:26:32.835,884.700,0.312500,0.500000,-0.780762,1.481,-3.031,0.237,32.83
2026-02-12 18:26:32.935,884.800,0.316162,0.505859,-0.785400,1.542,-2.977,0.336,32.98
2026-02-12 18:26:33.035,884.900,0.318604,0.505371,-0.787842,1.969,-3.191,0.206,32.64
2026-02-12 18:26:33.135,885.000,0.316406,0.504395,-0.778564,1.550,-3.053,0.321,32.74
2026-02-12 18:26:33.235,885.100,0.316406,0.503662,-0.779541,1.664,-3.084,0.321,33.13
2026-02-12 18:26:33.335,885.200,0.314697,0.505371,-0.787598,1.763,-2.908,0.168,33.08
2026-02-12 18:26:33.435,885.300,0.318604,0.504639,-0.778076,1.740,-3.061,0.565,32.78
2026-02-12 18:26:33.535,885.400,0.317627,0.506348,-0.787354,1.611,-2.817,0.252,32.98
2026-02-12 18:26:33.635,885.500,0.319824,0.506836,-0.783691,1.649,-2.542,0.305,32.98
2026-02-12 18:26:33.735,885.600,0.313477,0.500488,-0.786377,1.863,-3.168,0.252,32.78
2026-02-12 18:26:33.835,885.700,0.318115,0.501465,-0.784912,1.771,-2.962,0.481,32.83
2026-02-12 18:26:33.935,885.800,0.318359,0.503418,-0.784424,1.725,-3.107,0.206,32.98
2026-02-12 18:26:34.035,885.900,0.316895,0.504639,-0.779541,1.710,-3.168,-0.015,32.74
2026-02-12 18:26:34.135,886.000,0.314697,0.502686,-0.778809,1.603,-2.893,0.168,33.13
2026-02-12 18:26:34.235,886.100,0.316650,0.508057,-0.784912,1.679,-3.008,0.137,32.78
2026-02-12 18:26:34.335,886.200,0.316406,0.500488,-0.782227,1.702,-2.885,0.221,32.83
2026-02-12 18:26:34.435,886.300,0.317871,0.507568,-0.782715,1.695,-2.863,0.405,33.13
2026-02-12 18:26:34.535,886.400,0.318115,0.506104,-0.790283,1.809,-2.855,0.229,32.98
2026-02-12 18:26:34.635,886.500,0.314941,0.502686,-0.783936,1.672,-2.672,0.489,32.64
2026-02-12 18:26:34.735,886.600,0.315674,0.504150,-0.786865,1.908,-2.962,0.252,32.78
2026-02-12 18:26:34.835,886.700,0.317383,0.505371,-0.785156,1.733,-2.924,0.534,32.78
2026-02-12 18:26:34.935,886.800,0.319092,0.505859,-0.787354,1.679,-3.092,0.267,32.83
2026-02-12 18:26:35.035,886.900,0.316650,0.506104,-0.784912,1.672,-2.847,0.420,32.74
2026-02-12 18:26:35.135,887.000,0.316406,0.504639,-0.777344,1.695,-2.954,0.359,32.78
2026-02-12 18:26:35.235,887.100,0.315674,0.508789,-0.780762,1.718,-3.008,0.313,32.83
2026-02-12 18:26:35.335,887.200,0.319580,0.504150,-0.787842,1.870,-3.015,0.450,32.64
2026-02-12 18:26:35.435,887.300,0.313232,0.504883,-0.783936,1.687,-2.664,0.313,32.78
2026-02-12 18:26:35.535,887.400,0.317871,0.506592,-0.780762,1.573,-2.748,0.115,32.83
2026-02-12 18:26:35.635,887.500,0.316895,0.500732,-0.783691,1.603,-2.916,0.031,32.93
2026-02-12 18:26:35.735,887.600,0.314941,0.504150,-0.785156,1.550,-3.008,0.298,32.93
2026-02-12 18:26:35.835,887.700,0.319336,0.502930,-0.777100,1.511,-2.939,0.053,32.93
2026-02-12 18:26:35.935,887.800,0.316406,0.503174,-0.790283,1.588,-2.969,0.382,32.83
2026-02-12 18:26:36.035,887.900,0.313721,0.507324,-0.785889,1.420,-2.878,0.168,32.98
2026-02-12 18:26:36.135,888.000,0.320557,0.504150,-0.777344,1.649,-3.023,0.397,32.83
2026-02-12 18:26:36.235,888.100,0.313721,0.503418,-0.787354,1.656,-2.885,0.237,32.83
2026-02-12 18:26:36.335,888.200,0.315674,0.509277,-0.780029,1.672,-2.542,0.496,32.83
2026-02-12 18:26:36.435,888.300,0.317871,0.505859,-0.785645,1.702,-2.595,0.260,32.98
2026-02-12 18:26:36.535,888.400,0.314209,0.505859,-0.786377,1.718,-2.969,-0.008,32.74
2026-02-12 18:26:36.635,888.500,0.315918,0.506592,-0.775879,1.863,-2.870,0.168,32.59
2026-02-12 18:26:36.735,888.600,0.315186,0.506104,-0.779785,1.756,-2.901,0.282,32.83
2026-02-12 18:26:36.835,888.700,0.318115,0.503906,-0.781738,1.611,-2.794,0.237,32.59
2026-02-12 18:26:36.935,888.800,0.316650,0.504395,-0.782959,1.855,-3.015,-0.031,32.93
2026-02-12 18:26:37.035,888.900,0.317627,0.503418,-0.784180,1.565,-2.939,0.405,32.78
2026-02-12 18:26:37.135,889.000,0.316895,0.508301,-0.780029,1.656,-2.855,0.130,32.78
2026-02-12 18:26:37.235,889.100,0.313721,0.505615,-0.783936,1.809,-2.924,0.267,32.59
2026-02-12 18:26:37.335,889.200,0.317383,0.508789,-0.778076,1.641,-2.863,0.168,32.83
2026-02-12 18:26:37.435,889.300,0.314453,0.505127,-0.787354,1.725,-2.901,0.328,32.74
2026-02-12 18:26:37.535,889.400,0.316650,0.506348,-0.785645,1.718,-2.908,0.260,32.74
2026-02-12 18:26:37.635,889.500,0.314941,0.506348,-0.779297,1.557,-3.092,0.244,32.98
2026-02-12 18:26:37.735,889.600,0.314697,0.506348,-0.780762,1.435,-2.794,-0.107,32.64
2026-02-12 18:26:37.835,889.700,0.316895,0.503662,-0.786621,1.603,-3.023,0.374,32.44
2026-02-12 18:26:37.935,889.800,0.317871,0.506592,-0.786133,1.840,-2.840,0.237,32.93
2026-02-12 18:26:38.035,889.900,0.315674,0.505859,-0.781738,1.977,-3.069,0.496,32.78
2026-02-12 18:26:38.135,890.000,0.313721,0.503906,-0.782715,1.794,-2.947,0.122,32.64
2026-02-12 18:26:38.235,890.100,0.317871,0.506836,-0.783691,1.550,-2.840,0.145,32.74
2026-02-12 18:26:38.335,890.200,0.317139,0.505615,-0.781006,1.634,-2.824,0.374,32.78
2026-02-12 18:26:38.435,890.300,0.318115,0.502930,-0.781982,1.924,-2.977,0.206,32.93
2026-02-12 18:26:38.535,890.400,0.316895,0.505371,-0.777588,1.756,-3.069,0.122,32.98
2026-02-12 18:26:38.635,890.500,0.314697,0.505371,-0.785889,1.786,-3.099,0.420,32.74
2026-02-12 18:26:38.735,890.600,0.316650,0.505127,-0.780518,1.672,-2.763,0.420,32.93
2026-02-12 18:26:38.835,890.700,0.320801,0.507568,-0.784668,1.947,-2.939,0.214,32.74
2026-02-12 18:26:38.935,890.800,0.318359,0.504150,-0.791748,1.542,-2.771,0.122,33.08
2026-02-12 18:26:39.035,890.900,0.315918,0.505859,-0.784912,1.794,-2.939,0.397,32.83
2026-02-12 18:26:39.135,891.000,0.320557,0.509766,-0.781006,1.634,-2.786,0.031,33.08
2026-02-12 18:26:39.235,891.100,0.315430,0.502930,-0.781738,1.725,-2.534,0.412,32.83
2026-02-12 18:26:39.335,891.200,0.316406,0.504639,-0.781006,1.885,-2.992,-0.084,32.59
2026-02-12 18:26:39.435,891.300,0.314697,0.506348,-0.786621,1.748,-3.122,0.374,32.83
2026-02-12 18:26:39.535,891.400,0.318604,0.506836,-0.789062,1.565,-2.809,0.313,32.64
2026-02-12 18:26:39.635,891.500,0.317139,0.502930,-0.785156,1.725,-3.015,0.107,32.74
2026-02-12 18:26:39.735,891.600,0.314209,0.504395,-0.784668,2.145,-2.947,0.221,32.83
2026-02-12 18:26:39.835,891.700,0.313965,0.505127,-0.779541,1.710,-2.939,0.397,32.74
2026-02-12 18:26:39.935,891.800,0.316162,0.501953,-0.783447,1.519,-2.710,0.145,32.78
2026-02-12 18:26:40.035,891.900,0.315918,0.504639,-0.784180,1.618,-2.901,0.191,33.08
2026-02-12 18:26:40.135,892.000,0.317383,0.507324,-0.783447,1.763,-2.748,0.267,32.83
2026-02-12 18:26:40.235,892.100,0.317383,0.504395,-0.778320,1.901,-2.870,0.229,32.74
2026-02-12 18:26:40.335,892.200,0.311035,0.503906,-0.781738,1.634,-2.763,-0.130,32.93
2026-02-12 18:26:40.435,892.300,0.312500,0.503906,-0.787598,1.603,-2.878,0.183,32.39
2026-02-12 18:26:40.535,892.400,0.312256,0.506592,-0.786621,1.718,-2.840,0.313,32.64
2026-02-12 18:26:40.635,892.500,0.316650,0.501709,-0.784424,1.695,-2.893,0.260,32.78
2026-02-12 18:26:40.735,892.600,0.315186,0.507080,-0.779297,1.748,-2.756,0.145,32.74
2026-02-12 18:26:40.835,892.700,0.310059,0.506836,-0.775879,1.580,-2.870,0.183,32.93
2026-02-12 18:26:40.935,892.800,0.319092,0.504639,-0.784424,1.565,-2.840,0.397,32.64
2026-02-12 18:26:41.035,892.900,0.313721,0.507568,-0.785889,1.573,-2.817,0.382,32.59
2026-02-12 18:26:41.135,893.000,0.316406,0.506348,-0.786621,1.954,-2.985,0.489,32.64
2026-02-12 18:26:41.235,893.100,0.316162,0.506592,-0.782959,1.489,-3.183,0.214,32.59
2026-02-12 18:26:41.335,893.200,0.315674,0.502930,-0.782715,1.817,-2.885,0.313,32.59
2026-02-12 18:26:41.435,893.300,0.315674,0.503662,-0.784424,1.641,-2.809,0.389,32.98
2026-02-12 18:26:41.535,893.400,0.314453,0.503662,-0.784180,1.573,-2.931,0.298,32.83
2026-02-12 18:26:41.635,893.500,0.314941,0.503906,-0.788574,1.763,-3.084,0.374,32.59
2026-02-12 18:26:41.735,893.600,0.314697,0.500244,-0.788086,1.443,-3.115,0.237,32.64
2026-02-12 18:26:41.835,893.700,0.320068,0.507324,-0.784424,1.710,-2.641,0.084,32.83
2026-02-12 18:26:41.935,893.800,0.318359,0.502930,-0.783936,1.733,-3.031,0.397,32.74
2026-02-12 18:26:42.035,893.900,0.317627,0.509277,-0.787354,1.863,-2.786,0.107,32.83
2026-02-12 18:26:42.135,894.000,0.316162,0.503174,-0.783203,2.061,-2.847,0.244,32.64
2026-02-12 18:26:42.235,894.100,0.319092,0.501709,-0.786377,1.740,-2.664,0.160,32.54
2026-02-12 18:26:42.335,894.200,0.322021,0.501465,-0.787842,1.939,-2.885,0.412,32.74
2026-02-12 18:26:42.435,894.300,0.316162,0.505127,-0.783447,1.855,-2.924,0.282,32.78
2026-02-12 18:26:42.535,894.400,0.318359,0.503906,-0.784424,1.954,-2.878,0.580,32.74
2026-02-12 18:26:42.635,894.500,0.315918,0.502197,-0.785889,1.847,-2.954,0.305,32.83
2026-02-12 18:26:42.735,894.600,0.315186,0.503906,-0.782471,1.656,-2.748,0.290,32.74
2026-02-12 18:26:42.835,894.700,0.315674,0.509766,-0.783936,1.695,-3.023,0.298,32.54
2026-02-12 18:26:42.935,894.800,0.315918,0.504150,-0.785156,1.695,-3.008,0.298,32.74
2026-02-12 18:26:43.035,894.900,0.317871,0.507080,-0.783203,1.794,-2.863,0.031,32.74
2026-02-12 18:26:43.135,895.000,0.314697,0.504395,-0.785156,1.786,-2.878,0.450,32.74
2026-02-12 18:26:43.235,895.100,0.320312,0.500977,-0.783447,1.656,-2.580,0.191,32.64
2026-02-12 18:26:43.335,895.200,0.315674,0.505371,-0.783936,1.649,-2.779,0.397,32.98
2026-02-12 18:26:43.435,895.300,0.315674,0.505127,-0.783691,1.626,-2.824,0.397,32.74
2026-02-12 18:26:43.535,895.400,0.318359,0.502686,-0.782471,1.763,-2.901,0.374,32.93
2026-02-12 18:26:43.635,895.500,0.316162,0.502930,-0.781982,1.649,-2.817,0.107,32.78
2026-02-12 18:26:43.735,895.600,0.317383,0.502686,-0.785889,1.588,-2.939,0.137,32.74
2026-02-12 18:26:43.835,895.700,0.320068,0.502197,-0.786377,1.779,-2.885,0.344,32.74
2026-02-12 18:26:43.935,895.800,0.314209,0.509766,-0.779541,1.794,-2.855,0.374,32.59
2026-02-12 18:26:44.035,895.900,0.317383,0.505859,-0.776855,1.802,-2.908,0.466,32.39
2026-02-12 18:26:44.135,896.000,0.316895,0.502686,-0.784668,1.885,-2.580,0.344,32.83
2026-02-12 18:26:44.235,896.100,0.315918,0.505127,-0.785400,1.588,-2.748,0.115,32.83
2026-02-12 18:26:44.335,896.200,0.315918,0.498535,-0.781006,1.832,-2.969,0.298,32.78
2026-02-12 18:26:44.435,896.300,0.316406,0.507568,-0.779297,1.595,-2.794,0.237,32.64
2026-02-12 18:26:44.535,896.400,0.317139,0.510742,-0.772217,1.870,-3.038,0.023,32.64
2026-02-12 18:26:44.635,896.500,0.316650,0.503906,-0.783203,1.626,-3.084,0.435,32.78
2026-02-12 18:26:44.735,896.600,0.318115,0.505371,-0.782715,1.916,-2.580,0.427,32.74
2026-02-12 18:26:44.835,896.700,0.318604,0.505615,-0.787109,1.557,-2.817,0.466,32.54
2026-02-12 18:26:44.935,896.800,0.316895,0.503906,-0.785889,1.802,-2.672,0.305,32.83
2026-02-12 18:26:45.035,896.900,0.317627,0.502930,-0.784912,1.519,-2.557,0.214,32.54
2026-02-12 18:26:45.135,897.000,0.317871,0.505127,-0.782959,1.580,-2.992,0.229,32.78
2026-02-12 18:26:45.235,897.100,0.317871,0.504639,-0.782227,1.924,-2.847,0.389,32.59
2026-02-12 18:26:45.335,897.200,0.318115,0.504883,-0.779541,1.840,-2.969,0.008,32.39
2026-02-12 18:26:45.435,897.300,0.316162,0.506104,-0.788574,1.847,-2.939,0.366,32.78
2026-02-12 18:26:45.535,897.400,0.314941,0.505127,-0.784668,1.809,-2.763,0.244,32.78
2026-02-12 18:26:45.635,897.500,0.318604,0.504639,-0.782715,1.855,-2.756,0.282,32.93
2026-02-12 18:26:45.735,897.600,0.315674,0.504883,-0.782227,1.649,-2.947,0.267,32.54
2026-02-12 18:26:45.835,897.700,0.317627,0.506104,-0.785645,1.458,-2.855,0.466,32.39
2026-02-12 18:26:45.935,897.800,0.314941,0.501709,-0.786621,1.695,-2.687,0.336,32.78
2026-02-12 18:26:46.035,897.900,0.314941,0.505615,-0.783936,1.794,-3.053,0.229,32.59
2026-02-12 18:26:46.135,898.000,0.317139,0.508301,-0.780518,1.542,-3.008,0.298,32.64
2026-02-12 18:26:46.235,898.100,0.317139,0.502441,-0.783936,1.977,-3.267,0.305,32.74
2026-02-12 18:26:46.335,898.200,0.316162,0.506348,-0.782471,2.000,-2.870,0.260,32.64
2026-02-12 18:26:46.435,898.300,0.318848,0.504639,-0.779541,1.710,-2.916,0.298,32.78
2026-02-12 18:26:46.535,898.400,0.316162,0.509766,-0.783936,1.870,-2.710,0.351,32.74
2026-02-12 18:26:46.635,898.500,0.318359,0.501953,-0.785156,1.557,-2.847,0.359,32.78
2026-02-12 18:26:46.735,898.600,0.318359,0.505615,-0.777588,1.687,-3.023,0.336,32.64
2026-02-12 18:26:46.835,898.700,0.315674,0.503418,-0.783447,1.634,-2.901,0.252,32.83
2026-02-12 18:26:46.935,898.800,0.317383,0.507812,-0.782715,1.595,-2.794,0.397,32.64
2026-02-12 18:26:47.035,898.900,0.315674,0.504639,-0.782227,1.603,-3.084,0.489,32.64
2026-02-12 18:26:47.135,899.000,0.317627,0.504639,-0.784180,1.679,-2.954,0.137,32.74
2026-02-12 18:26:47.235,899.100,0.313232,0.506592,-0.786133,1.863,-3.023,0.427,32.59
2026-02-12 18:26:47.335,899.200,0.319336,0.501953,-0.784668,1.878,-2.519,0.244,32.83
2026-02-12 18:26:47.435,899.300,0.318115,0.502197,-0.786621,1.718,-2.870,0.374,32.29
2026-02-12 18:26:47.535,899.400,0.312988,0.506348,-0.780273,1.695,-2.748,0.489,32.64
2026-02-12 18:26:47.635,899.500,0.315918,0.503418,-0.784424,1.420,-3.008,0.206,32.29
2026-02-12 18:26:47.735,899.600,0.313477,0.502197,-0.784180,1.740,-2.710,0.076,32.93
2026-02-12 18:26:47.835,899.700,0.313232,0.504150,-0.787354,1.710,-2.893,0.366,32.74
2026-02-12 18:26:47.935,899.800,0.313477,0.503662,-0.783447,2.076,-2.916,0.435,32.83
2026-02-12 18:26:48.035,899.900,0.317139,0.505127,-0.790039,1.542,-2.832,-0.069,32.93
